
======================================================================
Timestamp: 2026-09-01T04:21:33.966425+00:00
Method: POST
Path: /v2/profiles/sessions
Query: 
Headers:
  user-agent: UbiServices_SDK_HTTP_Client_2.1.5.123179_WIIU
  host: api-ubiservices.ubi.com
  accept: */*
  authorization: wiiu t=VjrvUQAFAAAQF5EAAAABoFsyjecAAAGgYFjp5wUDI1eKYSKM1/npDLmFivT4UAlMByGhRywil0r4Ac9O
  content-type: application/json
  ubi-appbuildid: JD2015WIIU_E163180
  ubi-appid: 3133a1ba-bf7b-443b-9e8a-f1d5f3b2ac7b
  content-length: 111
Body:
{"genomeId":"3133a1ba-bf7b-443b-9e8a-f1d5f3b2ac7b","nameOnPlatform":"DragonKing17","idOnPlatform":"1446702929"}

======================================================================
Timestamp: 2026-09-01T04:21:34.904636+00:00
Method: POST
Path: /v2/profiles/sessions
Query: 
Headers:
  user-agent: UbiServices_SDK_HTTP_Client_2.1.5.123179_WIIU
  host: api-ubiservices.ubi.com
  accept: */*
  authorization: wiiu t=VjrvUQAFAAAQF5EAAAABoFsyjecAAAGgYFjp5wUDI1eKYSKM1/npDLmFivT4UAlMByGhRywil0r4Ac9O
  content-type: application/json
  ubi-appbuildid: JD2015WIIU_E163180
  ubi-appid: 3133a1ba-bf7b-443b-9e8a-f1d5f3b2ac7b
  content-length: 111
Body:
{"genomeId":"3133a1ba-bf7b-443b-9e8a-f1d5f3b2ac7b","nameOnPlatform":"DragonKing17","idOnPlatform":"1446702929"}

======================================================================
Timestamp: 2026-09-01T04:21:35.638121+00:00
Method: POST
Path: /v2/profiles/sessions
Query: 
Headers:
  user-agent: UbiServices_SDK_HTTP_Client_2.1.5.123179_WIIU
  host: api-ubiservices.ubi.com
  accept: */*
  authorization: wiiu t=VjrvUQAFAAAQF5EAAAABoFsyjecAAAGgYFjp5wUDI1eKYSKM1/npDLmFivT4UAlMByGhRywil0r4Ac9O
  content-type: application/json
  ubi-appbuildid: JD2015WIIU_E163180
  ubi-appid: 3133a1ba-bf7b-443b-9e8a-f1d5f3b2ac7b
  content-length: 111
Body:
{"genomeId":"3133a1ba-bf7b-443b-9e8a-f1d5f3b2ac7b","nameOnPlatform":"DragonKing17","idOnPlatform":"1446702929"}

======================================================================
Timestamp: 2026-09-01T04:21:36.441770+00:00
Method: POST
Path: /v2/profiles/sessions
Query: 
Headers:
  user-agent: UbiServices_SDK_HTTP_Client_2.1.5.123179_WIIU
  host: api-ubiservices.ubi.com
  accept: */*
  authorization: wiiu t=VjrvUQAFAAAQF5EAAAABoFsyjecAAAGgYFjp5wUDI1eKYSKM1/npDLmFivT4UAlMByGhRywil0r4Ac9O
  content-type: application/json
  ubi-appbuildid: JD2015WIIU_E163180
  ubi-appid: 3133a1ba-bf7b-443b-9e8a-f1d5f3b2ac7b
  content-length: 111
Body:
{"genomeId":"3133a1ba-bf7b-443b-9e8a-f1d5f3b2ac7b","nameOnPlatform":"DragonKing17","idOnPlatform":"1446702929"}

======================================================================
Timestamp: 2026-09-01T04:21:45.822072+00:00
Method: POST
Path: /v2/profiles/sessions
Query: 
Headers:
  user-agent: UbiServices_SDK_HTTP_Client_2.1.5.123179_WIIU
  host: api-ubiservices.ubi.com
  accept: */*
  authorization: wiiu t=VjrvUQAFAAAQF5EAAAABoFsyjecAAAGgYFjp5wUDI1eKYSKM1/npDLmFivT4UAlMByGhRywil0r4Ac9O
  content-type: application/json
  ubi-appbuildid: JD2015WIIU_E163180
  ubi-appid: 3133a1ba-bf7b-443b-9e8a-f1d5f3b2ac7b
  content-length: 111
Body:
{"genomeId":"3133a1ba-bf7b-443b-9e8a-f1d5f3b2ac7b","nameOnPlatform":"DragonKing17","idOnPlatform":"1446702929"}

======================================================================
Timestamp: 2026-09-01T04:21:52.457362+00:00
Method: POST
Path: /v2/profiles/sessions
Query: 
Headers:
  user-agent: UbiServices_SDK_HTTP_Client_2.1.5.123179_WIIU
  host: api-ubiservices.ubi.com
  accept: */*
  authorization: wiiu t=VjrvUQAFAAAQF5EAAAABoFsyjecAAAGgYFjp5wUDI1eKYSKM1/npDLmFivT4UAlMByGhRywil0r4Ac9O
  content-type: application/json
  ubi-appbuildid: JD2015WIIU_E163180
  ubi-appid: 3133a1ba-bf7b-443b-9e8a-f1d5f3b2ac7b
  content-length: 111
Body:
{"genomeId":"3133a1ba-bf7b-443b-9e8a-f1d5f3b2ac7b","nameOnPlatform":"DragonKing17","idOnPlatform":"1446702929"}

======================================================================
Timestamp: 2026-09-01T04:26:58.272135+00:00
Method: POST
Path: /v2/profiles/sessions
Query: 
Headers:
  user-agent: UbiServices_SDK_HTTP_Client_2.1.5.123179_WIIU
  host: api-ubiservices.ubi.com
  accept: */*
  authorization: wiiu t=VjrvUQAFAAAQF5EAAAABoFsyjecAAAGgYFjp5wUDI1eKYSKM1/npDLmFivT4UAlMByGhRywil0r4Ac9O
  content-type: application/json
  ubi-appbuildid: JD2015WIIU_E163180
  ubi-appid: 3133a1ba-bf7b-443b-9e8a-f1d5f3b2ac7b
  content-length: 111
Body:
{"genomeId":"3133a1ba-bf7b-443b-9e8a-f1d5f3b2ac7b","nameOnPlatform":"DragonKing17","idOnPlatform":"1446702929"}

======================================================================
Timestamp: 2026-09-01T04:27:04.243657+00:00
Method: POST
Path: /v2/profiles/sessions
Query: 
Headers:
  user-agent: UbiServices_SDK_HTTP_Client_2.1.5.123179_WIIU
  host: api-ubiservices.ubi.com
  accept: */*
  authorization: wiiu t=VjrvUQAFAAAQF5EAAAABoFsyjecAAAGgYFjp5wUDI1eKYSKM1/npDLmFivT4UAlMByGhRywil0r4Ac9O
  content-type: application/json
  ubi-appbuildid: JD2015WIIU_E163180
  ubi-appid: 3133a1ba-bf7b-443b-9e8a-f1d5f3b2ac7b
  content-length: 111
Body:
{"genomeId":"3133a1ba-bf7b-443b-9e8a-f1d5f3b2ac7b","nameOnPlatform":"DragonKing17","idOnPlatform":"1446702929"}

======================================================================
Timestamp: 2026-09-01T04:27:11.027520+00:00
Method: POST
Path: /v2/profiles/sessions
Query: 
Headers:
  user-agent: UbiServices_SDK_HTTP_Client_2.1.5.123179_WIIU
  host: api-ubiservices.ubi.com
  accept: */*
  authorization: wiiu t=VjrvUQAFAAAQF5EAAAABoFsyjecAAAGgYFjp5wUDI1eKYSKM1/npDLmFivT4UAlMByGhRywil0r4Ac9O
  content-type: application/json
  ubi-appbuildid: JD2015WIIU_E163180
  ubi-appid: 3133a1ba-bf7b-443b-9e8a-f1d5f3b2ac7b
  content-length: 111
Body:
{"genomeId":"3133a1ba-bf7b-443b-9e8a-f1d5f3b2ac7b","nameOnPlatform":"DragonKing17","idOnPlatform":"1446702929"}

======================================================================
Timestamp: 2026-09-01T04:27:11.698508+00:00
Method: POST
Path: /v2/profiles/sessions
Query: 
Headers:
  user-agent: UbiServices_SDK_HTTP_Client_2.1.5.123179_WIIU
  host: api-ubiservices.ubi.com
  accept: */*
  authorization: wiiu t=VjrvUQAFAAAQF5EAAAABoFsyjecAAAGgYFjp5wUDI1eKYSKM1/npDLmFivT4UAlMByGhRywil0r4Ac9O
  content-type: application/json
  ubi-appbuildid: JD2015WIIU_E163180
  ubi-appid: 3133a1ba-bf7b-443b-9e8a-f1d5f3b2ac7b
  content-length: 111
Body:
{"genomeId":"3133a1ba-bf7b-443b-9e8a-f1d5f3b2ac7b","nameOnPlatform":"DragonKing17","idOnPlatform":"1446702929"}

======================================================================
Timestamp: 2026-09-01T04:27:16.716491+00:00
Method: POST
Path: /v2/profiles/sessions
Query: 
Headers:
  user-agent: UbiServices_SDK_HTTP_Client_2.1.5.123179_WIIU
  host: api-ubiservices.ubi.com
  accept: */*
  authorization: wiiu t=VjrvUQAFAAAQF5EAAAABoFsyjecAAAGgYFjp5wUDI1eKYSKM1/npDLmFivT4UAlMByGhRywil0r4Ac9O
  content-type: application/json
  ubi-appbuildid: JD2015WIIU_E163180
  ubi-appid: 3133a1ba-bf7b-443b-9e8a-f1d5f3b2ac7b
  content-length: 111
Body:
{"genomeId":"3133a1ba-bf7b-443b-9e8a-f1d5f3b2ac7b","nameOnPlatform":"DragonKing17","idOnPlatform":"1446702929"}

======================================================================
Timestamp: 2026-09-01T04:27:17.298205+00:00
Method: POST
Path: /v2/profiles/sessions
Query: 
Headers:
  user-agent: UbiServices_SDK_HTTP_Client_2.1.5.123179_WIIU
  host: api-ubiservices.ubi.com
  accept: */*
  authorization: wiiu t=VjrvUQAFAAAQF5EAAAABoFsyjecAAAGgYFjp5wUDI1eKYSKM1/npDLmFivT4UAlMByGhRywil0r4Ac9O
  content-type: application/json
  ubi-appbuildid: JD2015WIIU_E163180
  ubi-appid: 3133a1ba-bf7b-443b-9e8a-f1d5f3b2ac7b
  content-length: 111
Body:
{"genomeId":"3133a1ba-bf7b-443b-9e8a-f1d5f3b2ac7b","nameOnPlatform":"DragonKing17","idOnPlatform":"1446702929"}

======================================================================
Timestamp: 2026-09-01T04:27:17.779612+00:00
Method: POST
Path: /v2/profiles/sessions
Query: 
Headers:
  user-agent: UbiServices_SDK_HTTP_Client_2.1.5.123179_WIIU
  host: api-ubiservices.ubi.com
  accept: */*
  authorization: wiiu t=VjrvUQAFAAAQF5EAAAABoFsyjecAAAGgYFjp5wUDI1eKYSKM1/npDLmFivT4UAlMByGhRywil0r4Ac9O
  content-type: application/json
  ubi-appbuildid: JD2015WIIU_E163180
  ubi-appid: 3133a1ba-bf7b-443b-9e8a-f1d5f3b2ac7b
  content-length: 111
Body:
{"genomeId":"3133a1ba-bf7b-443b-9e8a-f1d5f3b2ac7b","nameOnPlatform":"DragonKing17","idOnPlatform":"1446702929"}

======================================================================
Timestamp: 2026-09-01T04:28:49.662531+00:00
Method: POST
Path: /v2/profiles/sessions
Query: 
Headers:
  user-agent: UbiServices_SDK_HTTP_Client_2.1.5.123179_WIIU
  host: api-ubiservices.ubi.com
  accept: */*
  authorization: wiiu t=VjrvUQAFAAAQF5EAAAABoFs5VLgAAAGgYF+wuLiv0t9iI2UOy6C6t6Fmq2lGJO52N/YpdLyc9Dn3R73n
  content-type: application/json
  ubi-appbuildid: JD2015WIIU_E163180
  ubi-appid: 3133a1ba-bf7b-443b-9e8a-f1d5f3b2ac7b
  content-length: 111
Body:
{"genomeId":"3133a1ba-bf7b-443b-9e8a-f1d5f3b2ac7b","nameOnPlatform":"DragonKing17","idOnPlatform":"1446702929"}

======================================================================
Timestamp: 2026-09-01T04:28:50.563293+00:00
Method: POST
Path: /v2/profiles/sessions
Query: 
Headers:
  user-agent: UbiServices_SDK_HTTP_Client_2.1.5.123179_WIIU
  host: api-ubiservices.ubi.com
  accept: */*
  authorization: wiiu t=VjrvUQAFAAAQF5EAAAABoFs5VLgAAAGgYF+wuLiv0t9iI2UOy6C6t6Fmq2lGJO52N/YpdLyc9Dn3R73n
  content-type: application/json
  ubi-appbuildid: JD2015WIIU_E163180
  ubi-appid: 3133a1ba-bf7b-443b-9e8a-f1d5f3b2ac7b
  content-length: 111
Body:
{"genomeId":"3133a1ba-bf7b-443b-9e8a-f1d5f3b2ac7b","nameOnPlatform":"DragonKing17","idOnPlatform":"1446702929"}

======================================================================
Timestamp: 2026-09-01T04:28:51.092844+00:00
Method: POST
Path: /v2/profiles/sessions
Query: 
Headers:
  user-agent: UbiServices_SDK_HTTP_Client_2.1.5.123179_WIIU
  host: api-ubiservices.ubi.com
  accept: */*
  authorization: wiiu t=VjrvUQAFAAAQF5EAAAABoFs5VLgAAAGgYF+wuLiv0t9iI2UOy6C6t6Fmq2lGJO52N/YpdLyc9Dn3R73n
  content-type: application/json
  ubi-appbuildid: JD2015WIIU_E163180
  ubi-appid: 3133a1ba-bf7b-443b-9e8a-f1d5f3b2ac7b
  content-length: 111
Body:
{"genomeId":"3133a1ba-bf7b-443b-9e8a-f1d5f3b2ac7b","nameOnPlatform":"DragonKing17","idOnPlatform":"1446702929"}

======================================================================
Timestamp: 2026-09-01T04:28:52.042657+00:00
Method: POST
Path: /v2/profiles/sessions
Query: 
Headers:
  user-agent: UbiServices_SDK_HTTP_Client_2.1.5.123179_WIIU
  host: api-ubiservices.ubi.com
  accept: */*
  authorization: wiiu t=VjrvUQAFAAAQF5EAAAABoFs5VLgAAAGgYF+wuLiv0t9iI2UOy6C6t6Fmq2lGJO52N/YpdLyc9Dn3R73n
  content-type: application/json
  ubi-appbuildid: JD2015WIIU_E163180
  ubi-appid: 3133a1ba-bf7b-443b-9e8a-f1d5f3b2ac7b
  content-length: 111
Body:
{"genomeId":"3133a1ba-bf7b-443b-9e8a-f1d5f3b2ac7b","nameOnPlatform":"DragonKing17","idOnPlatform":"1446702929"}

======================================================================
Timestamp: 2026-09-01T04:28:59.444981+00:00
Method: POST
Path: /v2/profiles/sessions
Query: 
Headers:
  user-agent: UbiServices_SDK_HTTP_Client_2.1.5.123179_WIIU
  host: api-ubiservices.ubi.com
  accept: */*
  authorization: wiiu t=VjrvUQAFAAAQF5EAAAABoFs5VLgAAAGgYF+wuLiv0t9iI2UOy6C6t6Fmq2lGJO52N/YpdLyc9Dn3R73n
  content-type: application/json
  ubi-appbuildid: JD2015WIIU_E163180
  ubi-appid: 3133a1ba-bf7b-443b-9e8a-f1d5f3b2ac7b
  content-length: 111
Body:
{"genomeId":"3133a1ba-bf7b-443b-9e8a-f1d5f3b2ac7b","nameOnPlatform":"DragonKing17","idOnPlatform":"1446702929"}

======================================================================
Timestamp: 2026-09-01T04:29:03.544359+00:00
Method: POST
Path: /v2/profiles/sessions
Query: 
Headers:
  user-agent: UbiServices_SDK_HTTP_Client_2.1.5.123179_WIIU
  host: api-ubiservices.ubi.com
  accept: */*
  authorization: wiiu t=VjrvUQAFAAAQF5EAAAABoFs5VLgAAAGgYF+wuLiv0t9iI2UOy6C6t6Fmq2lGJO52N/YpdLyc9Dn3R73n
  content-type: application/json
  ubi-appbuildid: JD2015WIIU_E163180
  ubi-appid: 3133a1ba-bf7b-443b-9e8a-f1d5f3b2ac7b
  content-length: 111
Body:
{"genomeId":"3133a1ba-bf7b-443b-9e8a-f1d5f3b2ac7b","nameOnPlatform":"DragonKing17","idOnPlatform":"1446702929"}

======================================================================
Timestamp: 2026-09-01T04:29:04.186711+00:00
Method: POST
Path: /v2/profiles/sessions
Query: 
Headers:
  user-agent: UbiServices_SDK_HTTP_Client_2.1.5.123179_WIIU
  host: api-ubiservices.ubi.com
  accept: */*
  authorization: wiiu t=VjrvUQAFAAAQF5EAAAABoFs5VLgAAAGgYF+wuLiv0t9iI2UOy6C6t6Fmq2lGJO52N/YpdLyc9Dn3R73n
  content-type: application/json
  ubi-appbuildid: JD2015WIIU_E163180
  ubi-appid: 3133a1ba-bf7b-443b-9e8a-f1d5f3b2ac7b
  content-length: 111
Body:
{"genomeId":"3133a1ba-bf7b-443b-9e8a-f1d5f3b2ac7b","nameOnPlatform":"DragonKing17","idOnPlatform":"1446702929"}

======================================================================
Timestamp: 2026-09-01T04:29:04.790448+00:00
Method: POST
Path: /v2/profiles/sessions
Query: 
Headers:
  user-agent: UbiServices_SDK_HTTP_Client_2.1.5.123179_WIIU
  host: api-ubiservices.ubi.com
  accept: */*
  authorization: wiiu t=VjrvUQAFAAAQF5EAAAABoFs5VLgAAAGgYF+wuLiv0t9iI2UOy6C6t6Fmq2lGJO52N/YpdLyc9Dn3R73n
  content-type: application/json
  ubi-appbuildid: JD2015WIIU_E163180
  ubi-appid: 3133a1ba-bf7b-443b-9e8a-f1d5f3b2ac7b
  content-length: 111
Body:
{"genomeId":"3133a1ba-bf7b-443b-9e8a-f1d5f3b2ac7b","nameOnPlatform":"DragonKing17","idOnPlatform":"1446702929"}

======================================================================
Timestamp: 2026-09-01T04:29:07.314613+00:00
Method: POST
Path: /v2/profiles/sessions
Query: 
Headers:
  user-agent: UbiServices_SDK_HTTP_Client_2.1.5.123179_WIIU
  host: api-ubiservices.ubi.com
  accept: */*
  authorization: wiiu t=VjrvUQAFAAAQF5EAAAABoFs5VLgAAAGgYF+wuLiv0t9iI2UOy6C6t6Fmq2lGJO52N/YpdLyc9Dn3R73n
  content-type: application/json
  ubi-appbuildid: JD2015WIIU_E163180
  ubi-appid: 3133a1ba-bf7b-443b-9e8a-f1d5f3b2ac7b
  content-length: 111
Body:
{"genomeId":"3133a1ba-bf7b-443b-9e8a-f1d5f3b2ac7b","nameOnPlatform":"DragonKing17","idOnPlatform":"1446702929"}

======================================================================
Timestamp: 2026-09-01T04:43:49.519859+00:00
Method: POST
Path: /v2/profiles/sessions
Query: 
Headers:
  host: 127.0.0.1
  user-agent: curl/8.7.1
  accept: */*
  content-type: application/json
  content-length: 111
Body:
{"genomeId":"3133a1ba-bf7b-443b-9e8a-f1d5f3b2ac7b","nameOnPlatform":"DragonKing17","idOnPlatform":"1446702929"}

======================================================================
Timestamp: 2026-09-01T04:46:02.447823+00:00
Method: POST
Path: /v2/profiles/sessions
Query: 
Headers:
  user-agent: UbiServices_SDK_HTTP_Client_2.1.5.123179_WIIU
  host: api-ubiservices.ubi.com
  accept: */*
  authorization: wiiu t=VjrvUQAFAAAQF5EAAAABoFtJQUgAAAGgYG+dSC9vmMe4Vu4EdTKoyE+hhsuk4qdCTLy0/tMPtG0q8QqJ
  content-type: application/json
  ubi-appbuildid: JD2015WIIU_E163180
  ubi-appid: 3133a1ba-bf7b-443b-9e8a-f1d5f3b2ac7b
  content-length: 111
Body:
{"genomeId":"3133a1ba-bf7b-443b-9e8a-f1d5f3b2ac7b","nameOnPlatform":"DragonKing17","idOnPlatform":"1446702929"}

======================================================================
Timestamp: 2026-09-01T04:46:03.289028+00:00
Method: POST
Path: /v2/profiles/sessions
Query: 
Headers:
  user-agent: UbiServices_SDK_HTTP_Client_2.1.5.123179_WIIU
  host: api-ubiservices.ubi.com
  accept: */*
  authorization: wiiu t=VjrvUQAFAAAQF5EAAAABoFtJQUgAAAGgYG+dSC9vmMe4Vu4EdTKoyE+hhsuk4qdCTLy0/tMPtG0q8QqJ
  content-type: application/json
  ubi-appbuildid: JD2015WIIU_E163180
  ubi-appid: 3133a1ba-bf7b-443b-9e8a-f1d5f3b2ac7b
  content-length: 111
Body:
{"genomeId":"3133a1ba-bf7b-443b-9e8a-f1d5f3b2ac7b","nameOnPlatform":"DragonKing17","idOnPlatform":"1446702929"}

======================================================================
Timestamp: 2026-09-01T04:46:03.917466+00:00
Method: POST
Path: /v2/profiles/sessions
Query: 
Headers:
  user-agent: UbiServices_SDK_HTTP_Client_2.1.5.123179_WIIU
  host: api-ubiservices.ubi.com
  accept: */*
  authorization: wiiu t=VjrvUQAFAAAQF5EAAAABoFtJQUgAAAGgYG+dSC9vmMe4Vu4EdTKoyE+hhsuk4qdCTLy0/tMPtG0q8QqJ
  content-type: application/json
  ubi-appbuildid: JD2015WIIU_E163180
  ubi-appid: 3133a1ba-bf7b-443b-9e8a-f1d5f3b2ac7b
  content-length: 111
Body:
{"genomeId":"3133a1ba-bf7b-443b-9e8a-f1d5f3b2ac7b","nameOnPlatform":"DragonKing17","idOnPlatform":"1446702929"}

======================================================================
Timestamp: 2026-09-01T04:46:04.486572+00:00
Method: POST
Path: /v2/profiles/sessions
Query: 
Headers:
  user-agent: UbiServices_SDK_HTTP_Client_2.1.5.123179_WIIU
  host: api-ubiservices.ubi.com
  accept: */*
  authorization: wiiu t=VjrvUQAFAAAQF5EAAAABoFtJQUgAAAGgYG+dSC9vmMe4Vu4EdTKoyE+hhsuk4qdCTLy0/tMPtG0q8QqJ
  content-type: application/json
  ubi-appbuildid: JD2015WIIU_E163180
  ubi-appid: 3133a1ba-bf7b-443b-9e8a-f1d5f3b2ac7b
  content-length: 111
Body:
{"genomeId":"3133a1ba-bf7b-443b-9e8a-f1d5f3b2ac7b","nameOnPlatform":"DragonKing17","idOnPlatform":"1446702929"}

======================================================================
Timestamp: 2026-09-01T04:46:23.444809+00:00
Method: POST
Path: /v2/profiles/sessions
Query: 
Headers:
  user-agent: UbiServices_SDK_HTTP_Client_2.1.5.123179_WIIU
  host: api-ubiservices.ubi.com
  accept: */*
  authorization: wiiu t=VjrvUQAFAAAQF5EAAAABoFtJQUgAAAGgYG+dSC9vmMe4Vu4EdTKoyE+hhsuk4qdCTLy0/tMPtG0q8QqJ
  content-type: application/json
  ubi-appbuildid: JD2015WIIU_E163180
  ubi-appid: 3133a1ba-bf7b-443b-9e8a-f1d5f3b2ac7b
  content-length: 111
Body:
{"genomeId":"3133a1ba-bf7b-443b-9e8a-f1d5f3b2ac7b","nameOnPlatform":"DragonKing17","idOnPlatform":"1446702929"}

======================================================================
Timestamp: 2026-09-01T04:52:52.069392+00:00
Method: POST
Path: /v2/profiles/sessions
Query: 
Headers:
  user-agent: UbiServices_SDK_HTTP_Client_2.1.5.123179_WIIU
  host: api-ubiservices.ubi.com
  accept: */*
  authorization: wiiu t=VjrvUQAFAAAQF5EAAAABoFtO/1sAAAGgYHVbW7m4uf/LyzRa7QAKX+hfBeMx6O7X3Zfb/z1ZsGY6ehIW
  content-type: application/json
  ubi-appbuildid: JD2015WIIU_E163180
  ubi-appid: 3133a1ba-bf7b-443b-9e8a-f1d5f3b2ac7b
  content-length: 111
Body:
{"genomeId":"3133a1ba-bf7b-443b-9e8a-f1d5f3b2ac7b","nameOnPlatform":"DragonKing17","idOnPlatform":"1446702929"}

======================================================================
Timestamp: 2026-09-01T04:52:52.814713+00:00
Method: POST
Path: /v2/profiles/sessions
Query: 
Headers:
  user-agent: UbiServices_SDK_HTTP_Client_2.1.5.123179_WIIU
  host: api-ubiservices.ubi.com
  accept: */*
  authorization: wiiu t=VjrvUQAFAAAQF5EAAAABoFtO/1sAAAGgYHVbW7m4uf/LyzRa7QAKX+hfBeMx6O7X3Zfb/z1ZsGY6ehIW
  content-type: application/json
  ubi-appbuildid: JD2015WIIU_E163180
  ubi-appid: 3133a1ba-bf7b-443b-9e8a-f1d5f3b2ac7b
  content-length: 111
Body:
{"genomeId":"3133a1ba-bf7b-443b-9e8a-f1d5f3b2ac7b","nameOnPlatform":"DragonKing17","idOnPlatform":"1446702929"}

======================================================================
Timestamp: 2026-09-01T04:52:53.379115+00:00
Method: POST
Path: /v2/profiles/sessions
Query: 
Headers:
  user-agent: UbiServices_SDK_HTTP_Client_2.1.5.123179_WIIU
  host: api-ubiservices.ubi.com
  accept: */*
  authorization: wiiu t=VjrvUQAFAAAQF5EAAAABoFtO/1sAAAGgYHVbW7m4uf/LyzRa7QAKX+hfBeMx6O7X3Zfb/z1ZsGY6ehIW
  content-type: application/json
  ubi-appbuildid: JD2015WIIU_E163180
  ubi-appid: 3133a1ba-bf7b-443b-9e8a-f1d5f3b2ac7b
  content-length: 111
Body:
{"genomeId":"3133a1ba-bf7b-443b-9e8a-f1d5f3b2ac7b","nameOnPlatform":"DragonKing17","idOnPlatform":"1446702929"}

======================================================================
Timestamp: 2026-09-01T04:52:53.962446+00:00
Method: POST
Path: /v2/profiles/sessions
Query: 
Headers:
  user-agent: UbiServices_SDK_HTTP_Client_2.1.5.123179_WIIU
  host: api-ubiservices.ubi.com
  accept: */*
  authorization: wiiu t=VjrvUQAFAAAQF5EAAAABoFtO/1sAAAGgYHVbW7m4uf/LyzRa7QAKX+hfBeMx6O7X3Zfb/z1ZsGY6ehIW
  content-type: application/json
  ubi-appbuildid: JD2015WIIU_E163180
  ubi-appid: 3133a1ba-bf7b-443b-9e8a-f1d5f3b2ac7b
  content-length: 111
Body:
{"genomeId":"3133a1ba-bf7b-443b-9e8a-f1d5f3b2ac7b","nameOnPlatform":"DragonKing17","idOnPlatform":"1446702929"}

======================================================================
Timestamp: 2026-09-01T04:53:35.576687+00:00
Method: POST
Path: /v2/profiles/sessions
Query: 
Headers:
  user-agent: UbiServices_SDK_HTTP_Client_2.1.5.123179_WIIU
  host: api-ubiservices.ubi.com
  accept: */*
  authorization: wiiu t=VjrvUQAFAAAQF5EAAAABoFtO/1sAAAGgYHVbW7m4uf/LyzRa7QAKX+hfBeMx6O7X3Zfb/z1ZsGY6ehIW
  content-type: application/json
  ubi-appbuildid: JD2015WIIU_E163180
  ubi-appid: 3133a1ba-bf7b-443b-9e8a-f1d5f3b2ac7b
  content-length: 111
Body:
{"genomeId":"3133a1ba-bf7b-443b-9e8a-f1d5f3b2ac7b","nameOnPlatform":"DragonKing17","idOnPlatform":"1446702929"}

======================================================================
Timestamp: 2026-09-01T04:53:43.367565+00:00
Method: POST
Path: /v2/profiles/sessions
Query: 
Headers:
  user-agent: UbiServices_SDK_HTTP_Client_2.1.5.123179_WIIU
  host: api-ubiservices.ubi.com
  accept: */*
  authorization: wiiu t=VjrvUQAFAAAQF5EAAAABoFtO/1sAAAGgYHVbW7m4uf/LyzRa7QAKX+hfBeMx6O7X3Zfb/z1ZsGY6ehIW
  content-type: application/json
  ubi-appbuildid: JD2015WIIU_E163180
  ubi-appid: 3133a1ba-bf7b-443b-9e8a-f1d5f3b2ac7b
  content-length: 111
Body:
{"genomeId":"3133a1ba-bf7b-443b-9e8a-f1d5f3b2ac7b","nameOnPlatform":"DragonKing17","idOnPlatform":"1446702929"}

======================================================================
Timestamp: 2026-09-01T04:53:44.037757+00:00
Method: POST
Path: /v2/profiles/sessions
Query: 
Headers:
  user-agent: UbiServices_SDK_HTTP_Client_2.1.5.123179_WIIU
  host: api-ubiservices.ubi.com
  accept: */*
  authorization: wiiu t=VjrvUQAFAAAQF5EAAAABoFtO/1sAAAGgYHVbW7m4uf/LyzRa7QAKX+hfBeMx6O7X3Zfb/z1ZsGY6ehIW
  content-type: application/json
  ubi-appbuildid: JD2015WIIU_E163180
  ubi-appid: 3133a1ba-bf7b-443b-9e8a-f1d5f3b2ac7b
  content-length: 111
Body:
{"genomeId":"3133a1ba-bf7b-443b-9e8a-f1d5f3b2ac7b","nameOnPlatform":"DragonKing17","idOnPlatform":"1446702929"}

======================================================================
Timestamp: 2026-09-01T04:53:48.651753+00:00
Method: POST
Path: /v2/profiles/sessions
Query: 
Headers:
  user-agent: UbiServices_SDK_HTTP_Client_2.1.5.123179_WIIU
  host: api-ubiservices.ubi.com
  accept: */*
  authorization: wiiu t=VjrvUQAFAAAQF5EAAAABoFtO/1sAAAGgYHVbW7m4uf/LyzRa7QAKX+hfBeMx6O7X3Zfb/z1ZsGY6ehIW
  content-type: application/json
  ubi-appbuildid: JD2015WIIU_E163180
  ubi-appid: 3133a1ba-bf7b-443b-9e8a-f1d5f3b2ac7b
  content-length: 111
Body:
{"genomeId":"3133a1ba-bf7b-443b-9e8a-f1d5f3b2ac7b","nameOnPlatform":"DragonKing17","idOnPlatform":"1446702929"}

======================================================================
Timestamp: 2026-09-01T04:53:49.212181+00:00
Method: POST
Path: /v2/profiles/sessions
Query: 
Headers:
  user-agent: UbiServices_SDK_HTTP_Client_2.1.5.123179_WIIU
  host: api-ubiservices.ubi.com
  accept: */*
  authorization: wiiu t=VjrvUQAFAAAQF5EAAAABoFtO/1sAAAGgYHVbW7m4uf/LyzRa7QAKX+hfBeMx6O7X3Zfb/z1ZsGY6ehIW
  content-type: application/json
  ubi-appbuildid: JD2015WIIU_E163180
  ubi-appid: 3133a1ba-bf7b-443b-9e8a-f1d5f3b2ac7b
  content-length: 111
Body:
{"genomeId":"3133a1ba-bf7b-443b-9e8a-f1d5f3b2ac7b","nameOnPlatform":"DragonKing17","idOnPlatform":"1446702929"}

======================================================================
Timestamp: 2026-09-01T04:53:49.707474+00:00
Method: POST
Path: /v2/profiles/sessions
Query: 
Headers:
  user-agent: UbiServices_SDK_HTTP_Client_2.1.5.123179_WIIU
  host: api-ubiservices.ubi.com
  accept: */*
  authorization: wiiu t=VjrvUQAFAAAQF5EAAAABoFtO/1sAAAGgYHVbW7m4uf/LyzRa7QAKX+hfBeMx6O7X3Zfb/z1ZsGY6ehIW
  content-type: application/json
  ubi-appbuildid: JD2015WIIU_E163180
  ubi-appid: 3133a1ba-bf7b-443b-9e8a-f1d5f3b2ac7b
  content-length: 111
Body:
{"genomeId":"3133a1ba-bf7b-443b-9e8a-f1d5f3b2ac7b","nameOnPlatform":"DragonKing17","idOnPlatform":"1446702929"}

======================================================================
Timestamp: 2026-09-01T04:53:57.707639+00:00
Method: POST
Path: /v2/profiles/sessions
Query: 
Headers:
  user-agent: UbiServices_SDK_HTTP_Client_2.1.5.123179_WIIU
  host: api-ubiservices.ubi.com
  accept: */*
  authorization: wiiu t=VjrvUQAFAAAQF5EAAAABoFtO/1sAAAGgYHVbW7m4uf/LyzRa7QAKX+hfBeMx6O7X3Zfb/z1ZsGY6ehIW
  content-type: application/json
  ubi-appbuildid: JD2015WIIU_E163180
  ubi-appid: 3133a1ba-bf7b-443b-9e8a-f1d5f3b2ac7b
  content-length: 111
Body:
{"genomeId":"3133a1ba-bf7b-443b-9e8a-f1d5f3b2ac7b","nameOnPlatform":"DragonKing17","idOnPlatform":"1446702929"}

======================================================================
Timestamp: 2026-09-01T05:14:48.370843+00:00
Method: POST
Path: /v2/profiles/sessions
Query: 
Headers:
  host: 127.0.0.1
  user-agent: curl/8.7.1
  accept: */*
  content-type: application/json
  content-length: 111
Body:
{"genomeId":"3133a1ba-bf7b-443b-9e8a-f1d5f3b2ac7b","nameOnPlatform":"DragonKing17","idOnPlatform":"1446702929"}

======================================================================
Timestamp: 2026-09-01T05:17:01.376700+00:00
Method: POST
Path: /v2/profiles/sessions
Query: 
Headers:
  user-agent: UbiServices_SDK_HTTP_Client_2.1.5.123179_WIIU
  host: api-ubiservices.ubi.com
  accept: */*
  authorization: wiiu t=VjrvUQAFAAAQF5EAAAABoFtlSesAAAGgYIul6/ZFHsahV13xsdoTB4svpzpliNBR5vzEieI4Iw3eE9Vh
  content-type: application/json
  ubi-appbuildid: JD2015WIIU_E163180
  ubi-appid: 3133a1ba-bf7b-443b-9e8a-f1d5f3b2ac7b
  content-length: 111
Body:
{"genomeId":"3133a1ba-bf7b-443b-9e8a-f1d5f3b2ac7b","nameOnPlatform":"DragonKing17","idOnPlatform":"1446702929"}

======================================================================
Timestamp: 2026-09-01T05:17:01.950785+00:00
Method: POST
Path: /v2/profiles/sessions
Query: 
Headers:
  user-agent: UbiServices_SDK_HTTP_Client_2.1.5.123179_WIIU
  host: api-ubiservices.ubi.com
  accept: */*
  authorization: wiiu t=VjrvUQAFAAAQF5EAAAABoFtlSesAAAGgYIul6/ZFHsahV13xsdoTB4svpzpliNBR5vzEieI4Iw3eE9Vh
  content-type: application/json
  ubi-appbuildid: JD2015WIIU_E163180
  ubi-appid: 3133a1ba-bf7b-443b-9e8a-f1d5f3b2ac7b
  content-length: 111
Body:
{"genomeId":"3133a1ba-bf7b-443b-9e8a-f1d5f3b2ac7b","nameOnPlatform":"DragonKing17","idOnPlatform":"1446702929"}

======================================================================
Timestamp: 2026-09-01T05:17:02.661510+00:00
Method: POST
Path: /v2/profiles/sessions
Query: 
Headers:
  user-agent: UbiServices_SDK_HTTP_Client_2.1.5.123179_WIIU
  host: api-ubiservices.ubi.com
  accept: */*
  authorization: wiiu t=VjrvUQAFAAAQF5EAAAABoFtlSesAAAGgYIul6/ZFHsahV13xsdoTB4svpzpliNBR5vzEieI4Iw3eE9Vh
  content-type: application/json
  ubi-appbuildid: JD2015WIIU_E163180
  ubi-appid: 3133a1ba-bf7b-443b-9e8a-f1d5f3b2ac7b
  content-length: 111
Body:
{"genomeId":"3133a1ba-bf7b-443b-9e8a-f1d5f3b2ac7b","nameOnPlatform":"DragonKing17","idOnPlatform":"1446702929"}

======================================================================
Timestamp: 2026-09-01T05:17:03.167614+00:00
Method: POST
Path: /v2/profiles/sessions
Query: 
Headers:
  user-agent: UbiServices_SDK_HTTP_Client_2.1.5.123179_WIIU
  host: api-ubiservices.ubi.com
  accept: */*
  authorization: wiiu t=VjrvUQAFAAAQF5EAAAABoFtlSesAAAGgYIul6/ZFHsahV13xsdoTB4svpzpliNBR5vzEieI4Iw3eE9Vh
  content-type: application/json
  ubi-appbuildid: JD2015WIIU_E163180
  ubi-appid: 3133a1ba-bf7b-443b-9e8a-f1d5f3b2ac7b
  content-length: 111
Body:
{"genomeId":"3133a1ba-bf7b-443b-9e8a-f1d5f3b2ac7b","nameOnPlatform":"DragonKing17","idOnPlatform":"1446702929"}

======================================================================
Timestamp: 2026-09-01T05:17:14.035183+00:00
Method: POST
Path: /v2/profiles/sessions
Query: 
Headers:
  user-agent: UbiServices_SDK_HTTP_Client_2.1.5.123179_WIIU
  host: api-ubiservices.ubi.com
  accept: */*
  authorization: wiiu t=VjrvUQAFAAAQF5EAAAABoFtlSesAAAGgYIul6/ZFHsahV13xsdoTB4svpzpliNBR5vzEieI4Iw3eE9Vh
  content-type: application/json
  ubi-appbuildid: JD2015WIIU_E163180
  ubi-appid: 3133a1ba-bf7b-443b-9e8a-f1d5f3b2ac7b
  content-length: 111
Body:
{"genomeId":"3133a1ba-bf7b-443b-9e8a-f1d5f3b2ac7b","nameOnPlatform":"DragonKing17","idOnPlatform":"1446702929"}

======================================================================
Timestamp: 2026-09-01T05:17:23.467612+00:00
Method: POST
Path: /v2/profiles/sessions
Query: 
Headers:
  user-agent: UbiServices_SDK_HTTP_Client_2.1.5.123179_WIIU
  host: api-ubiservices.ubi.com
  accept: */*
  authorization: wiiu t=VjrvUQAFAAAQF5EAAAABoFtlSesAAAGgYIul6/ZFHsahV13xsdoTB4svpzpliNBR5vzEieI4Iw3eE9Vh
  content-type: application/json
  ubi-appbuildid: JD2015WIIU_E163180
  ubi-appid: 3133a1ba-bf7b-443b-9e8a-f1d5f3b2ac7b
  content-length: 111
Body:
{"genomeId":"3133a1ba-bf7b-443b-9e8a-f1d5f3b2ac7b","nameOnPlatform":"DragonKing17","idOnPlatform":"1446702929"}

======================================================================
Timestamp: 2026-09-01T05:17:29.853407+00:00
Method: POST
Path: /v2/profiles/sessions
Query: 
Headers:
  user-agent: UbiServices_SDK_HTTP_Client_2.1.5.123179_WIIU
  host: api-ubiservices.ubi.com
  accept: */*
  authorization: wiiu t=VjrvUQAFAAAQF5EAAAABoFtlSesAAAGgYIul6/ZFHsahV13xsdoTB4svpzpliNBR5vzEieI4Iw3eE9Vh
  content-type: application/json
  ubi-appbuildid: JD2015WIIU_E163180
  ubi-appid: 3133a1ba-bf7b-443b-9e8a-f1d5f3b2ac7b
  content-length: 111
Body:
{"genomeId":"3133a1ba-bf7b-443b-9e8a-f1d5f3b2ac7b","nameOnPlatform":"DragonKing17","idOnPlatform":"1446702929"}

======================================================================
Timestamp: 2026-09-01T05:17:49.684977+00:00
Method: POST
Path: /v2/profiles/sessions
Query: 
Headers:
  user-agent: UbiServices_SDK_HTTP_Client_2.1.5.123179_WIIU
  host: api-ubiservices.ubi.com
  accept: */*
  authorization: wiiu t=VjrvUQAFAAAQF5EAAAABoFtlSesAAAGgYIul6/ZFHsahV13xsdoTB4svpzpliNBR5vzEieI4Iw3eE9Vh
  content-type: application/json
  ubi-appbuildid: JD2015WIIU_E163180
  ubi-appid: 3133a1ba-bf7b-443b-9e8a-f1d5f3b2ac7b
  content-length: 111
Body:
{"genomeId":"3133a1ba-bf7b-443b-9e8a-f1d5f3b2ac7b","nameOnPlatform":"DragonKing17","idOnPlatform":"1446702929"}

======================================================================
Timestamp: 2026-09-01T05:17:50.301896+00:00
Method: POST
Path: /v2/profiles/sessions
Query: 
Headers:
  user-agent: UbiServices_SDK_HTTP_Client_2.1.5.123179_WIIU
  host: api-ubiservices.ubi.com
  accept: */*
  authorization: wiiu t=VjrvUQAFAAAQF5EAAAABoFtlSesAAAGgYIul6/ZFHsahV13xsdoTB4svpzpliNBR5vzEieI4Iw3eE9Vh
  content-type: application/json
  ubi-appbuildid: JD2015WIIU_E163180
  ubi-appid: 3133a1ba-bf7b-443b-9e8a-f1d5f3b2ac7b
  content-length: 111
Body:
{"genomeId":"3133a1ba-bf7b-443b-9e8a-f1d5f3b2ac7b","nameOnPlatform":"DragonKing17","idOnPlatform":"1446702929"}

======================================================================
Timestamp: 2026-09-01T05:17:51.693682+00:00
Method: POST
Path: /v2/profiles/sessions
Query: 
Headers:
  user-agent: UbiServices_SDK_HTTP_Client_2.1.5.123179_WIIU
  host: api-ubiservices.ubi.com
  accept: */*
  authorization: wiiu t=VjrvUQAFAAAQF5EAAAABoFtlSesAAAGgYIul6/ZFHsahV13xsdoTB4svpzpliNBR5vzEieI4Iw3eE9Vh
  content-type: application/json
  ubi-appbuildid: JD2015WIIU_E163180
  ubi-appid: 3133a1ba-bf7b-443b-9e8a-f1d5f3b2ac7b
  content-length: 111
Body:
{"genomeId":"3133a1ba-bf7b-443b-9e8a-f1d5f3b2ac7b","nameOnPlatform":"DragonKing17","idOnPlatform":"1446702929"}

======================================================================
Timestamp: 2026-09-01T05:17:56.191950+00:00
Method: POST
Path: /v2/profiles/sessions
Query: 
Headers:
  user-agent: UbiServices_SDK_HTTP_Client_2.1.5.123179_WIIU
  host: api-ubiservices.ubi.com
  accept: */*
  authorization: wiiu t=VjrvUQAFAAAQF5EAAAABoFtlSesAAAGgYIul6/ZFHsahV13xsdoTB4svpzpliNBR5vzEieI4Iw3eE9Vh
  content-type: application/json
  ubi-appbuildid: JD2015WIIU_E163180
  ubi-appid: 3133a1ba-bf7b-443b-9e8a-f1d5f3b2ac7b
  content-length: 111
Body:
{"genomeId":"3133a1ba-bf7b-443b-9e8a-f1d5f3b2ac7b","nameOnPlatform":"DragonKing17","idOnPlatform":"1446702929"}

======================================================================
Timestamp: 2026-09-01T05:17:56.892613+00:00
Method: POST
Path: /v2/profiles/sessions
Query: 
Headers:
  user-agent: UbiServices_SDK_HTTP_Client_2.1.5.123179_WIIU
  host: api-ubiservices.ubi.com
  accept: */*
  authorization: wiiu t=VjrvUQAFAAAQF5EAAAABoFtlSesAAAGgYIul6/ZFHsahV13xsdoTB4svpzpliNBR5vzEieI4Iw3eE9Vh
  content-type: application/json
  ubi-appbuildid: JD2015WIIU_E163180
  ubi-appid: 3133a1ba-bf7b-443b-9e8a-f1d5f3b2ac7b
  content-length: 111
Body:
{"genomeId":"3133a1ba-bf7b-443b-9e8a-f1d5f3b2ac7b","nameOnPlatform":"DragonKing17","idOnPlatform":"1446702929"}

======================================================================
Timestamp: 2026-09-01T05:17:58.884646+00:00
Method: POST
Path: /v2/profiles/sessions
Query: 
Headers:
  user-agent: UbiServices_SDK_HTTP_Client_2.1.5.123179_WIIU
  host: api-ubiservices.ubi.com
  accept: */*
  authorization: wiiu t=VjrvUQAFAAAQF5EAAAABoFtlSesAAAGgYIul6/ZFHsahV13xsdoTB4svpzpliNBR5vzEieI4Iw3eE9Vh
  content-type: application/json
  ubi-appbuildid: JD2015WIIU_E163180
  ubi-appid: 3133a1ba-bf7b-443b-9e8a-f1d5f3b2ac7b
  content-length: 111
Body:
{"genomeId":"3133a1ba-bf7b-443b-9e8a-f1d5f3b2ac7b","nameOnPlatform":"DragonKing17","idOnPlatform":"1446702929"}

======================================================================
Timestamp: 2026-09-01T05:19:22.710922+00:00
Method: POST
Path: /v2/profiles/sessions
Query: 
Headers:
  user-agent: UbiServices_SDK_HTTP_Client_2.1.5.123179_WIIU
  host: api-ubiservices.ubi.com
  accept: */*
  authorization: wiiu t=VjrvUQAFAAAQF5EAAAABoFtlSesAAAGgYIul6/ZFHsahV13xsdoTB4svpzpliNBR5vzEieI4Iw3eE9Vh
  content-type: application/json
  ubi-appbuildid: JD2015WIIU_E163180
  ubi-appid: 3133a1ba-bf7b-443b-9e8a-f1d5f3b2ac7b
  content-length: 111
Body:
{"genomeId":"3133a1ba-bf7b-443b-9e8a-f1d5f3b2ac7b","nameOnPlatform":"DragonKing17","idOnPlatform":"1446702929"}

======================================================================
Timestamp: 2026-09-01T05:19:23.429185+00:00
Method: POST
Path: /v2/profiles/sessions
Query: 
Headers:
  user-agent: UbiServices_SDK_HTTP_Client_2.1.5.123179_WIIU
  host: api-ubiservices.ubi.com
  accept: */*
  authorization: wiiu t=VjrvUQAFAAAQF5EAAAABoFtlSesAAAGgYIul6/ZFHsahV13xsdoTB4svpzpliNBR5vzEieI4Iw3eE9Vh
  content-type: application/json
  ubi-appbuildid: JD2015WIIU_E163180
  ubi-appid: 3133a1ba-bf7b-443b-9e8a-f1d5f3b2ac7b
  content-length: 111
Body:
{"genomeId":"3133a1ba-bf7b-443b-9e8a-f1d5f3b2ac7b","nameOnPlatform":"DragonKing17","idOnPlatform":"1446702929"}

======================================================================
Timestamp: 2026-09-01T05:19:24.164415+00:00
Method: POST
Path: /v2/profiles/sessions
Query: 
Headers:
  user-agent: UbiServices_SDK_HTTP_Client_2.1.5.123179_WIIU
  host: api-ubiservices.ubi.com
  accept: */*
  authorization: wiiu t=VjrvUQAFAAAQF5EAAAABoFtlSesAAAGgYIul6/ZFHsahV13xsdoTB4svpzpliNBR5vzEieI4Iw3eE9Vh
  content-type: application/json
  ubi-appbuildid: JD2015WIIU_E163180
  ubi-appid: 3133a1ba-bf7b-443b-9e8a-f1d5f3b2ac7b
  content-length: 111
Body:
{"genomeId":"3133a1ba-bf7b-443b-9e8a-f1d5f3b2ac7b","nameOnPlatform":"DragonKing17","idOnPlatform":"1446702929"}

======================================================================
Timestamp: 2026-09-01T05:27:20.263607+00:00
Method: POST
Path: /v2/profiles/sessions
Query: 
Headers:
  host: 127.0.0.1
  user-agent: curl/8.7.1
  accept: */*
  content-type: application/json
  authorization: test-session
  content-length: 111
Body:
{"genomeId":"3133a1ba-bf7b-443b-9e8a-f1d5f3b2ac7b","nameOnPlatform":"DragonKing17","idOnPlatform":"1446702929"}

======================================================================
Timestamp: 2026-09-01T05:30:07.423641+00:00
Method: POST
Path: /v2/profiles/sessions
Query: 
Headers:
  user-agent: UbiServices_SDK_HTTP_Client_2.1.5.123179_WIIU
  host: api-ubiservices.ubi.com
  accept: */*
  authorization: wiiu t=VjrvUQAFAAAQF5EAAAABoFtxT7YAAAGgYJertrwz1+wmQz5oQ2H/WC+sZeGSkecU/lpbQFT/p2TzNg3D
  content-type: application/json
  ubi-appbuildid: JD2015WIIU_E163180
  ubi-appid: 3133a1ba-bf7b-443b-9e8a-f1d5f3b2ac7b
  content-length: 111
Body:
{"genomeId":"3133a1ba-bf7b-443b-9e8a-f1d5f3b2ac7b","nameOnPlatform":"DragonKing17","idOnPlatform":"1446702929"}

======================================================================
Timestamp: 2026-09-01T05:30:08.239388+00:00
Method: POST
Path: /v2/profiles/sessions
Query: 
Headers:
  user-agent: UbiServices_SDK_HTTP_Client_2.1.5.123179_WIIU
  host: api-ubiservices.ubi.com
  accept: */*
  authorization: wiiu t=VjrvUQAFAAAQF5EAAAABoFtxT7YAAAGgYJertrwz1+wmQz5oQ2H/WC+sZeGSkecU/lpbQFT/p2TzNg3D
  content-type: application/json
  ubi-appbuildid: JD2015WIIU_E163180
  ubi-appid: 3133a1ba-bf7b-443b-9e8a-f1d5f3b2ac7b
  content-length: 111
Body:
{"genomeId":"3133a1ba-bf7b-443b-9e8a-f1d5f3b2ac7b","nameOnPlatform":"DragonKing17","idOnPlatform":"1446702929"}

======================================================================
Timestamp: 2026-09-01T05:30:09.022845+00:00
Method: POST
Path: /v2/profiles/sessions
Query: 
Headers:
  user-agent: UbiServices_SDK_HTTP_Client_2.1.5.123179_WIIU
  host: api-ubiservices.ubi.com
  accept: */*
  authorization: wiiu t=VjrvUQAFAAAQF5EAAAABoFtxT7YAAAGgYJertrwz1+wmQz5oQ2H/WC+sZeGSkecU/lpbQFT/p2TzNg3D
  content-type: application/json
  ubi-appbuildid: JD2015WIIU_E163180
  ubi-appid: 3133a1ba-bf7b-443b-9e8a-f1d5f3b2ac7b
  content-length: 111
Body:
{"genomeId":"3133a1ba-bf7b-443b-9e8a-f1d5f3b2ac7b","nameOnPlatform":"DragonKing17","idOnPlatform":"1446702929"}

======================================================================
Timestamp: 2026-09-01T05:30:09.648533+00:00
Method: POST
Path: /v2/profiles/sessions
Query: 
Headers:
  user-agent: UbiServices_SDK_HTTP_Client_2.1.5.123179_WIIU
  host: api-ubiservices.ubi.com
  accept: */*
  authorization: wiiu t=VjrvUQAFAAAQF5EAAAABoFtxT7YAAAGgYJertrwz1+wmQz5oQ2H/WC+sZeGSkecU/lpbQFT/p2TzNg3D
  content-type: application/json
  ubi-appbuildid: JD2015WIIU_E163180
  ubi-appid: 3133a1ba-bf7b-443b-9e8a-f1d5f3b2ac7b
  content-length: 111
Body:
{"genomeId":"3133a1ba-bf7b-443b-9e8a-f1d5f3b2ac7b","nameOnPlatform":"DragonKing17","idOnPlatform":"1446702929"}

======================================================================
Timestamp: 2026-09-01T05:30:19.811834+00:00
Method: POST
Path: /v2/profiles/sessions
Query: 
Headers:
  user-agent: UbiServices_SDK_HTTP_Client_2.1.5.123179_WIIU
  host: api-ubiservices.ubi.com
  accept: */*
  authorization: wiiu t=VjrvUQAFAAAQF5EAAAABoFtxT7YAAAGgYJertrwz1+wmQz5oQ2H/WC+sZeGSkecU/lpbQFT/p2TzNg3D
  content-type: application/json
  ubi-appbuildid: JD2015WIIU_E163180
  ubi-appid: 3133a1ba-bf7b-443b-9e8a-f1d5f3b2ac7b
  content-length: 111
Body:
{"genomeId":"3133a1ba-bf7b-443b-9e8a-f1d5f3b2ac7b","nameOnPlatform":"DragonKing17","idOnPlatform":"1446702929"}

======================================================================
Timestamp: 2026-09-01T05:30:29.327548+00:00
Method: POST
Path: /v2/profiles/sessions
Query: 
Headers:
  user-agent: UbiServices_SDK_HTTP_Client_2.1.5.123179_WIIU
  host: api-ubiservices.ubi.com
  accept: */*
  authorization: wiiu t=VjrvUQAFAAAQF5EAAAABoFtxT7YAAAGgYJertrwz1+wmQz5oQ2H/WC+sZeGSkecU/lpbQFT/p2TzNg3D
  content-type: application/json
  ubi-appbuildid: JD2015WIIU_E163180
  ubi-appid: 3133a1ba-bf7b-443b-9e8a-f1d5f3b2ac7b
  content-length: 111
Body:
{"genomeId":"3133a1ba-bf7b-443b-9e8a-f1d5f3b2ac7b","nameOnPlatform":"DragonKing17","idOnPlatform":"1446702929"}

======================================================================
Timestamp: 2026-09-01T05:30:36.872786+00:00
Method: POST
Path: /v2/profiles/sessions
Query: 
Headers:
  user-agent: UbiServices_SDK_HTTP_Client_2.1.5.123179_WIIU
  host: api-ubiservices.ubi.com
  accept: */*
  authorization: wiiu t=VjrvUQAFAAAQF5EAAAABoFtxT7YAAAGgYJertrwz1+wmQz5oQ2H/WC+sZeGSkecU/lpbQFT/p2TzNg3D
  content-type: application/json
  ubi-appbuildid: JD2015WIIU_E163180
  ubi-appid: 3133a1ba-bf7b-443b-9e8a-f1d5f3b2ac7b
  content-length: 111
Body:
{"genomeId":"3133a1ba-bf7b-443b-9e8a-f1d5f3b2ac7b","nameOnPlatform":"DragonKing17","idOnPlatform":"1446702929"}

======================================================================
Timestamp: 2026-09-01T05:35:33.169491+00:00
Method: POST
Path: /v2/profiles/sessions
Query: 
Headers:
  host: 127.0.0.1
  user-agent: curl/8.7.1
  accept: */*
  content-type: application/json
  authorization: test-session
  content-length: 111
Body:
{"genomeId":"3133a1ba-bf7b-443b-9e8a-f1d5f3b2ac7b","nameOnPlatform":"DragonKing17","idOnPlatform":"1446702929"}

======================================================================
Timestamp: 2026-09-01T05:37:58.082431+00:00
Method: POST
Path: /v2/profiles/sessions
Query: 
Headers:
  user-agent: UbiServices_SDK_HTTP_Client_2.1.5.123179_WIIU
  host: api-ubiservices.ubi.com
  accept: */*
  authorization: wiiu t=VjrvUQAFAAAQF5EAAAABoFt4pSMAAAGgYJ8BI5qaq57s0fex/elDl+qb9AicVuXmUlePgD45Q8VzSwlO
  content-type: application/json
  ubi-appbuildid: JD2015WIIU_E163180
  ubi-appid: 3133a1ba-bf7b-443b-9e8a-f1d5f3b2ac7b
  content-length: 111
Body:
{"genomeId":"3133a1ba-bf7b-443b-9e8a-f1d5f3b2ac7b","nameOnPlatform":"DragonKing17","idOnPlatform":"1446702929"}

======================================================================
Timestamp: 2026-09-01T05:37:58.980921+00:00
Method: POST
Path: /v2/profiles/sessions
Query: 
Headers:
  user-agent: UbiServices_SDK_HTTP_Client_2.1.5.123179_WIIU
  host: api-ubiservices.ubi.com
  accept: */*
  authorization: wiiu t=VjrvUQAFAAAQF5EAAAABoFt4pSMAAAGgYJ8BI5qaq57s0fex/elDl+qb9AicVuXmUlePgD45Q8VzSwlO
  content-type: application/json
  ubi-appbuildid: JD2015WIIU_E163180
  ubi-appid: 3133a1ba-bf7b-443b-9e8a-f1d5f3b2ac7b
  content-length: 111
Body:
{"genomeId":"3133a1ba-bf7b-443b-9e8a-f1d5f3b2ac7b","nameOnPlatform":"DragonKing17","idOnPlatform":"1446702929"}

======================================================================
Timestamp: 2026-09-01T05:38:00.531095+00:00
Method: POST
Path: /v2/profiles/sessions
Query: 
Headers:
  user-agent: UbiServices_SDK_HTTP_Client_2.1.5.123179_WIIU
  host: api-ubiservices.ubi.com
  accept: */*
  authorization: wiiu t=VjrvUQAFAAAQF5EAAAABoFt4pSMAAAGgYJ8BI5qaq57s0fex/elDl+qb9AicVuXmUlePgD45Q8VzSwlO
  content-type: application/json
  ubi-appbuildid: JD2015WIIU_E163180
  ubi-appid: 3133a1ba-bf7b-443b-9e8a-f1d5f3b2ac7b
  content-length: 111
Body:
{"genomeId":"3133a1ba-bf7b-443b-9e8a-f1d5f3b2ac7b","nameOnPlatform":"DragonKing17","idOnPlatform":"1446702929"}

======================================================================
Timestamp: 2026-09-01T05:38:01.698822+00:00
Method: POST
Path: /v2/profiles/sessions
Query: 
Headers:
  user-agent: UbiServices_SDK_HTTP_Client_2.1.5.123179_WIIU
  host: api-ubiservices.ubi.com
  accept: */*
  authorization: wiiu t=VjrvUQAFAAAQF5EAAAABoFt4pSMAAAGgYJ8BI5qaq57s0fex/elDl+qb9AicVuXmUlePgD45Q8VzSwlO
  content-type: application/json
  ubi-appbuildid: JD2015WIIU_E163180
  ubi-appid: 3133a1ba-bf7b-443b-9e8a-f1d5f3b2ac7b
  content-length: 111
Body:
{"genomeId":"3133a1ba-bf7b-443b-9e8a-f1d5f3b2ac7b","nameOnPlatform":"DragonKing17","idOnPlatform":"1446702929"}

======================================================================
Timestamp: 2026-09-01T05:38:11.761647+00:00
Method: POST
Path: /v2/profiles/sessions
Query: 
Headers:
  user-agent: UbiServices_SDK_HTTP_Client_2.1.5.123179_WIIU
  host: api-ubiservices.ubi.com
  accept: */*
  authorization: wiiu t=VjrvUQAFAAAQF5EAAAABoFt4pSMAAAGgYJ8BI5qaq57s0fex/elDl+qb9AicVuXmUlePgD45Q8VzSwlO
  content-type: application/json
  ubi-appbuildid: JD2015WIIU_E163180
  ubi-appid: 3133a1ba-bf7b-443b-9e8a-f1d5f3b2ac7b
  content-length: 111
Body:
{"genomeId":"3133a1ba-bf7b-443b-9e8a-f1d5f3b2ac7b","nameOnPlatform":"DragonKing17","idOnPlatform":"1446702929"}

======================================================================
Timestamp: 2026-09-01T05:38:18.072952+00:00
Method: POST
Path: /v2/profiles/sessions
Query: 
Headers:
  user-agent: UbiServices_SDK_HTTP_Client_2.1.5.123179_WIIU
  host: api-ubiservices.ubi.com
  accept: */*
  authorization: wiiu t=VjrvUQAFAAAQF5EAAAABoFt4pSMAAAGgYJ8BI5qaq57s0fex/elDl+qb9AicVuXmUlePgD45Q8VzSwlO
  content-type: application/json
  ubi-appbuildid: JD2015WIIU_E163180
  ubi-appid: 3133a1ba-bf7b-443b-9e8a-f1d5f3b2ac7b
  content-length: 111
Body:
{"genomeId":"3133a1ba-bf7b-443b-9e8a-f1d5f3b2ac7b","nameOnPlatform":"DragonKing17","idOnPlatform":"1446702929"}

======================================================================
Timestamp: 2026-09-01T05:44:18.865915+00:00
Method: POST
Path: /v2/profiles/sessions
Query: 
Headers:
  host: 127.0.0.1
  user-agent: curl/8.7.1
  accept: */*
  content-type: application/json
  authorization: test-session
  content-length: 111
Body:
{"genomeId":"3133a1ba-bf7b-443b-9e8a-f1d5f3b2ac7b","nameOnPlatform":"DragonKing17","idOnPlatform":"1446702929"}

======================================================================
Timestamp: 2026-09-01T05:44:21.087718+00:00
Method: POST
Path: /v2/profiles/sessions
Query: 
Headers:
  host: 127.0.0.1
  user-agent: curl/8.7.1
  accept: */*
  content-type: application/json
  authorization: test-session
  content-length: 111
Body:
{"genomeId":"3133a1ba-bf7b-443b-9e8a-f1d5f3b2ac7b","nameOnPlatform":"DragonKing17","idOnPlatform":"1446702929"}

======================================================================
Timestamp: 2026-09-01T05:45:43.599642+00:00
Method: POST
Path: /v2/profiles/sessions
Query: 
Headers:
  user-agent: UbiServices_SDK_HTTP_Client_2.1.5.123179_WIIU
  host: api-ubiservices.ubi.com
  accept: */*
  authorization: wiiu t=VjrvUQAFAAAQF5EAAAABoFt/tUUAAAGgYKYRRT7HVN+R8TV6R06eKGdJklITB4crmWR3PZhALzIDnblN
  content-type: application/json
  ubi-appbuildid: JD2015WIIU_E163180
  ubi-appid: 3133a1ba-bf7b-443b-9e8a-f1d5f3b2ac7b
  content-length: 111
Body:
{"genomeId":"3133a1ba-bf7b-443b-9e8a-f1d5f3b2ac7b","nameOnPlatform":"DragonKing17","idOnPlatform":"1446702929"}

======================================================================
Timestamp: 2026-09-01T05:45:44.483065+00:00
Method: POST
Path: /v2/profiles/sessions
Query: 
Headers:
  user-agent: UbiServices_SDK_HTTP_Client_2.1.5.123179_WIIU
  host: api-ubiservices.ubi.com
  accept: */*
  authorization: wiiu t=VjrvUQAFAAAQF5EAAAABoFt/tUUAAAGgYKYRRT7HVN+R8TV6R06eKGdJklITB4crmWR3PZhALzIDnblN
  content-type: application/json
  ubi-appbuildid: JD2015WIIU_E163180
  ubi-appid: 3133a1ba-bf7b-443b-9e8a-f1d5f3b2ac7b
  content-length: 111
Body:
{"genomeId":"3133a1ba-bf7b-443b-9e8a-f1d5f3b2ac7b","nameOnPlatform":"DragonKing17","idOnPlatform":"1446702929"}

======================================================================
Timestamp: 2026-09-01T05:45:45.240971+00:00
Method: POST
Path: /v2/profiles/sessions
Query: 
Headers:
  user-agent: UbiServices_SDK_HTTP_Client_2.1.5.123179_WIIU
  host: api-ubiservices.ubi.com
  accept: */*
  authorization: wiiu t=VjrvUQAFAAAQF5EAAAABoFt/tUUAAAGgYKYRRT7HVN+R8TV6R06eKGdJklITB4crmWR3PZhALzIDnblN
  content-type: application/json
  ubi-appbuildid: JD2015WIIU_E163180
  ubi-appid: 3133a1ba-bf7b-443b-9e8a-f1d5f3b2ac7b
  content-length: 111
Body:
{"genomeId":"3133a1ba-bf7b-443b-9e8a-f1d5f3b2ac7b","nameOnPlatform":"DragonKing17","idOnPlatform":"1446702929"}

======================================================================
Timestamp: 2026-09-01T05:45:45.849142+00:00
Method: POST
Path: /v2/profiles/sessions
Query: 
Headers:
  user-agent: UbiServices_SDK_HTTP_Client_2.1.5.123179_WIIU
  host: api-ubiservices.ubi.com
  accept: */*
  authorization: wiiu t=VjrvUQAFAAAQF5EAAAABoFt/tUUAAAGgYKYRRT7HVN+R8TV6R06eKGdJklITB4crmWR3PZhALzIDnblN
  content-type: application/json
  ubi-appbuildid: JD2015WIIU_E163180
  ubi-appid: 3133a1ba-bf7b-443b-9e8a-f1d5f3b2ac7b
  content-length: 111
Body:
{"genomeId":"3133a1ba-bf7b-443b-9e8a-f1d5f3b2ac7b","nameOnPlatform":"DragonKing17","idOnPlatform":"1446702929"}

======================================================================
Timestamp: 2026-09-01T05:46:26.733487+00:00
Method: POST
Path: /v2/profiles/sessions
Query: 
Headers:
  user-agent: UbiServices_SDK_HTTP_Client_2.1.5.123179_WIIU
  host: api-ubiservices.ubi.com
  accept: */*
  authorization: wiiu t=VjrvUQAFAAAQF5EAAAABoFt/tUUAAAGgYKYRRT7HVN+R8TV6R06eKGdJklITB4crmWR3PZhALzIDnblN
  content-type: application/json
  ubi-appbuildid: JD2015WIIU_E163180
  ubi-appid: 3133a1ba-bf7b-443b-9e8a-f1d5f3b2ac7b
  content-length: 111
Body:
{"genomeId":"3133a1ba-bf7b-443b-9e8a-f1d5f3b2ac7b","nameOnPlatform":"DragonKing17","idOnPlatform":"1446702929"}

======================================================================
Timestamp: 2026-09-01T05:46:31.611806+00:00
Method: POST
Path: /v2/profiles/sessions
Query: 
Headers:
  user-agent: UbiServices_SDK_HTTP_Client_2.1.5.123179_WIIU
  host: api-ubiservices.ubi.com
  accept: */*
  authorization: wiiu t=VjrvUQAFAAAQF5EAAAABoFt/tUUAAAGgYKYRRT7HVN+R8TV6R06eKGdJklITB4crmWR3PZhALzIDnblN
  content-type: application/json
  ubi-appbuildid: JD2015WIIU_E163180
  ubi-appid: 3133a1ba-bf7b-443b-9e8a-f1d5f3b2ac7b
  content-length: 111
Body:
{"genomeId":"3133a1ba-bf7b-443b-9e8a-f1d5f3b2ac7b","nameOnPlatform":"DragonKing17","idOnPlatform":"1446702929"}

======================================================================
Timestamp: 2026-09-01T16:35:22.913237+00:00
Method: POST
Path: /v2/profiles/sessions
Query: 
Headers:
  host: 127.0.0.1
  user-agent: curl/8.7.1
  accept: */*
  content-type: application/json
  authorization: test-session
  content-length: 111
Body:
{"genomeId":"3133a1ba-bf7b-443b-9e8a-f1d5f3b2ac7b","nameOnPlatform":"DragonKing17","idOnPlatform":"1446702929"}

======================================================================
Timestamp: 2026-09-01T16:57:08.842938+00:00
Method: POST
Path: /v2/profiles/sessions
Query: 
Headers:
  host: 127.0.0.1
  user-agent: curl/8.7.1
  accept: */*
  content-type: application/json
  authorization: test-session
  content-length: 111
Body:
{"genomeId":"3133a1ba-bf7b-443b-9e8a-f1d5f3b2ac7b","nameOnPlatform":"DragonKing17","idOnPlatform":"1446702929"}

======================================================================
Timestamp: 2026-09-01T16:57:23.555448+00:00
Method: GET
Path: /profiles/sessions/PASTE_SESSION_ID_HERE
Query: 
Headers:
  host: 127.0.0.1
  user-agent: curl/8.7.1
  accept: */*
Body:
<empty>

======================================================================
Timestamp: 2026-09-01T16:58:54.403434+00:00
Method: GET
Path: /profiles/sessions/696cdd26-81ad-4abf-bf22-bdaa129b2ad1
Query: 
Headers:
  host: 127.0.0.1
  user-agent: curl/8.7.1
  accept: */*
Body:
<empty>

======================================================================
Timestamp: 2026-09-01T16:59:47.556158+00:00
Method: GET
Path: /applications/3133a1ba-bf7b-443b-9e8a-f1d5f3b2ac7b/configuration
Query: 
Headers:
  host: 127.0.0.1
  user-agent: curl/8.7.1
  accept: */*
Body:
<empty>

======================================================================
Timestamp: 2026-09-01T17:08:03.250243+00:00
Method: POST
Path: /v2/connections
Query: 
Headers:
  host: 127.0.0.1
  user-agent: curl/8.7.1
  accept: */*
Body:
<empty>

======================================================================
Timestamp: 2026-09-01T23:00:33.391130+00:00
Method: POST
Path: /v2/profiles/sessions
Query: 
Headers:
  user-agent: UbiServices_SDK_HTTP_Client_2.1.5.123179_WIIU
  host: api-ubiservices.ubi.com
  accept: */*
  authorization: wiiu t=VjrvUQAFAAAQF5EAAAABoF8zLS0AAAGgZFmJLWb4w7oHmodaTXK7GINbEvVXPq+A8ZANOtx3hVrfoexX
  content-type: application/json
  ubi-appbuildid: JD2015WIIU_E163180
  ubi-appid: 3133a1ba-bf7b-443b-9e8a-f1d5f3b2ac7b
  content-length: 111
Body:
{"genomeId":"3133a1ba-bf7b-443b-9e8a-f1d5f3b2ac7b","nameOnPlatform":"DragonKing17","idOnPlatform":"1446702929"}

======================================================================
Timestamp: 2026-09-01T23:00:34.259403+00:00
Method: POST
Path: /v2/profiles/sessions
Query: 
Headers:
  user-agent: UbiServices_SDK_HTTP_Client_2.1.5.123179_WIIU
  host: api-ubiservices.ubi.com
  accept: */*
  authorization: wiiu t=VjrvUQAFAAAQF5EAAAABoF8zLS0AAAGgZFmJLWb4w7oHmodaTXK7GINbEvVXPq+A8ZANOtx3hVrfoexX
  content-type: application/json
  ubi-appbuildid: JD2015WIIU_E163180
  ubi-appid: 3133a1ba-bf7b-443b-9e8a-f1d5f3b2ac7b
  content-length: 111
Body:
{"genomeId":"3133a1ba-bf7b-443b-9e8a-f1d5f3b2ac7b","nameOnPlatform":"DragonKing17","idOnPlatform":"1446702929"}

======================================================================
Timestamp: 2026-09-01T23:00:34.778057+00:00
Method: POST
Path: /v2/profiles/sessions
Query: 
Headers:
  user-agent: UbiServices_SDK_HTTP_Client_2.1.5.123179_WIIU
  host: api-ubiservices.ubi.com
  accept: */*
  authorization: wiiu t=VjrvUQAFAAAQF5EAAAABoF8zLS0AAAGgZFmJLWb4w7oHmodaTXK7GINbEvVXPq+A8ZANOtx3hVrfoexX
  content-type: application/json
  ubi-appbuildid: JD2015WIIU_E163180
  ubi-appid: 3133a1ba-bf7b-443b-9e8a-f1d5f3b2ac7b
  content-length: 111
Body:
{"genomeId":"3133a1ba-bf7b-443b-9e8a-f1d5f3b2ac7b","nameOnPlatform":"DragonKing17","idOnPlatform":"1446702929"}

======================================================================
Timestamp: 2026-09-01T23:00:35.328949+00:00
Method: POST
Path: /v2/profiles/sessions
Query: 
Headers:
  user-agent: UbiServices_SDK_HTTP_Client_2.1.5.123179_WIIU
  host: api-ubiservices.ubi.com
  accept: */*
  authorization: wiiu t=VjrvUQAFAAAQF5EAAAABoF8zLS0AAAGgZFmJLWb4w7oHmodaTXK7GINbEvVXPq+A8ZANOtx3hVrfoexX
  content-type: application/json
  ubi-appbuildid: JD2015WIIU_E163180
  ubi-appid: 3133a1ba-bf7b-443b-9e8a-f1d5f3b2ac7b
  content-length: 111
Body:
{"genomeId":"3133a1ba-bf7b-443b-9e8a-f1d5f3b2ac7b","nameOnPlatform":"DragonKing17","idOnPlatform":"1446702929"}

======================================================================
Timestamp: 2026-09-01T23:00:43.498526+00:00
Method: POST
Path: /v2/profiles/sessions
Query: 
Headers:
  user-agent: UbiServices_SDK_HTTP_Client_2.1.5.123179_WIIU
  host: api-ubiservices.ubi.com
  accept: */*
  authorization: wiiu t=VjrvUQAFAAAQF5EAAAABoF8zLS0AAAGgZFmJLWb4w7oHmodaTXK7GINbEvVXPq+A8ZANOtx3hVrfoexX
  content-type: application/json
  ubi-appbuildid: JD2015WIIU_E163180
  ubi-appid: 3133a1ba-bf7b-443b-9e8a-f1d5f3b2ac7b
  content-length: 111
Body:
{"genomeId":"3133a1ba-bf7b-443b-9e8a-f1d5f3b2ac7b","nameOnPlatform":"DragonKing17","idOnPlatform":"1446702929"}

======================================================================
Timestamp: 2026-09-01T23:00:53.642338+00:00
Method: POST
Path: /v2/profiles/sessions
Query: 
Headers:
  user-agent: UbiServices_SDK_HTTP_Client_2.1.5.123179_WIIU
  host: api-ubiservices.ubi.com
  accept: */*
  authorization: wiiu t=VjrvUQAFAAAQF5EAAAABoF8zLS0AAAGgZFmJLWb4w7oHmodaTXK7GINbEvVXPq+A8ZANOtx3hVrfoexX
  content-type: application/json
  ubi-appbuildid: JD2015WIIU_E163180
  ubi-appid: 3133a1ba-bf7b-443b-9e8a-f1d5f3b2ac7b
  content-length: 111
Body:
{"genomeId":"3133a1ba-bf7b-443b-9e8a-f1d5f3b2ac7b","nameOnPlatform":"DragonKing17","idOnPlatform":"1446702929"}

======================================================================
Timestamp: 2026-09-01T23:00:59.625774+00:00
Method: POST
Path: /v2/profiles/sessions
Query: 
Headers:
  user-agent: UbiServices_SDK_HTTP_Client_2.1.5.123179_WIIU
  host: api-ubiservices.ubi.com
  accept: */*
  authorization: wiiu t=VjrvUQAFAAAQF5EAAAABoF8zLS0AAAGgZFmJLWb4w7oHmodaTXK7GINbEvVXPq+A8ZANOtx3hVrfoexX
  content-type: application/json
  ubi-appbuildid: JD2015WIIU_E163180
  ubi-appid: 3133a1ba-bf7b-443b-9e8a-f1d5f3b2ac7b
  content-length: 111
Body:
{"genomeId":"3133a1ba-bf7b-443b-9e8a-f1d5f3b2ac7b","nameOnPlatform":"DragonKing17","idOnPlatform":"1446702929"}

======================================================================
Timestamp: 2026-09-01T23:35:52.402794+00:00
Method: POST
Path: /v2/profiles/sessions
Query: 
Headers:
  user-agent: UbiServices_SDK_HTTP_Client_2.1.5.123179_WIIU
  host: api-ubiservices.ubi.com
  accept: */*
  authorization: wiiu t=VjrvUQAFAAAQF5EAAAABoF9TXDwAAAGgZHm4PHc7qbxRzlrPBE/w7NLZdITyJNfuhEHJ56ct+azNxUhy
  content-type: application/json
  ubi-appbuildid: JD2015WIIU_E163180
  ubi-appid: 3133a1ba-bf7b-443b-9e8a-f1d5f3b2ac7b
  content-length: 111
Body:
{"genomeId":"3133a1ba-bf7b-443b-9e8a-f1d5f3b2ac7b","nameOnPlatform":"DragonKing17","idOnPlatform":"1446702929"}

======================================================================
Timestamp: 2026-09-01T23:35:53.218985+00:00
Method: POST
Path: /v2/profiles/sessions
Query: 
Headers:
  user-agent: UbiServices_SDK_HTTP_Client_2.1.5.123179_WIIU
  host: api-ubiservices.ubi.com
  accept: */*
  authorization: wiiu t=VjrvUQAFAAAQF5EAAAABoF9TXDwAAAGgZHm4PHc7qbxRzlrPBE/w7NLZdITyJNfuhEHJ56ct+azNxUhy
  content-type: application/json
  ubi-appbuildid: JD2015WIIU_E163180
  ubi-appid: 3133a1ba-bf7b-443b-9e8a-f1d5f3b2ac7b
  content-length: 111
Body:
{"genomeId":"3133a1ba-bf7b-443b-9e8a-f1d5f3b2ac7b","nameOnPlatform":"DragonKing17","idOnPlatform":"1446702929"}

======================================================================
Timestamp: 2026-09-01T23:35:54.048167+00:00
Method: POST
Path: /v2/profiles/sessions
Query: 
Headers:
  user-agent: UbiServices_SDK_HTTP_Client_2.1.5.123179_WIIU
  host: api-ubiservices.ubi.com
  accept: */*
  authorization: wiiu t=VjrvUQAFAAAQF5EAAAABoF9TXDwAAAGgZHm4PHc7qbxRzlrPBE/w7NLZdITyJNfuhEHJ56ct+azNxUhy
  content-type: application/json
  ubi-appbuildid: JD2015WIIU_E163180
  ubi-appid: 3133a1ba-bf7b-443b-9e8a-f1d5f3b2ac7b
  content-length: 111
Body:
{"genomeId":"3133a1ba-bf7b-443b-9e8a-f1d5f3b2ac7b","nameOnPlatform":"DragonKing17","idOnPlatform":"1446702929"}

======================================================================
Timestamp: 2026-09-01T23:35:54.708592+00:00
Method: POST
Path: /v2/profiles/sessions
Query: 
Headers:
  user-agent: UbiServices_SDK_HTTP_Client_2.1.5.123179_WIIU
  host: api-ubiservices.ubi.com
  accept: */*
  authorization: wiiu t=VjrvUQAFAAAQF5EAAAABoF9TXDwAAAGgZHm4PHc7qbxRzlrPBE/w7NLZdITyJNfuhEHJ56ct+azNxUhy
  content-type: application/json
  ubi-appbuildid: JD2015WIIU_E163180
  ubi-appid: 3133a1ba-bf7b-443b-9e8a-f1d5f3b2ac7b
  content-length: 111
Body:
{"genomeId":"3133a1ba-bf7b-443b-9e8a-f1d5f3b2ac7b","nameOnPlatform":"DragonKing17","idOnPlatform":"1446702929"}

======================================================================
Timestamp: 2026-09-01T23:36:02.756211+00:00
Method: POST
Path: /v2/profiles/sessions
Query: 
Headers:
  user-agent: UbiServices_SDK_HTTP_Client_2.1.5.123179_WIIU
  host: api-ubiservices.ubi.com
  accept: */*
  authorization: wiiu t=VjrvUQAFAAAQF5EAAAABoF9TXDwAAAGgZHm4PHc7qbxRzlrPBE/w7NLZdITyJNfuhEHJ56ct+azNxUhy
  content-type: application/json
  ubi-appbuildid: JD2015WIIU_E163180
  ubi-appid: 3133a1ba-bf7b-443b-9e8a-f1d5f3b2ac7b
  content-length: 111
Body:
{"genomeId":"3133a1ba-bf7b-443b-9e8a-f1d5f3b2ac7b","nameOnPlatform":"DragonKing17","idOnPlatform":"1446702929"}

======================================================================
Timestamp: 2026-09-01T23:36:06.369677+00:00
Method: POST
Path: /v2/profiles/sessions
Query: 
Headers:
  user-agent: UbiServices_SDK_HTTP_Client_2.1.5.123179_WIIU
  host: api-ubiservices.ubi.com
  accept: */*
  authorization: wiiu t=VjrvUQAFAAAQF5EAAAABoF9TXDwAAAGgZHm4PHc7qbxRzlrPBE/w7NLZdITyJNfuhEHJ56ct+azNxUhy
  content-type: application/json
  ubi-appbuildid: JD2015WIIU_E163180
  ubi-appid: 3133a1ba-bf7b-443b-9e8a-f1d5f3b2ac7b
  content-length: 111
Body:
{"genomeId":"3133a1ba-bf7b-443b-9e8a-f1d5f3b2ac7b","nameOnPlatform":"DragonKing17","idOnPlatform":"1446702929"}

======================================================================
Timestamp: 2026-09-01T23:36:11.233257+00:00
Method: POST
Path: /v2/profiles/sessions
Query: 
Headers:
  user-agent: UbiServices_SDK_HTTP_Client_2.1.5.123179_WIIU
  host: api-ubiservices.ubi.com
  accept: */*
  authorization: wiiu t=VjrvUQAFAAAQF5EAAAABoF9TXDwAAAGgZHm4PHc7qbxRzlrPBE/w7NLZdITyJNfuhEHJ56ct+azNxUhy
  content-type: application/json
  ubi-appbuildid: JD2015WIIU_E163180
  ubi-appid: 3133a1ba-bf7b-443b-9e8a-f1d5f3b2ac7b
  content-length: 111
Body:
{"genomeId":"3133a1ba-bf7b-443b-9e8a-f1d5f3b2ac7b","nameOnPlatform":"DragonKing17","idOnPlatform":"1446702929"}

======================================================================
Timestamp: 2026-09-01T23:36:15.333557+00:00
Method: POST
Path: /v2/profiles/sessions
Query: 
Headers:
  user-agent: UbiServices_SDK_HTTP_Client_2.1.5.123179_WIIU
  host: api-ubiservices.ubi.com
  accept: */*
  authorization: wiiu t=VjrvUQAFAAAQF5EAAAABoF9TXDwAAAGgZHm4PHc7qbxRzlrPBE/w7NLZdITyJNfuhEHJ56ct+azNxUhy
  content-type: application/json
  ubi-appbuildid: JD2015WIIU_E163180
  ubi-appid: 3133a1ba-bf7b-443b-9e8a-f1d5f3b2ac7b
  content-length: 111
Body:
{"genomeId":"3133a1ba-bf7b-443b-9e8a-f1d5f3b2ac7b","nameOnPlatform":"DragonKing17","idOnPlatform":"1446702929"}

======================================================================
Timestamp: 2026-09-02T00:24:40.204402+00:00
Method: POST
Path: /v2/profiles/sessions
Query: 
Headers:
  user-agent: UbiServices_SDK_HTTP_Client_2.1.5.123179_WIIU
  host: api-ubiservices.ubi.com
  accept: */*
  authorization: wiiu t=VjrvUQAFAAAQF5EAAAABoF+AB1QAAAGgZKZjVGObcjgg3exxdTSOSKJFDlY9gu9w/zn26ZwNeVIe2EFL
  content-type: application/json
  ubi-appbuildid: JD2015WIIU_E163180
  ubi-appid: 3133a1ba-bf7b-443b-9e8a-f1d5f3b2ac7b
  content-length: 111
Body:
{"genomeId":"3133a1ba-bf7b-443b-9e8a-f1d5f3b2ac7b","nameOnPlatform":"DragonKing17","idOnPlatform":"1446702929"}

======================================================================
Timestamp: 2026-09-02T00:24:41.019903+00:00
Method: POST
Path: /v2/profiles/sessions
Query: 
Headers:
  user-agent: UbiServices_SDK_HTTP_Client_2.1.5.123179_WIIU
  host: api-ubiservices.ubi.com
  accept: */*
  authorization: wiiu t=VjrvUQAFAAAQF5EAAAABoF+AB1QAAAGgZKZjVGObcjgg3exxdTSOSKJFDlY9gu9w/zn26ZwNeVIe2EFL
  content-type: application/json
  ubi-appbuildid: JD2015WIIU_E163180
  ubi-appid: 3133a1ba-bf7b-443b-9e8a-f1d5f3b2ac7b
  content-length: 111
Body:
{"genomeId":"3133a1ba-bf7b-443b-9e8a-f1d5f3b2ac7b","nameOnPlatform":"DragonKing17","idOnPlatform":"1446702929"}

======================================================================
Timestamp: 2026-09-02T00:24:42.107667+00:00
Method: POST
Path: /v2/profiles/sessions
Query: 
Headers:
  user-agent: UbiServices_SDK_HTTP_Client_2.1.5.123179_WIIU
  host: api-ubiservices.ubi.com
  accept: */*
  authorization: wiiu t=VjrvUQAFAAAQF5EAAAABoF+AB1QAAAGgZKZjVGObcjgg3exxdTSOSKJFDlY9gu9w/zn26ZwNeVIe2EFL
  content-type: application/json
  ubi-appbuildid: JD2015WIIU_E163180
  ubi-appid: 3133a1ba-bf7b-443b-9e8a-f1d5f3b2ac7b
  content-length: 111
Body:
{"genomeId":"3133a1ba-bf7b-443b-9e8a-f1d5f3b2ac7b","nameOnPlatform":"DragonKing17","idOnPlatform":"1446702929"}

======================================================================
Timestamp: 2026-09-02T00:24:43.212269+00:00
Method: POST
Path: /v2/profiles/sessions
Query: 
Headers:
  user-agent: UbiServices_SDK_HTTP_Client_2.1.5.123179_WIIU
  host: api-ubiservices.ubi.com
  accept: */*
  authorization: wiiu t=VjrvUQAFAAAQF5EAAAABoF+AB1QAAAGgZKZjVGObcjgg3exxdTSOSKJFDlY9gu9w/zn26ZwNeVIe2EFL
  content-type: application/json
  ubi-appbuildid: JD2015WIIU_E163180
  ubi-appid: 3133a1ba-bf7b-443b-9e8a-f1d5f3b2ac7b
  content-length: 111
Body:
{"genomeId":"3133a1ba-bf7b-443b-9e8a-f1d5f3b2ac7b","nameOnPlatform":"DragonKing17","idOnPlatform":"1446702929"}

======================================================================
Timestamp: 2026-09-02T00:24:50.568583+00:00
Method: POST
Path: /v2/profiles/sessions
Query: 
Headers:
  user-agent: UbiServices_SDK_HTTP_Client_2.1.5.123179_WIIU
  host: api-ubiservices.ubi.com
  accept: */*
  authorization: wiiu t=VjrvUQAFAAAQF5EAAAABoF+AB1QAAAGgZKZjVGObcjgg3exxdTSOSKJFDlY9gu9w/zn26ZwNeVIe2EFL
  content-type: application/json
  ubi-appbuildid: JD2015WIIU_E163180
  ubi-appid: 3133a1ba-bf7b-443b-9e8a-f1d5f3b2ac7b
  content-length: 111
Body:
{"genomeId":"3133a1ba-bf7b-443b-9e8a-f1d5f3b2ac7b","nameOnPlatform":"DragonKing17","idOnPlatform":"1446702929"}

======================================================================
Timestamp: 2026-09-02T00:24:56.555105+00:00
Method: POST
Path: /v2/profiles/sessions
Query: 
Headers:
  user-agent: UbiServices_SDK_HTTP_Client_2.1.5.123179_WIIU
  host: api-ubiservices.ubi.com
  accept: */*
  authorization: wiiu t=VjrvUQAFAAAQF5EAAAABoF+AB1QAAAGgZKZjVGObcjgg3exxdTSOSKJFDlY9gu9w/zn26ZwNeVIe2EFL
  content-type: application/json
  ubi-appbuildid: JD2015WIIU_E163180
  ubi-appid: 3133a1ba-bf7b-443b-9e8a-f1d5f3b2ac7b
  content-length: 111
Body:
{"genomeId":"3133a1ba-bf7b-443b-9e8a-f1d5f3b2ac7b","nameOnPlatform":"DragonKing17","idOnPlatform":"1446702929"}

======================================================================
Timestamp: 2026-09-02T00:25:04.796227+00:00
Method: POST
Path: /v2/profiles/sessions
Query: 
Headers:
  user-agent: UbiServices_SDK_HTTP_Client_2.1.5.123179_WIIU
  host: api-ubiservices.ubi.com
  accept: */*
  authorization: wiiu t=VjrvUQAFAAAQF5EAAAABoF+AB1QAAAGgZKZjVGObcjgg3exxdTSOSKJFDlY9gu9w/zn26ZwNeVIe2EFL
  content-type: application/json
  ubi-appbuildid: JD2015WIIU_E163180
  ubi-appid: 3133a1ba-bf7b-443b-9e8a-f1d5f3b2ac7b
  content-length: 111
Body:
{"genomeId":"3133a1ba-bf7b-443b-9e8a-f1d5f3b2ac7b","nameOnPlatform":"DragonKing17","idOnPlatform":"1446702929"}

======================================================================
Timestamp: 2026-09-02T00:25:06.105870+00:00
Method: POST
Path: /v2/profiles/sessions
Query: 
Headers:
  user-agent: UbiServices_SDK_HTTP_Client_2.1.5.123179_WIIU
  host: api-ubiservices.ubi.com
  accept: */*
  authorization: wiiu t=VjrvUQAFAAAQF5EAAAABoF+AB1QAAAGgZKZjVGObcjgg3exxdTSOSKJFDlY9gu9w/zn26ZwNeVIe2EFL
  content-type: application/json
  ubi-appbuildid: JD2015WIIU_E163180
  ubi-appid: 3133a1ba-bf7b-443b-9e8a-f1d5f3b2ac7b
  content-length: 111
Body:
{"genomeId":"3133a1ba-bf7b-443b-9e8a-f1d5f3b2ac7b","nameOnPlatform":"DragonKing17","idOnPlatform":"1446702929"}

======================================================================
Timestamp: 2026-09-02T00:25:10.663441+00:00
Method: POST
Path: /v2/profiles/sessions
Query: 
Headers:
  user-agent: UbiServices_SDK_HTTP_Client_2.1.5.123179_WIIU
  host: api-ubiservices.ubi.com
  accept: */*
  authorization: wiiu t=VjrvUQAFAAAQF5EAAAABoF+AB1QAAAGgZKZjVGObcjgg3exxdTSOSKJFDlY9gu9w/zn26ZwNeVIe2EFL
  content-type: application/json
  ubi-appbuildid: JD2015WIIU_E163180
  ubi-appid: 3133a1ba-bf7b-443b-9e8a-f1d5f3b2ac7b
  content-length: 111
Body:
{"genomeId":"3133a1ba-bf7b-443b-9e8a-f1d5f3b2ac7b","nameOnPlatform":"DragonKing17","idOnPlatform":"1446702929"}

======================================================================
Timestamp: 2026-09-02T00:25:11.656594+00:00
Method: POST
Path: /v2/profiles/sessions
Query: 
Headers:
  user-agent: UbiServices_SDK_HTTP_Client_2.1.5.123179_WIIU
  host: api-ubiservices.ubi.com
  accept: */*
  authorization: wiiu t=VjrvUQAFAAAQF5EAAAABoF+AB1QAAAGgZKZjVGObcjgg3exxdTSOSKJFDlY9gu9w/zn26ZwNeVIe2EFL
  content-type: application/json
  ubi-appbuildid: JD2015WIIU_E163180
  ubi-appid: 3133a1ba-bf7b-443b-9e8a-f1d5f3b2ac7b
  content-length: 111
Body:
{"genomeId":"3133a1ba-bf7b-443b-9e8a-f1d5f3b2ac7b","nameOnPlatform":"DragonKing17","idOnPlatform":"1446702929"}

======================================================================
Timestamp: 2026-09-02T00:25:12.687237+00:00
Method: POST
Path: /v2/profiles/sessions
Query: 
Headers:
  user-agent: UbiServices_SDK_HTTP_Client_2.1.5.123179_WIIU
  host: api-ubiservices.ubi.com
  accept: */*
  authorization: wiiu t=VjrvUQAFAAAQF5EAAAABoF+AB1QAAAGgZKZjVGObcjgg3exxdTSOSKJFDlY9gu9w/zn26ZwNeVIe2EFL
  content-type: application/json
  ubi-appbuildid: JD2015WIIU_E163180
  ubi-appid: 3133a1ba-bf7b-443b-9e8a-f1d5f3b2ac7b
  content-length: 111
Body:
{"genomeId":"3133a1ba-bf7b-443b-9e8a-f1d5f3b2ac7b","nameOnPlatform":"DragonKing17","idOnPlatform":"1446702929"}

======================================================================
Timestamp: 2026-09-02T00:33:06.156091+00:00
Method: POST
Path: /v2/profiles/sessions
Query: 
Headers:
  host: 127.0.0.1
  user-agent: curl/8.7.1
  accept: */*
  content-type: application/json
  authorization: test-session
  content-length: 111
Body:
{"genomeId":"3133a1ba-bf7b-443b-9e8a-f1d5f3b2ac7b","nameOnPlatform":"DragonKing17","idOnPlatform":"1446702929"}

======================================================================
Timestamp: 2026-09-02T00:35:21.844020+00:00
Method: POST
Path: /v2/profiles/sessions
Query: 
Headers:
  user-agent: UbiServices_SDK_HTTP_Client_2.1.5.123179_WIIU
  host: api-ubiservices.ubi.com
  accept: */*
  authorization: wiiu t=VjrvUQAFAAAQF5EAAAABoF+KEzsAAAGgZLBvO4q1mW2SVFP6Q8UwQrYyqZT7QUCPl+oLlgRkM876B0es
  content-type: application/json
  ubi-appbuildid: JD2015WIIU_E163180
  ubi-appid: 3133a1ba-bf7b-443b-9e8a-f1d5f3b2ac7b
  content-length: 111
Body:
{"genomeId":"3133a1ba-bf7b-443b-9e8a-f1d5f3b2ac7b","nameOnPlatform":"DragonKing17","idOnPlatform":"1446702929"}

======================================================================
Timestamp: 2026-09-02T00:35:22.450113+00:00
Method: POST
Path: /v2/profiles/sessions
Query: 
Headers:
  user-agent: UbiServices_SDK_HTTP_Client_2.1.5.123179_WIIU
  host: api-ubiservices.ubi.com
  accept: */*
  authorization: wiiu t=VjrvUQAFAAAQF5EAAAABoF+KEzsAAAGgZLBvO4q1mW2SVFP6Q8UwQrYyqZT7QUCPl+oLlgRkM876B0es
  content-type: application/json
  ubi-appbuildid: JD2015WIIU_E163180
  ubi-appid: 3133a1ba-bf7b-443b-9e8a-f1d5f3b2ac7b
  content-length: 111
Body:
{"genomeId":"3133a1ba-bf7b-443b-9e8a-f1d5f3b2ac7b","nameOnPlatform":"DragonKing17","idOnPlatform":"1446702929"}

======================================================================
Timestamp: 2026-09-02T00:35:23.023123+00:00
Method: POST
Path: /v2/profiles/sessions
Query: 
Headers:
  user-agent: UbiServices_SDK_HTTP_Client_2.1.5.123179_WIIU
  host: api-ubiservices.ubi.com
  accept: */*
  authorization: wiiu t=VjrvUQAFAAAQF5EAAAABoF+KEzsAAAGgZLBvO4q1mW2SVFP6Q8UwQrYyqZT7QUCPl+oLlgRkM876B0es
  content-type: application/json
  ubi-appbuildid: JD2015WIIU_E163180
  ubi-appid: 3133a1ba-bf7b-443b-9e8a-f1d5f3b2ac7b
  content-length: 111
Body:
{"genomeId":"3133a1ba-bf7b-443b-9e8a-f1d5f3b2ac7b","nameOnPlatform":"DragonKing17","idOnPlatform":"1446702929"}

======================================================================
Timestamp: 2026-09-02T00:35:23.684463+00:00
Method: POST
Path: /v2/profiles/sessions
Query: 
Headers:
  user-agent: UbiServices_SDK_HTTP_Client_2.1.5.123179_WIIU
  host: api-ubiservices.ubi.com
  accept: */*
  authorization: wiiu t=VjrvUQAFAAAQF5EAAAABoF+KEzsAAAGgZLBvO4q1mW2SVFP6Q8UwQrYyqZT7QUCPl+oLlgRkM876B0es
  content-type: application/json
  ubi-appbuildid: JD2015WIIU_E163180
  ubi-appid: 3133a1ba-bf7b-443b-9e8a-f1d5f3b2ac7b
  content-length: 111
Body:
{"genomeId":"3133a1ba-bf7b-443b-9e8a-f1d5f3b2ac7b","nameOnPlatform":"DragonKing17","idOnPlatform":"1446702929"}

======================================================================
Timestamp: 2026-09-02T00:35:38.558048+00:00
Method: POST
Path: /v2/profiles/sessions
Query: 
Headers:
  user-agent: UbiServices_SDK_HTTP_Client_2.1.5.123179_WIIU
  host: api-ubiservices.ubi.com
  accept: */*
  authorization: wiiu t=VjrvUQAFAAAQF5EAAAABoF+KEzsAAAGgZLBvO4q1mW2SVFP6Q8UwQrYyqZT7QUCPl+oLlgRkM876B0es
  content-type: application/json
  ubi-appbuildid: JD2015WIIU_E163180
  ubi-appid: 3133a1ba-bf7b-443b-9e8a-f1d5f3b2ac7b
  content-length: 111
Body:
{"genomeId":"3133a1ba-bf7b-443b-9e8a-f1d5f3b2ac7b","nameOnPlatform":"DragonKing17","idOnPlatform":"1446702929"}

======================================================================
Timestamp: 2026-09-02T00:35:45.961040+00:00
Method: POST
Path: /v2/profiles/sessions
Query: 
Headers:
  user-agent: UbiServices_SDK_HTTP_Client_2.1.5.123179_WIIU
  host: api-ubiservices.ubi.com
  accept: */*
  authorization: wiiu t=VjrvUQAFAAAQF5EAAAABoF+KEzsAAAGgZLBvO4q1mW2SVFP6Q8UwQrYyqZT7QUCPl+oLlgRkM876B0es
  content-type: application/json
  ubi-appbuildid: JD2015WIIU_E163180
  ubi-appid: 3133a1ba-bf7b-443b-9e8a-f1d5f3b2ac7b
  content-length: 111
Body:
{"genomeId":"3133a1ba-bf7b-443b-9e8a-f1d5f3b2ac7b","nameOnPlatform":"DragonKing17","idOnPlatform":"1446702929"}

======================================================================
Timestamp: 2026-09-02T00:36:13.176913+00:00
Method: POST
Path: /v2/profiles/sessions
Query: 
Headers:
  user-agent: UbiServices_SDK_HTTP_Client_2.1.5.123179_WIIU
  host: api-ubiservices.ubi.com
  accept: */*
  authorization: wiiu t=VjrvUQAFAAAQF5EAAAABoF+KEzsAAAGgZLBvO4q1mW2SVFP6Q8UwQrYyqZT7QUCPl+oLlgRkM876B0es
  content-type: application/json
  ubi-appbuildid: JD2015WIIU_E163180
  ubi-appid: 3133a1ba-bf7b-443b-9e8a-f1d5f3b2ac7b
  content-length: 111
Body:
{"genomeId":"3133a1ba-bf7b-443b-9e8a-f1d5f3b2ac7b","nameOnPlatform":"DragonKing17","idOnPlatform":"1446702929"}

======================================================================
Timestamp: 2026-09-02T00:36:13.830636+00:00
Method: POST
Path: /v2/profiles/sessions
Query: 
Headers:
  user-agent: UbiServices_SDK_HTTP_Client_2.1.5.123179_WIIU
  host: api-ubiservices.ubi.com
  accept: */*
  authorization: wiiu t=VjrvUQAFAAAQF5EAAAABoF+KEzsAAAGgZLBvO4q1mW2SVFP6Q8UwQrYyqZT7QUCPl+oLlgRkM876B0es
  content-type: application/json
  ubi-appbuildid: JD2015WIIU_E163180
  ubi-appid: 3133a1ba-bf7b-443b-9e8a-f1d5f3b2ac7b
  content-length: 111
Body:
{"genomeId":"3133a1ba-bf7b-443b-9e8a-f1d5f3b2ac7b","nameOnPlatform":"DragonKing17","idOnPlatform":"1446702929"}

======================================================================
Timestamp: 2026-09-02T00:36:14.318382+00:00
Method: POST
Path: /v2/profiles/sessions
Query: 
Headers:
  user-agent: UbiServices_SDK_HTTP_Client_2.1.5.123179_WIIU
  host: api-ubiservices.ubi.com
  accept: */*
  authorization: wiiu t=VjrvUQAFAAAQF5EAAAABoF+KEzsAAAGgZLBvO4q1mW2SVFP6Q8UwQrYyqZT7QUCPl+oLlgRkM876B0es
  content-type: application/json
  ubi-appbuildid: JD2015WIIU_E163180
  ubi-appid: 3133a1ba-bf7b-443b-9e8a-f1d5f3b2ac7b
  content-length: 111
Body:
{"genomeId":"3133a1ba-bf7b-443b-9e8a-f1d5f3b2ac7b","nameOnPlatform":"DragonKing17","idOnPlatform":"1446702929"}

======================================================================
Timestamp: 2026-09-02T00:38:05.215663+00:00
Method: POST
Path: /v2/profiles/sessions
Query: 
Headers:
  user-agent: UbiServices_SDK_HTTP_Client_2.1.5.123179_WIIU
  host: api-ubiservices.ubi.com
  accept: */*
  authorization: wiiu t=VjrvUQAFAAAQF5EAAAABoF+KEzsAAAGgZLBvO4q1mW2SVFP6Q8UwQrYyqZT7QUCPl+oLlgRkM876B0es
  content-type: application/json
  ubi-appbuildid: JD2015WIIU_E163180
  ubi-appid: 3133a1ba-bf7b-443b-9e8a-f1d5f3b2ac7b
  content-length: 111
Body:
{"genomeId":"3133a1ba-bf7b-443b-9e8a-f1d5f3b2ac7b","nameOnPlatform":"DragonKing17","idOnPlatform":"1446702929"}

======================================================================
Timestamp: 2026-09-02T00:38:05.891640+00:00
Method: POST
Path: /v2/profiles/sessions
Query: 
Headers:
  user-agent: UbiServices_SDK_HTTP_Client_2.1.5.123179_WIIU
  host: api-ubiservices.ubi.com
  accept: */*
  authorization: wiiu t=VjrvUQAFAAAQF5EAAAABoF+KEzsAAAGgZLBvO4q1mW2SVFP6Q8UwQrYyqZT7QUCPl+oLlgRkM876B0es
  content-type: application/json
  ubi-appbuildid: JD2015WIIU_E163180
  ubi-appid: 3133a1ba-bf7b-443b-9e8a-f1d5f3b2ac7b
  content-length: 111
Body:
{"genomeId":"3133a1ba-bf7b-443b-9e8a-f1d5f3b2ac7b","nameOnPlatform":"DragonKing17","idOnPlatform":"1446702929"}

======================================================================
Timestamp: 2026-09-02T00:38:06.467870+00:00
Method: POST
Path: /v2/profiles/sessions
Query: 
Headers:
  user-agent: UbiServices_SDK_HTTP_Client_2.1.5.123179_WIIU
  host: api-ubiservices.ubi.com
  accept: */*
  authorization: wiiu t=VjrvUQAFAAAQF5EAAAABoF+KEzsAAAGgZLBvO4q1mW2SVFP6Q8UwQrYyqZT7QUCPl+oLlgRkM876B0es
  content-type: application/json
  ubi-appbuildid: JD2015WIIU_E163180
  ubi-appid: 3133a1ba-bf7b-443b-9e8a-f1d5f3b2ac7b
  content-length: 111
Body:
{"genomeId":"3133a1ba-bf7b-443b-9e8a-f1d5f3b2ac7b","nameOnPlatform":"DragonKing17","idOnPlatform":"1446702929"}

======================================================================
Timestamp: 2026-09-02T00:39:51.920222+00:00
Method: POST
Path: /v2/profiles/sessions
Query: 
Headers:
  user-agent: UbiServices_SDK_HTTP_Client_2.1.5.123179_WIIU
  host: api-ubiservices.ubi.com
  accept: */*
  authorization: wiiu t=VjrvUQAFAAAQF5EAAAABoF+KEzsAAAGgZLBvO4q1mW2SVFP6Q8UwQrYyqZT7QUCPl+oLlgRkM876B0es
  content-type: application/json
  ubi-appbuildid: JD2015WIIU_E163180
  ubi-appid: 3133a1ba-bf7b-443b-9e8a-f1d5f3b2ac7b
  content-length: 111
Body:
{"genomeId":"3133a1ba-bf7b-443b-9e8a-f1d5f3b2ac7b","nameOnPlatform":"DragonKing17","idOnPlatform":"1446702929"}

======================================================================
Timestamp: 2026-09-02T00:39:58.454577+00:00
Method: POST
Path: /v2/profiles/sessions
Query: 
Headers:
  user-agent: UbiServices_SDK_HTTP_Client_2.1.5.123179_WIIU
  host: api-ubiservices.ubi.com
  accept: */*
  authorization: wiiu t=VjrvUQAFAAAQF5EAAAABoF+KEzsAAAGgZLBvO4q1mW2SVFP6Q8UwQrYyqZT7QUCPl+oLlgRkM876B0es
  content-type: application/json
  ubi-appbuildid: JD2015WIIU_E163180
  ubi-appid: 3133a1ba-bf7b-443b-9e8a-f1d5f3b2ac7b
  content-length: 111
Body:
{"genomeId":"3133a1ba-bf7b-443b-9e8a-f1d5f3b2ac7b","nameOnPlatform":"DragonKing17","idOnPlatform":"1446702929"}

======================================================================
Timestamp: 2026-09-02T00:39:59.154957+00:00
Method: POST
Path: /v2/profiles/sessions
Query: 
Headers:
  user-agent: UbiServices_SDK_HTTP_Client_2.1.5.123179_WIIU
  host: api-ubiservices.ubi.com
  accept: */*
  authorization: wiiu t=VjrvUQAFAAAQF5EAAAABoF+KEzsAAAGgZLBvO4q1mW2SVFP6Q8UwQrYyqZT7QUCPl+oLlgRkM876B0es
  content-type: application/json
  ubi-appbuildid: JD2015WIIU_E163180
  ubi-appid: 3133a1ba-bf7b-443b-9e8a-f1d5f3b2ac7b
  content-length: 111
Body:
{"genomeId":"3133a1ba-bf7b-443b-9e8a-f1d5f3b2ac7b","nameOnPlatform":"DragonKing17","idOnPlatform":"1446702929"}

======================================================================
Timestamp: 2026-09-02T00:40:03.739783+00:00
Method: POST
Path: /v2/profiles/sessions
Query: 
Headers:
  user-agent: UbiServices_SDK_HTTP_Client_2.1.5.123179_WIIU
  host: api-ubiservices.ubi.com
  accept: */*
  authorization: wiiu t=VjrvUQAFAAAQF5EAAAABoF+KEzsAAAGgZLBvO4q1mW2SVFP6Q8UwQrYyqZT7QUCPl+oLlgRkM876B0es
  content-type: application/json
  ubi-appbuildid: JD2015WIIU_E163180
  ubi-appid: 3133a1ba-bf7b-443b-9e8a-f1d5f3b2ac7b
  content-length: 111
Body:
{"genomeId":"3133a1ba-bf7b-443b-9e8a-f1d5f3b2ac7b","nameOnPlatform":"DragonKing17","idOnPlatform":"1446702929"}

======================================================================
Timestamp: 2026-09-02T00:40:04.395352+00:00
Method: POST
Path: /v2/profiles/sessions
Query: 
Headers:
  user-agent: UbiServices_SDK_HTTP_Client_2.1.5.123179_WIIU
  host: api-ubiservices.ubi.com
  accept: */*
  authorization: wiiu t=VjrvUQAFAAAQF5EAAAABoF+KEzsAAAGgZLBvO4q1mW2SVFP6Q8UwQrYyqZT7QUCPl+oLlgRkM876B0es
  content-type: application/json
  ubi-appbuildid: JD2015WIIU_E163180
  ubi-appid: 3133a1ba-bf7b-443b-9e8a-f1d5f3b2ac7b
  content-length: 111
Body:
{"genomeId":"3133a1ba-bf7b-443b-9e8a-f1d5f3b2ac7b","nameOnPlatform":"DragonKing17","idOnPlatform":"1446702929"}

======================================================================
Timestamp: 2026-09-02T00:40:05.204270+00:00
Method: POST
Path: /v2/profiles/sessions
Query: 
Headers:
  user-agent: UbiServices_SDK_HTTP_Client_2.1.5.123179_WIIU
  host: api-ubiservices.ubi.com
  accept: */*
  authorization: wiiu t=VjrvUQAFAAAQF5EAAAABoF+KEzsAAAGgZLBvO4q1mW2SVFP6Q8UwQrYyqZT7QUCPl+oLlgRkM876B0es
  content-type: application/json
  ubi-appbuildid: JD2015WIIU_E163180
  ubi-appid: 3133a1ba-bf7b-443b-9e8a-f1d5f3b2ac7b
  content-length: 111
Body:
{"genomeId":"3133a1ba-bf7b-443b-9e8a-f1d5f3b2ac7b","nameOnPlatform":"DragonKing17","idOnPlatform":"1446702929"}

======================================================================
Timestamp: 2026-09-02T00:40:11.968101+00:00
Method: POST
Path: /v2/profiles/sessions
Query: 
Headers:
  user-agent: UbiServices_SDK_HTTP_Client_2.1.5.123179_WIIU
  host: api-ubiservices.ubi.com
  accept: */*
  authorization: wiiu t=VjrvUQAFAAAQF5EAAAABoF+KEzsAAAGgZLBvO4q1mW2SVFP6Q8UwQrYyqZT7QUCPl+oLlgRkM876B0es
  content-type: application/json
  ubi-appbuildid: JD2015WIIU_E163180
  ubi-appid: 3133a1ba-bf7b-443b-9e8a-f1d5f3b2ac7b
  content-length: 111
Body:
{"genomeId":"3133a1ba-bf7b-443b-9e8a-f1d5f3b2ac7b","nameOnPlatform":"DragonKing17","idOnPlatform":"1446702929"}

======================================================================
Timestamp: 2026-09-02T00:40:16.140335+00:00
Method: POST
Path: /v2/profiles/sessions
Query: 
Headers:
  user-agent: UbiServices_SDK_HTTP_Client_2.1.5.123179_WIIU
  host: api-ubiservices.ubi.com
  accept: */*
  authorization: wiiu t=VjrvUQAFAAAQF5EAAAABoF+KEzsAAAGgZLBvO4q1mW2SVFP6Q8UwQrYyqZT7QUCPl+oLlgRkM876B0es
  content-type: application/json
  ubi-appbuildid: JD2015WIIU_E163180
  ubi-appid: 3133a1ba-bf7b-443b-9e8a-f1d5f3b2ac7b
  content-length: 111
Body:
{"genomeId":"3133a1ba-bf7b-443b-9e8a-f1d5f3b2ac7b","nameOnPlatform":"DragonKing17","idOnPlatform":"1446702929"}

======================================================================
Timestamp: 2026-09-02T00:40:21.829332+00:00
Method: POST
Path: /v2/profiles/sessions
Query: 
Headers:
  user-agent: UbiServices_SDK_HTTP_Client_2.1.5.123179_WIIU
  host: api-ubiservices.ubi.com
  accept: */*
  authorization: wiiu t=VjrvUQAFAAAQF5EAAAABoF+KEzsAAAGgZLBvO4q1mW2SVFP6Q8UwQrYyqZT7QUCPl+oLlgRkM876B0es
  content-type: application/json
  ubi-appbuildid: JD2015WIIU_E163180
  ubi-appid: 3133a1ba-bf7b-443b-9e8a-f1d5f3b2ac7b
  content-length: 111
Body:
{"genomeId":"3133a1ba-bf7b-443b-9e8a-f1d5f3b2ac7b","nameOnPlatform":"DragonKing17","idOnPlatform":"1446702929"}

======================================================================
Timestamp: 2026-09-02T00:40:23.412333+00:00
Method: POST
Path: /v2/profiles/sessions
Query: 
Headers:
  user-agent: UbiServices_SDK_HTTP_Client_2.1.5.123179_WIIU
  host: api-ubiservices.ubi.com
  accept: */*
  authorization: wiiu t=VjrvUQAFAAAQF5EAAAABoF+KEzsAAAGgZLBvO4q1mW2SVFP6Q8UwQrYyqZT7QUCPl+oLlgRkM876B0es
  content-type: application/json
  ubi-appbuildid: JD2015WIIU_E163180
  ubi-appid: 3133a1ba-bf7b-443b-9e8a-f1d5f3b2ac7b
  content-length: 111
Body:
{"genomeId":"3133a1ba-bf7b-443b-9e8a-f1d5f3b2ac7b","nameOnPlatform":"DragonKing17","idOnPlatform":"1446702929"}

======================================================================
Timestamp: 2026-09-02T16:36:33.775050+00:00
Method: POST
Path: /v2/profiles/sessions
Query: 
Headers:
  host: 127.0.0.1
  user-agent: curl/8.7.1
  accept: */*
  content-type: application/json
  authorization: test-session
  content-length: 111
Body:
{"genomeId":"3133a1ba-bf7b-443b-9e8a-f1d5f3b2ac7b","nameOnPlatform":"DragonKing17","idOnPlatform":"1446702929"}

======================================================================
Timestamp: 2026-09-02T16:36:46.574292+00:00
Method: GET
Path: /profiles/sessions/YOUR_SESSION_ID
Query: 
Headers:
  host: 127.0.0.1
  user-agent: curl/8.7.1
  accept: */*
Body:
<empty>

======================================================================
Timestamp: 2026-09-02T16:38:11.880530+00:00
Method: GET
Path: /profiles/sessions/400fc62d-1c85-4051-81a5-661bf67596b0
Query: 
Headers:
  host: 127.0.0.1
  user-agent: curl/8.7.1
  accept: */*
Body:
<empty>

======================================================================
Timestamp: 2026-09-02T16:39:06.043734+00:00
Method: POST
Path: /v2/profiles/sessions
Query: 
Headers:
  host: 127.0.0.1
  user-agent: curl/8.7.1
  accept: */*
  content-type: application/json
  authorization: test-session
  content-length: 111
Body:
{"genomeId":"3133a1ba-bf7b-443b-9e8a-f1d5f3b2ac7b","nameOnPlatform":"DragonKing17","idOnPlatform":"1446702929"}

======================================================================
Timestamp: 2026-09-02T16:50:06.580863+00:00
Method: GET
Path: /v2/connections
Query: limit=50&offset=0&profileIds=400fc62d-1c85-4051-81a5-661bf67596b0&applications=3133a1ba-bf7b-443b-9e8a-f1d5f3b2ac7b&messageTypes=
Headers:
  host: 127.0.0.1
  user-agent: curl/8.7.1
  accept: */*
Body:
<empty>

======================================================================
Timestamp: 2026-09-02T17:04:29.873881+00:00
Method: GET
Path: /v2/connections
Query: limit=50&offset=0&profileIds=400fc62d-1c85-4051-81a5-661bf67596b0&applications=3133a1ba-bf7b-443b-9e8a-f1d5f3b2ac7b&messageTypes=
Headers:
  host: 127.0.0.1
  user-agent: curl/8.7.1
  accept: */*
Body:
<empty>

======================================================================
Timestamp: 2026-09-02T17:32:42.253451+00:00
Method: POST
Path: /v2/profiles/sessions
Query: 
Headers:
  host: 127.0.0.1
  user-agent: curl/8.7.1
  accept: */*
  content-type: application/json
  authorization: test-session
  content-length: 111
Body:
{"genomeId":"3133a1ba-bf7b-443b-9e8a-f1d5f3b2ac7b","nameOnPlatform":"DragonKing17","idOnPlatform":"1446702929"}

======================================================================
Timestamp: 2026-09-02T17:32:49.019010+00:00
Method: GET
Path: /profiles/sessions/PASTE_SESSION_ID_HERE
Query: 
Headers:
  host: 127.0.0.1
  user-agent: curl/8.7.1
  accept: */*
Body:
<empty>

======================================================================
Timestamp: 2026-09-02T17:33:55.021022+00:00
Method: GET
Path: /profiles/sessions/1159930b-7a2d-41fe-8012-a5e5ad7da0b5
Query: 
Headers:
  host: 127.0.0.1
  user-agent: curl/8.7.1
  accept: */*
Body:
<empty>

======================================================================
Timestamp: 2026-09-02T18:08:30.662988+00:00
Method: POST
Path: /v2/profiles/sessions
Query: 
Headers:
  host: 127.0.0.1
  user-agent: curl/8.7.1
  accept: */*
  content-type: application/json
  authorization: test-session
  content-length: 111
Body:
{"genomeId":"3133a1ba-bf7b-443b-9e8a-f1d5f3b2ac7b","nameOnPlatform":"DragonKing17","idOnPlatform":"1446702929"}

======================================================================
Timestamp: 2026-09-02T18:10:07.085895+00:00
Method: POST
Path: /v2/profiles/sessions
Query: 
Headers:
  host: 127.0.0.1
  user-agent: curl/8.7.1
  accept: */*
  content-type: application/json
  authorization: test-session
  content-length: 111
Body:
{"genomeId":"3133a1ba-bf7b-443b-9e8a-f1d5f3b2ac7b","nameOnPlatform":"DragonKing17","idOnPlatform":"1446702929"}

======================================================================
Timestamp: 2026-09-02T19:07:15.225718+00:00
Method: POST
Path: /v2/profiles/sessions
Query: 
Headers:
  user-agent: UbiServices_SDK_HTTP_Client_2.1.5.123179_WIIU
  host: api-ubiservices.ubi.com
  accept: */*
  authorization: wiiu t=VjrvUQAFAAAQF5EAAAABoGOD8NAAAAGgaKpM0OaNs//quux0BQbDOpXEea5hWu2JEWTbLFT7bFFXc1QN
  content-type: application/json
  ubi-appbuildid: JD2015WIIU_E163180
  ubi-appid: 3133a1ba-bf7b-443b-9e8a-f1d5f3b2ac7b
  content-length: 111
Body:
{"genomeId":"3133a1ba-bf7b-443b-9e8a-f1d5f3b2ac7b","nameOnPlatform":"DragonKing17","idOnPlatform":"1446702929"}

======================================================================
Timestamp: 2026-09-02T19:07:15.717442+00:00
Method: POST
Path: /v2/profiles/sessions
Query: 
Headers:
  user-agent: UbiServices_SDK_HTTP_Client_2.1.5.123179_WIIU
  host: api-ubiservices.ubi.com
  accept: */*
  authorization: wiiu t=VjrvUQAFAAAQF5EAAAABoGOD8NAAAAGgaKpM0OaNs//quux0BQbDOpXEea5hWu2JEWTbLFT7bFFXc1QN
  content-type: application/json
  ubi-appbuildid: JD2015WIIU_E163180
  ubi-appid: 3133a1ba-bf7b-443b-9e8a-f1d5f3b2ac7b
  content-length: 111
Body:
{"genomeId":"3133a1ba-bf7b-443b-9e8a-f1d5f3b2ac7b","nameOnPlatform":"DragonKing17","idOnPlatform":"1446702929"}

======================================================================
Timestamp: 2026-09-02T19:07:16.437294+00:00
Method: POST
Path: /v2/profiles/sessions
Query: 
Headers:
  user-agent: UbiServices_SDK_HTTP_Client_2.1.5.123179_WIIU
  host: api-ubiservices.ubi.com
  accept: */*
  authorization: wiiu t=VjrvUQAFAAAQF5EAAAABoGOD8NAAAAGgaKpM0OaNs//quux0BQbDOpXEea5hWu2JEWTbLFT7bFFXc1QN
  content-type: application/json
  ubi-appbuildid: JD2015WIIU_E163180
  ubi-appid: 3133a1ba-bf7b-443b-9e8a-f1d5f3b2ac7b
  content-length: 111
Body:
{"genomeId":"3133a1ba-bf7b-443b-9e8a-f1d5f3b2ac7b","nameOnPlatform":"DragonKing17","idOnPlatform":"1446702929"}

======================================================================
Timestamp: 2026-09-02T19:07:16.975201+00:00
Method: POST
Path: /v2/profiles/sessions
Query: 
Headers:
  user-agent: UbiServices_SDK_HTTP_Client_2.1.5.123179_WIIU
  host: api-ubiservices.ubi.com
  accept: */*
  authorization: wiiu t=VjrvUQAFAAAQF5EAAAABoGOD8NAAAAGgaKpM0OaNs//quux0BQbDOpXEea5hWu2JEWTbLFT7bFFXc1QN
  content-type: application/json
  ubi-appbuildid: JD2015WIIU_E163180
  ubi-appid: 3133a1ba-bf7b-443b-9e8a-f1d5f3b2ac7b
  content-length: 111
Body:
{"genomeId":"3133a1ba-bf7b-443b-9e8a-f1d5f3b2ac7b","nameOnPlatform":"DragonKing17","idOnPlatform":"1446702929"}

======================================================================
Timestamp: 2026-09-02T19:07:37.061458+00:00
Method: POST
Path: /v2/profiles/sessions
Query: 
Headers:
  user-agent: UbiServices_SDK_HTTP_Client_2.1.5.123179_WIIU
  host: api-ubiservices.ubi.com
  accept: */*
  authorization: wiiu t=VjrvUQAFAAAQF5EAAAABoGOD8NAAAAGgaKpM0OaNs//quux0BQbDOpXEea5hWu2JEWTbLFT7bFFXc1QN
  content-type: application/json
  ubi-appbuildid: JD2015WIIU_E163180
  ubi-appid: 3133a1ba-bf7b-443b-9e8a-f1d5f3b2ac7b
  content-length: 111
Body:
{"genomeId":"3133a1ba-bf7b-443b-9e8a-f1d5f3b2ac7b","nameOnPlatform":"DragonKing17","idOnPlatform":"1446702929"}

======================================================================
Timestamp: 2026-09-02T19:07:44.232990+00:00
Method: POST
Path: /v2/profiles/sessions
Query: 
Headers:
  user-agent: UbiServices_SDK_HTTP_Client_2.1.5.123179_WIIU
  host: api-ubiservices.ubi.com
  accept: */*
  authorization: wiiu t=VjrvUQAFAAAQF5EAAAABoGOD8NAAAAGgaKpM0OaNs//quux0BQbDOpXEea5hWu2JEWTbLFT7bFFXc1QN
  content-type: application/json
  ubi-appbuildid: JD2015WIIU_E163180
  ubi-appid: 3133a1ba-bf7b-443b-9e8a-f1d5f3b2ac7b
  content-length: 111
Body:
{"genomeId":"3133a1ba-bf7b-443b-9e8a-f1d5f3b2ac7b","nameOnPlatform":"DragonKing17","idOnPlatform":"1446702929"}

======================================================================
Timestamp: 2026-09-02T19:07:50.445868+00:00
Method: POST
Path: /v2/profiles/sessions
Query: 
Headers:
  user-agent: UbiServices_SDK_HTTP_Client_2.1.5.123179_WIIU
  host: api-ubiservices.ubi.com
  accept: */*
  authorization: wiiu t=VjrvUQAFAAAQF5EAAAABoGOD8NAAAAGgaKpM0OaNs//quux0BQbDOpXEea5hWu2JEWTbLFT7bFFXc1QN
  content-type: application/json
  ubi-appbuildid: JD2015WIIU_E163180
  ubi-appid: 3133a1ba-bf7b-443b-9e8a-f1d5f3b2ac7b
  content-length: 111
Body:
{"genomeId":"3133a1ba-bf7b-443b-9e8a-f1d5f3b2ac7b","nameOnPlatform":"DragonKing17","idOnPlatform":"1446702929"}

======================================================================
Timestamp: 2026-09-02T19:07:56.780169+00:00
Method: POST
Path: /v2/profiles/sessions
Query: 
Headers:
  user-agent: UbiServices_SDK_HTTP_Client_2.1.5.123179_WIIU
  host: api-ubiservices.ubi.com
  accept: */*
  authorization: wiiu t=VjrvUQAFAAAQF5EAAAABoGOD8NAAAAGgaKpM0OaNs//quux0BQbDOpXEea5hWu2JEWTbLFT7bFFXc1QN
  content-type: application/json
  ubi-appbuildid: JD2015WIIU_E163180
  ubi-appid: 3133a1ba-bf7b-443b-9e8a-f1d5f3b2ac7b
  content-length: 111
Body:
{"genomeId":"3133a1ba-bf7b-443b-9e8a-f1d5f3b2ac7b","nameOnPlatform":"DragonKing17","idOnPlatform":"1446702929"}

======================================================================
Timestamp: 2026-09-02T19:07:57.857526+00:00
Method: POST
Path: /v2/profiles/sessions
Query: 
Headers:
  user-agent: UbiServices_SDK_HTTP_Client_2.1.5.123179_WIIU
  host: api-ubiservices.ubi.com
  accept: */*
  authorization: wiiu t=VjrvUQAFAAAQF5EAAAABoGOD8NAAAAGgaKpM0OaNs//quux0BQbDOpXEea5hWu2JEWTbLFT7bFFXc1QN
  content-type: application/json
  ubi-appbuildid: JD2015WIIU_E163180
  ubi-appid: 3133a1ba-bf7b-443b-9e8a-f1d5f3b2ac7b
  content-length: 111
Body:
{"genomeId":"3133a1ba-bf7b-443b-9e8a-f1d5f3b2ac7b","nameOnPlatform":"DragonKing17","idOnPlatform":"1446702929"}

======================================================================
Timestamp: 2026-09-02T19:08:02.519752+00:00
Method: POST
Path: /v2/profiles/sessions
Query: 
Headers:
  user-agent: UbiServices_SDK_HTTP_Client_2.1.5.123179_WIIU
  host: api-ubiservices.ubi.com
  accept: */*
  authorization: wiiu t=VjrvUQAFAAAQF5EAAAABoGOD8NAAAAGgaKpM0OaNs//quux0BQbDOpXEea5hWu2JEWTbLFT7bFFXc1QN
  content-type: application/json
  ubi-appbuildid: JD2015WIIU_E163180
  ubi-appid: 3133a1ba-bf7b-443b-9e8a-f1d5f3b2ac7b
  content-length: 111
Body:
{"genomeId":"3133a1ba-bf7b-443b-9e8a-f1d5f3b2ac7b","nameOnPlatform":"DragonKing17","idOnPlatform":"1446702929"}

======================================================================
Timestamp: 2026-09-02T19:08:03.069993+00:00
Method: POST
Path: /v2/profiles/sessions
Query: 
Headers:
  user-agent: UbiServices_SDK_HTTP_Client_2.1.5.123179_WIIU
  host: api-ubiservices.ubi.com
  accept: */*
  authorization: wiiu t=VjrvUQAFAAAQF5EAAAABoGOD8NAAAAGgaKpM0OaNs//quux0BQbDOpXEea5hWu2JEWTbLFT7bFFXc1QN
  content-type: application/json
  ubi-appbuildid: JD2015WIIU_E163180
  ubi-appid: 3133a1ba-bf7b-443b-9e8a-f1d5f3b2ac7b
  content-length: 111
Body:
{"genomeId":"3133a1ba-bf7b-443b-9e8a-f1d5f3b2ac7b","nameOnPlatform":"DragonKing17","idOnPlatform":"1446702929"}

======================================================================
Timestamp: 2026-09-02T19:08:03.703893+00:00
Method: POST
Path: /v2/profiles/sessions
Query: 
Headers:
  user-agent: UbiServices_SDK_HTTP_Client_2.1.5.123179_WIIU
  host: api-ubiservices.ubi.com
  accept: */*
  authorization: wiiu t=VjrvUQAFAAAQF5EAAAABoGOD8NAAAAGgaKpM0OaNs//quux0BQbDOpXEea5hWu2JEWTbLFT7bFFXc1QN
  content-type: application/json
  ubi-appbuildid: JD2015WIIU_E163180
  ubi-appid: 3133a1ba-bf7b-443b-9e8a-f1d5f3b2ac7b
  content-length: 111
Body:
{"genomeId":"3133a1ba-bf7b-443b-9e8a-f1d5f3b2ac7b","nameOnPlatform":"DragonKing17","idOnPlatform":"1446702929"}

======================================================================
Timestamp: 2026-09-02T19:08:10.729649+00:00
Method: POST
Path: /v2/profiles/sessions
Query: 
Headers:
  user-agent: UbiServices_SDK_HTTP_Client_2.1.5.123179_WIIU
  host: api-ubiservices.ubi.com
  accept: */*
  authorization: wiiu t=VjrvUQAFAAAQF5EAAAABoGOD8NAAAAGgaKpM0OaNs//quux0BQbDOpXEea5hWu2JEWTbLFT7bFFXc1QN
  content-type: application/json
  ubi-appbuildid: JD2015WIIU_E163180
  ubi-appid: 3133a1ba-bf7b-443b-9e8a-f1d5f3b2ac7b
  content-length: 111
Body:
{"genomeId":"3133a1ba-bf7b-443b-9e8a-f1d5f3b2ac7b","nameOnPlatform":"DragonKing17","idOnPlatform":"1446702929"}

======================================================================
Timestamp: 2026-09-02T19:08:15.216835+00:00
Method: POST
Path: /v2/profiles/sessions
Query: 
Headers:
  user-agent: UbiServices_SDK_HTTP_Client_2.1.5.123179_WIIU
  host: api-ubiservices.ubi.com
  accept: */*
  authorization: wiiu t=VjrvUQAFAAAQF5EAAAABoGOD8NAAAAGgaKpM0OaNs//quux0BQbDOpXEea5hWu2JEWTbLFT7bFFXc1QN
  content-type: application/json
  ubi-appbuildid: JD2015WIIU_E163180
  ubi-appid: 3133a1ba-bf7b-443b-9e8a-f1d5f3b2ac7b
  content-length: 111
Body:
{"genomeId":"3133a1ba-bf7b-443b-9e8a-f1d5f3b2ac7b","nameOnPlatform":"DragonKing17","idOnPlatform":"1446702929"}

======================================================================
Timestamp: 2026-09-02T19:08:20.788267+00:00
Method: POST
Path: /v2/profiles/sessions
Query: 
Headers:
  user-agent: UbiServices_SDK_HTTP_Client_2.1.5.123179_WIIU
  host: api-ubiservices.ubi.com
  accept: */*
  authorization: wiiu t=VjrvUQAFAAAQF5EAAAABoGOD8NAAAAGgaKpM0OaNs//quux0BQbDOpXEea5hWu2JEWTbLFT7bFFXc1QN
  content-type: application/json
  ubi-appbuildid: JD2015WIIU_E163180
  ubi-appid: 3133a1ba-bf7b-443b-9e8a-f1d5f3b2ac7b
  content-length: 111
Body:
{"genomeId":"3133a1ba-bf7b-443b-9e8a-f1d5f3b2ac7b","nameOnPlatform":"DragonKing17","idOnPlatform":"1446702929"}

======================================================================
Timestamp: 2026-09-02T19:08:22.069260+00:00
Method: POST
Path: /v2/profiles/sessions
Query: 
Headers:
  user-agent: UbiServices_SDK_HTTP_Client_2.1.5.123179_WIIU
  host: api-ubiservices.ubi.com
  accept: */*
  authorization: wiiu t=VjrvUQAFAAAQF5EAAAABoGOD8NAAAAGgaKpM0OaNs//quux0BQbDOpXEea5hWu2JEWTbLFT7bFFXc1QN
  content-type: application/json
  ubi-appbuildid: JD2015WIIU_E163180
  ubi-appid: 3133a1ba-bf7b-443b-9e8a-f1d5f3b2ac7b
  content-length: 111
Body:
{"genomeId":"3133a1ba-bf7b-443b-9e8a-f1d5f3b2ac7b","nameOnPlatform":"DragonKing17","idOnPlatform":"1446702929"}

======================================================================
Timestamp: 2026-09-02T19:29:16.888968+00:00
Method: POST
Path: /v2/profiles/sessions
Query: 
Headers:
  host: 127.0.0.1
  user-agent: curl/8.7.1
  accept: */*
  content-type: application/json
  authorization: test-session
  content-length: 111
Body:
{"genomeId":"3133a1ba-bf7b-443b-9e8a-f1d5f3b2ac7b","nameOnPlatform":"DragonKing17","idOnPlatform":"1446702929"}

======================================================================
Timestamp: 2026-09-02T19:30:34.690554+00:00
Method: POST
Path: /v2/profiles/sessions
Query: 
Headers:
  host: 127.0.0.1
  user-agent: curl/8.7.1
  accept: */*
  content-type: application/json
  authorization: test-session
  content-length: 111
Body:
{"genomeId":"3133a1ba-bf7b-443b-9e8a-f1d5f3b2ac7b","nameOnPlatform":"DragonKing17","idOnPlatform":"1446702929"}

======================================================================
Timestamp: 2026-09-02T19:59:17.440366+00:00
Method: POST
Path: /v2/profiles/sessions
Query: 
Headers:
  host: 127.0.0.1
  user-agent: curl/8.7.1
  accept: */*
  content-type: application/json
  authorization: test-session
  content-length: 111
Body:
{"genomeId":"3133a1ba-bf7b-443b-9e8a-f1d5f3b2ac7b","nameOnPlatform":"DragonKing17","idOnPlatform":"1446702929"}

======================================================================
Timestamp: 2026-09-02T20:36:48.407006+00:00
Method: POST
Path: /v2/profiles/sessions
Query: 
Headers:
  user-agent: UbiServices_SDK_HTTP_Client_2.1.5.123179_WIIU
  host: api-ubiservices.ubi.com
  accept: */*
  authorization: wiiu t=VjrvUQAFAAAQF5EAAAABoGPWCicAAAGgaPxmJzbQ/oyf7htQFbdra92iKLhf7IeuO+LYsPQyupqK+82V
  content-type: application/json
  ubi-appbuildid: JD2015WIIU_E163180
  ubi-appid: 3133a1ba-bf7b-443b-9e8a-f1d5f3b2ac7b
  content-length: 111
Body:
{"genomeId":"3133a1ba-bf7b-443b-9e8a-f1d5f3b2ac7b","nameOnPlatform":"DragonKing17","idOnPlatform":"1446702929"}

======================================================================
Timestamp: 2026-09-02T20:36:49.082583+00:00
Method: POST
Path: /v2/profiles/sessions
Query: 
Headers:
  user-agent: UbiServices_SDK_HTTP_Client_2.1.5.123179_WIIU
  host: api-ubiservices.ubi.com
  accept: */*
  authorization: wiiu t=VjrvUQAFAAAQF5EAAAABoGPWCicAAAGgaPxmJzbQ/oyf7htQFbdra92iKLhf7IeuO+LYsPQyupqK+82V
  content-type: application/json
  ubi-appbuildid: JD2015WIIU_E163180
  ubi-appid: 3133a1ba-bf7b-443b-9e8a-f1d5f3b2ac7b
  content-length: 111
Body:
{"genomeId":"3133a1ba-bf7b-443b-9e8a-f1d5f3b2ac7b","nameOnPlatform":"DragonKing17","idOnPlatform":"1446702929"}

======================================================================
Timestamp: 2026-09-02T20:36:49.661896+00:00
Method: POST
Path: /v2/profiles/sessions
Query: 
Headers:
  user-agent: UbiServices_SDK_HTTP_Client_2.1.5.123179_WIIU
  host: api-ubiservices.ubi.com
  accept: */*
  authorization: wiiu t=VjrvUQAFAAAQF5EAAAABoGPWCicAAAGgaPxmJzbQ/oyf7htQFbdra92iKLhf7IeuO+LYsPQyupqK+82V
  content-type: application/json
  ubi-appbuildid: JD2015WIIU_E163180
  ubi-appid: 3133a1ba-bf7b-443b-9e8a-f1d5f3b2ac7b
  content-length: 111
Body:
{"genomeId":"3133a1ba-bf7b-443b-9e8a-f1d5f3b2ac7b","nameOnPlatform":"DragonKing17","idOnPlatform":"1446702929"}

======================================================================
Timestamp: 2026-09-02T20:36:50.147736+00:00
Method: POST
Path: /v2/profiles/sessions
Query: 
Headers:
  user-agent: UbiServices_SDK_HTTP_Client_2.1.5.123179_WIIU
  host: api-ubiservices.ubi.com
  accept: */*
  authorization: wiiu t=VjrvUQAFAAAQF5EAAAABoGPWCicAAAGgaPxmJzbQ/oyf7htQFbdra92iKLhf7IeuO+LYsPQyupqK+82V
  content-type: application/json
  ubi-appbuildid: JD2015WIIU_E163180
  ubi-appid: 3133a1ba-bf7b-443b-9e8a-f1d5f3b2ac7b
  content-length: 111
Body:
{"genomeId":"3133a1ba-bf7b-443b-9e8a-f1d5f3b2ac7b","nameOnPlatform":"DragonKing17","idOnPlatform":"1446702929"}

======================================================================
Timestamp: 2026-09-02T20:36:59.579794+00:00
Method: POST
Path: /v2/profiles/sessions
Query: 
Headers:
  user-agent: UbiServices_SDK_HTTP_Client_2.1.5.123179_WIIU
  host: api-ubiservices.ubi.com
  accept: */*
  authorization: wiiu t=VjrvUQAFAAAQF5EAAAABoGPWCicAAAGgaPxmJzbQ/oyf7htQFbdra92iKLhf7IeuO+LYsPQyupqK+82V
  content-type: application/json
  ubi-appbuildid: JD2015WIIU_E163180
  ubi-appid: 3133a1ba-bf7b-443b-9e8a-f1d5f3b2ac7b
  content-length: 111
Body:
{"genomeId":"3133a1ba-bf7b-443b-9e8a-f1d5f3b2ac7b","nameOnPlatform":"DragonKing17","idOnPlatform":"1446702929"}

======================================================================
Timestamp: 2026-09-02T20:37:07.122487+00:00
Method: POST
Path: /v2/profiles/sessions
Query: 
Headers:
  user-agent: UbiServices_SDK_HTTP_Client_2.1.5.123179_WIIU
  host: api-ubiservices.ubi.com
  accept: */*
  authorization: wiiu t=VjrvUQAFAAAQF5EAAAABoGPWCicAAAGgaPxmJzbQ/oyf7htQFbdra92iKLhf7IeuO+LYsPQyupqK+82V
  content-type: application/json
  ubi-appbuildid: JD2015WIIU_E163180
  ubi-appid: 3133a1ba-bf7b-443b-9e8a-f1d5f3b2ac7b
  content-length: 111
Body:
{"genomeId":"3133a1ba-bf7b-443b-9e8a-f1d5f3b2ac7b","nameOnPlatform":"DragonKing17","idOnPlatform":"1446702929"}

======================================================================
Timestamp: 2026-09-02T20:37:13.980541+00:00
Method: POST
Path: /v2/profiles/sessions
Query: 
Headers:
  user-agent: UbiServices_SDK_HTTP_Client_2.1.5.123179_WIIU
  host: api-ubiservices.ubi.com
  accept: */*
  authorization: wiiu t=VjrvUQAFAAAQF5EAAAABoGPWCicAAAGgaPxmJzbQ/oyf7htQFbdra92iKLhf7IeuO+LYsPQyupqK+82V
  content-type: application/json
  ubi-appbuildid: JD2015WIIU_E163180
  ubi-appid: 3133a1ba-bf7b-443b-9e8a-f1d5f3b2ac7b
  content-length: 111
Body:
{"genomeId":"3133a1ba-bf7b-443b-9e8a-f1d5f3b2ac7b","nameOnPlatform":"DragonKing17","idOnPlatform":"1446702929"}

======================================================================
Timestamp: 2026-09-02T20:37:14.644057+00:00
Method: POST
Path: /v2/profiles/sessions
Query: 
Headers:
  user-agent: UbiServices_SDK_HTTP_Client_2.1.5.123179_WIIU
  host: api-ubiservices.ubi.com
  accept: */*
  authorization: wiiu t=VjrvUQAFAAAQF5EAAAABoGPWCicAAAGgaPxmJzbQ/oyf7htQFbdra92iKLhf7IeuO+LYsPQyupqK+82V
  content-type: application/json
  ubi-appbuildid: JD2015WIIU_E163180
  ubi-appid: 3133a1ba-bf7b-443b-9e8a-f1d5f3b2ac7b
  content-length: 111
Body:
{"genomeId":"3133a1ba-bf7b-443b-9e8a-f1d5f3b2ac7b","nameOnPlatform":"DragonKing17","idOnPlatform":"1446702929"}

======================================================================
Timestamp: 2026-09-02T20:37:15.466348+00:00
Method: POST
Path: /v2/profiles/sessions
Query: 
Headers:
  user-agent: UbiServices_SDK_HTTP_Client_2.1.5.123179_WIIU
  host: api-ubiservices.ubi.com
  accept: */*
  authorization: wiiu t=VjrvUQAFAAAQF5EAAAABoGPWCicAAAGgaPxmJzbQ/oyf7htQFbdra92iKLhf7IeuO+LYsPQyupqK+82V
  content-type: application/json
  ubi-appbuildid: JD2015WIIU_E163180
  ubi-appid: 3133a1ba-bf7b-443b-9e8a-f1d5f3b2ac7b
  content-length: 111
Body:
{"genomeId":"3133a1ba-bf7b-443b-9e8a-f1d5f3b2ac7b","nameOnPlatform":"DragonKing17","idOnPlatform":"1446702929"}

======================================================================
Timestamp: 2026-09-02T20:37:20.067584+00:00
Method: POST
Path: /v2/profiles/sessions
Query: 
Headers:
  user-agent: UbiServices_SDK_HTTP_Client_2.1.5.123179_WIIU
  host: api-ubiservices.ubi.com
  accept: */*
  authorization: wiiu t=VjrvUQAFAAAQF5EAAAABoGPWCicAAAGgaPxmJzbQ/oyf7htQFbdra92iKLhf7IeuO+LYsPQyupqK+82V
  content-type: application/json
  ubi-appbuildid: JD2015WIIU_E163180
  ubi-appid: 3133a1ba-bf7b-443b-9e8a-f1d5f3b2ac7b
  content-length: 111
Body:
{"genomeId":"3133a1ba-bf7b-443b-9e8a-f1d5f3b2ac7b","nameOnPlatform":"DragonKing17","idOnPlatform":"1446702929"}

======================================================================
Timestamp: 2026-09-02T20:37:20.786400+00:00
Method: POST
Path: /v2/profiles/sessions
Query: 
Headers:
  user-agent: UbiServices_SDK_HTTP_Client_2.1.5.123179_WIIU
  host: api-ubiservices.ubi.com
  accept: */*
  authorization: wiiu t=VjrvUQAFAAAQF5EAAAABoGPWCicAAAGgaPxmJzbQ/oyf7htQFbdra92iKLhf7IeuO+LYsPQyupqK+82V
  content-type: application/json
  ubi-appbuildid: JD2015WIIU_E163180
  ubi-appid: 3133a1ba-bf7b-443b-9e8a-f1d5f3b2ac7b
  content-length: 111
Body:
{"genomeId":"3133a1ba-bf7b-443b-9e8a-f1d5f3b2ac7b","nameOnPlatform":"DragonKing17","idOnPlatform":"1446702929"}

======================================================================
Timestamp: 2026-09-02T20:37:21.411657+00:00
Method: POST
Path: /v2/profiles/sessions
Query: 
Headers:
  user-agent: UbiServices_SDK_HTTP_Client_2.1.5.123179_WIIU
  host: api-ubiservices.ubi.com
  accept: */*
  authorization: wiiu t=VjrvUQAFAAAQF5EAAAABoGPWCicAAAGgaPxmJzbQ/oyf7htQFbdra92iKLhf7IeuO+LYsPQyupqK+82V
  content-type: application/json
  ubi-appbuildid: JD2015WIIU_E163180
  ubi-appid: 3133a1ba-bf7b-443b-9e8a-f1d5f3b2ac7b
  content-length: 111
Body:
{"genomeId":"3133a1ba-bf7b-443b-9e8a-f1d5f3b2ac7b","nameOnPlatform":"DragonKing17","idOnPlatform":"1446702929"}

======================================================================
Timestamp: 2026-09-02T20:37:28.510832+00:00
Method: POST
Path: /v2/profiles/sessions
Query: 
Headers:
  user-agent: UbiServices_SDK_HTTP_Client_2.1.5.123179_WIIU
  host: api-ubiservices.ubi.com
  accept: */*
  authorization: wiiu t=VjrvUQAFAAAQF5EAAAABoGPWCicAAAGgaPxmJzbQ/oyf7htQFbdra92iKLhf7IeuO+LYsPQyupqK+82V
  content-type: application/json
  ubi-appbuildid: JD2015WIIU_E163180
  ubi-appid: 3133a1ba-bf7b-443b-9e8a-f1d5f3b2ac7b
  content-length: 111
Body:
{"genomeId":"3133a1ba-bf7b-443b-9e8a-f1d5f3b2ac7b","nameOnPlatform":"DragonKing17","idOnPlatform":"1446702929"}

======================================================================
Timestamp: 2026-09-02T20:37:34.214642+00:00
Method: POST
Path: /v2/profiles/sessions
Query: 
Headers:
  user-agent: UbiServices_SDK_HTTP_Client_2.1.5.123179_WIIU
  host: api-ubiservices.ubi.com
  accept: */*
  authorization: wiiu t=VjrvUQAFAAAQF5EAAAABoGPWCicAAAGgaPxmJzbQ/oyf7htQFbdra92iKLhf7IeuO+LYsPQyupqK+82V
  content-type: application/json
  ubi-appbuildid: JD2015WIIU_E163180
  ubi-appid: 3133a1ba-bf7b-443b-9e8a-f1d5f3b2ac7b
  content-length: 111
Body:
{"genomeId":"3133a1ba-bf7b-443b-9e8a-f1d5f3b2ac7b","nameOnPlatform":"DragonKing17","idOnPlatform":"1446702929"}

======================================================================
Timestamp: 2026-09-02T20:37:40.810749+00:00
Method: POST
Path: /v2/profiles/sessions
Query: 
Headers:
  user-agent: UbiServices_SDK_HTTP_Client_2.1.5.123179_WIIU
  host: api-ubiservices.ubi.com
  accept: */*
  authorization: wiiu t=VjrvUQAFAAAQF5EAAAABoGPWCicAAAGgaPxmJzbQ/oyf7htQFbdra92iKLhf7IeuO+LYsPQyupqK+82V
  content-type: application/json
  ubi-appbuildid: JD2015WIIU_E163180
  ubi-appid: 3133a1ba-bf7b-443b-9e8a-f1d5f3b2ac7b
  content-length: 111
Body:
{"genomeId":"3133a1ba-bf7b-443b-9e8a-f1d5f3b2ac7b","nameOnPlatform":"DragonKing17","idOnPlatform":"1446702929"}

======================================================================
Timestamp: 2026-09-02T20:37:42.330824+00:00
Method: POST
Path: /v2/profiles/sessions
Query: 
Headers:
  user-agent: UbiServices_SDK_HTTP_Client_2.1.5.123179_WIIU
  host: api-ubiservices.ubi.com
  accept: */*
  authorization: wiiu t=VjrvUQAFAAAQF5EAAAABoGPWCicAAAGgaPxmJzbQ/oyf7htQFbdra92iKLhf7IeuO+LYsPQyupqK+82V
  content-type: application/json
  ubi-appbuildid: JD2015WIIU_E163180
  ubi-appid: 3133a1ba-bf7b-443b-9e8a-f1d5f3b2ac7b
  content-length: 111
Body:
{"genomeId":"3133a1ba-bf7b-443b-9e8a-f1d5f3b2ac7b","nameOnPlatform":"DragonKing17","idOnPlatform":"1446702929"}

======================================================================
Timestamp: 2026-09-02T20:37:48.406613+00:00
Method: POST
Path: /v2/profiles/sessions
Query: 
Headers:
  user-agent: UbiServices_SDK_HTTP_Client_2.1.5.123179_WIIU
  host: api-ubiservices.ubi.com
  accept: */*
  authorization: wiiu t=VjrvUQAFAAAQF5EAAAABoGPWCicAAAGgaPxmJzbQ/oyf7htQFbdra92iKLhf7IeuO+LYsPQyupqK+82V
  content-type: application/json
  ubi-appbuildid: JD2015WIIU_E163180
  ubi-appid: 3133a1ba-bf7b-443b-9e8a-f1d5f3b2ac7b
  content-length: 111
Body:
{"genomeId":"3133a1ba-bf7b-443b-9e8a-f1d5f3b2ac7b","nameOnPlatform":"DragonKing17","idOnPlatform":"1446702929"}

======================================================================
Timestamp: 2026-09-02T20:37:55.561026+00:00
Method: POST
Path: /v2/profiles/sessions
Query: 
Headers:
  user-agent: UbiServices_SDK_HTTP_Client_2.1.5.123179_WIIU
  host: api-ubiservices.ubi.com
  accept: */*
  authorization: wiiu t=VjrvUQAFAAAQF5EAAAABoGPWCicAAAGgaPxmJzbQ/oyf7htQFbdra92iKLhf7IeuO+LYsPQyupqK+82V
  content-type: application/json
  ubi-appbuildid: JD2015WIIU_E163180
  ubi-appid: 3133a1ba-bf7b-443b-9e8a-f1d5f3b2ac7b
  content-length: 111
Body:
{"genomeId":"3133a1ba-bf7b-443b-9e8a-f1d5f3b2ac7b","nameOnPlatform":"DragonKing17","idOnPlatform":"1446702929"}

======================================================================
Timestamp: 2026-09-02T21:26:09.672151+00:00
Method: POST
Path: /v2/profiles/sessions
Query: 
Headers:
  host: 127.0.0.1
  user-agent: curl/8.7.1
  accept: */*
  content-type: application/json
  authorization: test-session
  content-length: 111
Body:
{"genomeId":"3133a1ba-bf7b-443b-9e8a-f1d5f3b2ac7b","nameOnPlatform":"DragonKing17","idOnPlatform":"1446702929"}

======================================================================
Timestamp: 2026-09-02T21:32:40.960294+00:00
Method: POST
Path: /v2/profiles/sessions
Query: 
Headers:
  host: 127.0.0.1
  user-agent: curl/8.7.1
  accept: */*
  content-type: application/json
  authorization: test-session
  content-length: 111
Body:
{"genomeId":"3133a1ba-bf7b-443b-9e8a-f1d5f3b2ac7b","nameOnPlatform":"DragonKing17","idOnPlatform":"1446702929"}

======================================================================
Timestamp: 2026-09-02T21:36:47.824460+00:00
Method: POST
Path: /v2/profiles/sessions
Query: 
Headers:
  user-agent: UbiServices_SDK_HTTP_Client_2.1.5.123179_WIIU
  host: api-ubiservices.ubi.com
  accept: */*
  authorization: wiiu t=VjrvUQAFAAAQF5EAAAABoGQMtJkAAAGgaTMQmcfM7C6SjVmjEt0ibXLf/QN0iyadJmBOyhesPFbe2WRw
  content-type: application/json
  ubi-appbuildid: JD2015WIIU_E163180
  ubi-appid: 3133a1ba-bf7b-443b-9e8a-f1d5f3b2ac7b
  content-length: 111
Body:
{"genomeId":"3133a1ba-bf7b-443b-9e8a-f1d5f3b2ac7b","nameOnPlatform":"DragonKing17","idOnPlatform":"1446702929"}

======================================================================
Timestamp: 2026-09-02T21:36:48.470887+00:00
Method: POST
Path: /v2/profiles/sessions
Query: 
Headers:
  user-agent: UbiServices_SDK_HTTP_Client_2.1.5.123179_WIIU
  host: api-ubiservices.ubi.com
  accept: */*
  authorization: wiiu t=VjrvUQAFAAAQF5EAAAABoGQMtJkAAAGgaTMQmcfM7C6SjVmjEt0ibXLf/QN0iyadJmBOyhesPFbe2WRw
  content-type: application/json
  ubi-appbuildid: JD2015WIIU_E163180
  ubi-appid: 3133a1ba-bf7b-443b-9e8a-f1d5f3b2ac7b
  content-length: 111
Body:
{"genomeId":"3133a1ba-bf7b-443b-9e8a-f1d5f3b2ac7b","nameOnPlatform":"DragonKing17","idOnPlatform":"1446702929"}

======================================================================
Timestamp: 2026-09-02T21:36:49.039188+00:00
Method: POST
Path: /v2/profiles/sessions
Query: 
Headers:
  user-agent: UbiServices_SDK_HTTP_Client_2.1.5.123179_WIIU
  host: api-ubiservices.ubi.com
  accept: */*
  authorization: wiiu t=VjrvUQAFAAAQF5EAAAABoGQMtJkAAAGgaTMQmcfM7C6SjVmjEt0ibXLf/QN0iyadJmBOyhesPFbe2WRw
  content-type: application/json
  ubi-appbuildid: JD2015WIIU_E163180
  ubi-appid: 3133a1ba-bf7b-443b-9e8a-f1d5f3b2ac7b
  content-length: 111
Body:
{"genomeId":"3133a1ba-bf7b-443b-9e8a-f1d5f3b2ac7b","nameOnPlatform":"DragonKing17","idOnPlatform":"1446702929"}

======================================================================
Timestamp: 2026-09-02T21:36:49.622851+00:00
Method: POST
Path: /v2/profiles/sessions
Query: 
Headers:
  user-agent: UbiServices_SDK_HTTP_Client_2.1.5.123179_WIIU
  host: api-ubiservices.ubi.com
  accept: */*
  authorization: wiiu t=VjrvUQAFAAAQF5EAAAABoGQMtJkAAAGgaTMQmcfM7C6SjVmjEt0ibXLf/QN0iyadJmBOyhesPFbe2WRw
  content-type: application/json
  ubi-appbuildid: JD2015WIIU_E163180
  ubi-appid: 3133a1ba-bf7b-443b-9e8a-f1d5f3b2ac7b
  content-length: 111
Body:
{"genomeId":"3133a1ba-bf7b-443b-9e8a-f1d5f3b2ac7b","nameOnPlatform":"DragonKing17","idOnPlatform":"1446702929"}

======================================================================
Timestamp: 2026-09-02T21:36:51.213816+00:00
Method: POST
Path: /v2/profiles/sessions
Query: 
Headers:
  user-agent: UbiServices_SDK_HTTP_Client_2.1.5.123179_WIIU
  host: api-ubiservices.ubi.com
  accept: */*
  authorization: wiiu t=VjrvUQAFAAAQF5EAAAABoGQMtJkAAAGgaTMQmcfM7C6SjVmjEt0ibXLf/QN0iyadJmBOyhesPFbe2WRw
  content-type: application/json
  ubi-appbuildid: JD2015WIIU_E163180
  ubi-appid: 3133a1ba-bf7b-443b-9e8a-f1d5f3b2ac7b
  content-length: 111
Body:
{"genomeId":"3133a1ba-bf7b-443b-9e8a-f1d5f3b2ac7b","nameOnPlatform":"DragonKing17","idOnPlatform":"1446702929"}

======================================================================
Timestamp: 2026-09-02T21:36:56.844231+00:00
Method: POST
Path: /v2/profiles/sessions
Query: 
Headers:
  user-agent: UbiServices_SDK_HTTP_Client_2.1.5.123179_WIIU
  host: api-ubiservices.ubi.com
  accept: */*
  authorization: wiiu t=VjrvUQAFAAAQF5EAAAABoGQMtJkAAAGgaTMQmcfM7C6SjVmjEt0ibXLf/QN0iyadJmBOyhesPFbe2WRw
  content-type: application/json
  ubi-appbuildid: JD2015WIIU_E163180
  ubi-appid: 3133a1ba-bf7b-443b-9e8a-f1d5f3b2ac7b
  content-length: 111
Body:
{"genomeId":"3133a1ba-bf7b-443b-9e8a-f1d5f3b2ac7b","nameOnPlatform":"DragonKing17","idOnPlatform":"1446702929"}

======================================================================
Timestamp: 2026-09-02T21:36:58.996468+00:00
Method: POST
Path: /v2/profiles/sessions
Query: 
Headers:
  user-agent: UbiServices_SDK_HTTP_Client_2.1.5.123179_WIIU
  host: api-ubiservices.ubi.com
  accept: */*
  authorization: wiiu t=VjrvUQAFAAAQF5EAAAABoGQMtJkAAAGgaTMQmcfM7C6SjVmjEt0ibXLf/QN0iyadJmBOyhesPFbe2WRw
  content-type: application/json
  ubi-appbuildid: JD2015WIIU_E163180
  ubi-appid: 3133a1ba-bf7b-443b-9e8a-f1d5f3b2ac7b
  content-length: 111
Body:
{"genomeId":"3133a1ba-bf7b-443b-9e8a-f1d5f3b2ac7b","nameOnPlatform":"DragonKing17","idOnPlatform":"1446702929"}

======================================================================
Timestamp: 2026-09-02T21:37:03.784654+00:00
Method: POST
Path: /v2/profiles/sessions
Query: 
Headers:
  user-agent: UbiServices_SDK_HTTP_Client_2.1.5.123179_WIIU
  host: api-ubiservices.ubi.com
  accept: */*
  authorization: wiiu t=VjrvUQAFAAAQF5EAAAABoGQMtJkAAAGgaTMQmcfM7C6SjVmjEt0ibXLf/QN0iyadJmBOyhesPFbe2WRw
  content-type: application/json
  ubi-appbuildid: JD2015WIIU_E163180
  ubi-appid: 3133a1ba-bf7b-443b-9e8a-f1d5f3b2ac7b
  content-length: 111
Body:
{"genomeId":"3133a1ba-bf7b-443b-9e8a-f1d5f3b2ac7b","nameOnPlatform":"DragonKing17","idOnPlatform":"1446702929"}

======================================================================
Timestamp: 2026-09-02T21:37:11.176166+00:00
Method: POST
Path: /v2/profiles/sessions
Query: 
Headers:
  user-agent: UbiServices_SDK_HTTP_Client_2.1.5.123179_WIIU
  host: api-ubiservices.ubi.com
  accept: */*
  authorization: wiiu t=VjrvUQAFAAAQF5EAAAABoGQMtJkAAAGgaTMQmcfM7C6SjVmjEt0ibXLf/QN0iyadJmBOyhesPFbe2WRw
  content-type: application/json
  ubi-appbuildid: JD2015WIIU_E163180
  ubi-appid: 3133a1ba-bf7b-443b-9e8a-f1d5f3b2ac7b
  content-length: 111
Body:
{"genomeId":"3133a1ba-bf7b-443b-9e8a-f1d5f3b2ac7b","nameOnPlatform":"DragonKing17","idOnPlatform":"1446702929"}

======================================================================
Timestamp: 2026-09-02T21:37:11.735760+00:00
Method: POST
Path: /v2/profiles/sessions
Query: 
Headers:
  user-agent: UbiServices_SDK_HTTP_Client_2.1.5.123179_WIIU
  host: api-ubiservices.ubi.com
  accept: */*
  authorization: wiiu t=VjrvUQAFAAAQF5EAAAABoGQMtJkAAAGgaTMQmcfM7C6SjVmjEt0ibXLf/QN0iyadJmBOyhesPFbe2WRw
  content-type: application/json
  ubi-appbuildid: JD2015WIIU_E163180
  ubi-appid: 3133a1ba-bf7b-443b-9e8a-f1d5f3b2ac7b
  content-length: 111
Body:
{"genomeId":"3133a1ba-bf7b-443b-9e8a-f1d5f3b2ac7b","nameOnPlatform":"DragonKing17","idOnPlatform":"1446702929"}

======================================================================
Timestamp: 2026-09-02T21:37:12.231162+00:00
Method: POST
Path: /v2/profiles/sessions
Query: 
Headers:
  user-agent: UbiServices_SDK_HTTP_Client_2.1.5.123179_WIIU
  host: api-ubiservices.ubi.com
  accept: */*
  authorization: wiiu t=VjrvUQAFAAAQF5EAAAABoGQMtJkAAAGgaTMQmcfM7C6SjVmjEt0ibXLf/QN0iyadJmBOyhesPFbe2WRw
  content-type: application/json
  ubi-appbuildid: JD2015WIIU_E163180
  ubi-appid: 3133a1ba-bf7b-443b-9e8a-f1d5f3b2ac7b
  content-length: 111
Body:
{"genomeId":"3133a1ba-bf7b-443b-9e8a-f1d5f3b2ac7b","nameOnPlatform":"DragonKing17","idOnPlatform":"1446702929"}

======================================================================
Timestamp: 2026-09-02T21:37:13.766460+00:00
Method: POST
Path: /v2/profiles/sessions
Query: 
Headers:
  user-agent: UbiServices_SDK_HTTP_Client_2.1.5.123179_WIIU
  host: api-ubiservices.ubi.com
  accept: */*
  authorization: wiiu t=VjrvUQAFAAAQF5EAAAABoGQMtJkAAAGgaTMQmcfM7C6SjVmjEt0ibXLf/QN0iyadJmBOyhesPFbe2WRw
  content-type: application/json
  ubi-appbuildid: JD2015WIIU_E163180
  ubi-appid: 3133a1ba-bf7b-443b-9e8a-f1d5f3b2ac7b
  content-length: 111
Body:
{"genomeId":"3133a1ba-bf7b-443b-9e8a-f1d5f3b2ac7b","nameOnPlatform":"DragonKing17","idOnPlatform":"1446702929"}

======================================================================
Timestamp: 2026-09-02T21:37:18.052507+00:00
Method: POST
Path: /v2/profiles/sessions
Query: 
Headers:
  user-agent: UbiServices_SDK_HTTP_Client_2.1.5.123179_WIIU
  host: api-ubiservices.ubi.com
  accept: */*
  authorization: wiiu t=VjrvUQAFAAAQF5EAAAABoGQMtJkAAAGgaTMQmcfM7C6SjVmjEt0ibXLf/QN0iyadJmBOyhesPFbe2WRw
  content-type: application/json
  ubi-appbuildid: JD2015WIIU_E163180
  ubi-appid: 3133a1ba-bf7b-443b-9e8a-f1d5f3b2ac7b
  content-length: 111
Body:
{"genomeId":"3133a1ba-bf7b-443b-9e8a-f1d5f3b2ac7b","nameOnPlatform":"DragonKing17","idOnPlatform":"1446702929"}

======================================================================
Timestamp: 2026-09-02T21:37:22.452210+00:00
Method: POST
Path: /v2/profiles/sessions
Query: 
Headers:
  user-agent: UbiServices_SDK_HTTP_Client_2.1.5.123179_WIIU
  host: api-ubiservices.ubi.com
  accept: */*
  authorization: wiiu t=VjrvUQAFAAAQF5EAAAABoGQMtJkAAAGgaTMQmcfM7C6SjVmjEt0ibXLf/QN0iyadJmBOyhesPFbe2WRw
  content-type: application/json
  ubi-appbuildid: JD2015WIIU_E163180
  ubi-appid: 3133a1ba-bf7b-443b-9e8a-f1d5f3b2ac7b
  content-length: 111
Body:
{"genomeId":"3133a1ba-bf7b-443b-9e8a-f1d5f3b2ac7b","nameOnPlatform":"DragonKing17","idOnPlatform":"1446702929"}

======================================================================
Timestamp: 2026-09-02T21:37:24.387332+00:00
Method: POST
Path: /v2/profiles/sessions
Query: 
Headers:
  user-agent: UbiServices_SDK_HTTP_Client_2.1.5.123179_WIIU
  host: api-ubiservices.ubi.com
  accept: */*
  authorization: wiiu t=VjrvUQAFAAAQF5EAAAABoGQMtJkAAAGgaTMQmcfM7C6SjVmjEt0ibXLf/QN0iyadJmBOyhesPFbe2WRw
  content-type: application/json
  ubi-appbuildid: JD2015WIIU_E163180
  ubi-appid: 3133a1ba-bf7b-443b-9e8a-f1d5f3b2ac7b
  content-length: 111
Body:
{"genomeId":"3133a1ba-bf7b-443b-9e8a-f1d5f3b2ac7b","nameOnPlatform":"DragonKing17","idOnPlatform":"1446702929"}

======================================================================
Timestamp: 2026-09-02T21:37:28.076505+00:00
Method: POST
Path: /v2/profiles/sessions
Query: 
Headers:
  user-agent: UbiServices_SDK_HTTP_Client_2.1.5.123179_WIIU
  host: api-ubiservices.ubi.com
  accept: */*
  authorization: wiiu t=VjrvUQAFAAAQF5EAAAABoGQMtJkAAAGgaTMQmcfM7C6SjVmjEt0ibXLf/QN0iyadJmBOyhesPFbe2WRw
  content-type: application/json
  ubi-appbuildid: JD2015WIIU_E163180
  ubi-appid: 3133a1ba-bf7b-443b-9e8a-f1d5f3b2ac7b
  content-length: 111
Body:
{"genomeId":"3133a1ba-bf7b-443b-9e8a-f1d5f3b2ac7b","nameOnPlatform":"DragonKing17","idOnPlatform":"1446702929"}

======================================================================
Timestamp: 2026-09-02T21:37:32.131204+00:00
Method: POST
Path: /v2/profiles/sessions
Query: 
Headers:
  user-agent: UbiServices_SDK_HTTP_Client_2.1.5.123179_WIIU
  host: api-ubiservices.ubi.com
  accept: */*
  authorization: wiiu t=VjrvUQAFAAAQF5EAAAABoGQMtJkAAAGgaTMQmcfM7C6SjVmjEt0ibXLf/QN0iyadJmBOyhesPFbe2WRw
  content-type: application/json
  ubi-appbuildid: JD2015WIIU_E163180
  ubi-appid: 3133a1ba-bf7b-443b-9e8a-f1d5f3b2ac7b
  content-length: 111
Body:
{"genomeId":"3133a1ba-bf7b-443b-9e8a-f1d5f3b2ac7b","nameOnPlatform":"DragonKing17","idOnPlatform":"1446702929"}

======================================================================
Timestamp: 2026-09-02T21:37:37.752943+00:00
Method: POST
Path: /v2/profiles/sessions
Query: 
Headers:
  user-agent: UbiServices_SDK_HTTP_Client_2.1.5.123179_WIIU
  host: api-ubiservices.ubi.com
  accept: */*
  authorization: wiiu t=VjrvUQAFAAAQF5EAAAABoGQMtJkAAAGgaTMQmcfM7C6SjVmjEt0ibXLf/QN0iyadJmBOyhesPFbe2WRw
  content-type: application/json
  ubi-appbuildid: JD2015WIIU_E163180
  ubi-appid: 3133a1ba-bf7b-443b-9e8a-f1d5f3b2ac7b
  content-length: 111
Body:
{"genomeId":"3133a1ba-bf7b-443b-9e8a-f1d5f3b2ac7b","nameOnPlatform":"DragonKing17","idOnPlatform":"1446702929"}

======================================================================
Timestamp: 2026-09-02T22:14:47.600384+00:00
Method: POST
Path: /v2/profiles/sessions
Query: 
Headers:
  host: 127.0.0.1
  user-agent: curl/8.7.1
  accept: */*
  content-type: application/json
  authorization: test-session
  content-length: 111
Body:
{"genomeId":"3133a1ba-bf7b-443b-9e8a-f1d5f3b2ac7b","nameOnPlatform":"DragonKing17","idOnPlatform":"1446702929"}

======================================================================
Timestamp: 2026-09-02T22:14:57.096961+00:00
Method: POST
Path: /v2/profiles/sessions
Query: 
Headers:
  host: 127.0.0.1
  user-agent: curl/8.7.1
  accept: */*
  content-type: application/json
  authorization: test-session
  content-length: 111
Body:
{"genomeId":"3133a1ba-bf7b-443b-9e8a-f1d5f3b2ac7b","nameOnPlatform":"DragonKing17","idOnPlatform":"1446702929"}

======================================================================
Timestamp: 2026-09-02T22:15:02.846193+00:00
Method: GET
Path: /profiles/sessions/PASTE_THE_REAL_SESSION_ID_HERE
Query: 
Headers:
  host: 127.0.0.1
  user-agent: curl/8.7.1
  accept: */*
Body:
<empty>

======================================================================
Timestamp: 2026-09-02T22:15:30.758436+00:00
Method: GET
Path: /profiles/sessions/af5fc0cc-6760-4ba5-b6ff-f81544ffae93
Query: 
Headers:
  host: 127.0.0.1
  user-agent: curl/8.7.1
  accept: */*
Body:
<empty>

======================================================================
Timestamp: 2026-09-02T22:23:32.270163+00:00
Method: POST
Path: /v2/profiles/sessions
Query: 
Headers:
  host: 127.0.0.1
  user-agent: curl/8.7.1
  accept: */*
  content-type: application/json
  authorization: test-session
  content-length: 111
Body:
{"genomeId":"3133a1ba-bf7b-443b-9e8a-f1d5f3b2ac7b","nameOnPlatform":"DragonKing17","idOnPlatform":"1446702929"}

======================================================================
Timestamp: 2026-09-02T22:26:36.823294+00:00
Method: POST
Path: /v2/profiles/sessions
Query: 
Headers:
  user-agent: UbiServices_SDK_HTTP_Client_2.1.5.123179_WIIU
  host: api-ubiservices.ubi.com
  accept: */*
  authorization: wiiu t=VjrvUQAFAAAQF5EAAAABoGQ6Z4EAAAGgaWDDgUWJzHUnR+vMLP0ma5MwZjXJcOvqhz9I+8C1hYFMtgjt
  content-type: application/json
  ubi-appbuildid: JD2015WIIU_E163180
  ubi-appid: 3133a1ba-bf7b-443b-9e8a-f1d5f3b2ac7b
  content-length: 111
Body:
{"genomeId":"3133a1ba-bf7b-443b-9e8a-f1d5f3b2ac7b","nameOnPlatform":"DragonKing17","idOnPlatform":"1446702929"}

======================================================================
Timestamp: 2026-09-02T22:26:37.361218+00:00
Method: POST
Path: /v2/profiles/sessions
Query: 
Headers:
  user-agent: UbiServices_SDK_HTTP_Client_2.1.5.123179_WIIU
  host: api-ubiservices.ubi.com
  accept: */*
  authorization: wiiu t=VjrvUQAFAAAQF5EAAAABoGQ6Z4EAAAGgaWDDgUWJzHUnR+vMLP0ma5MwZjXJcOvqhz9I+8C1hYFMtgjt
  content-type: application/json
  ubi-appbuildid: JD2015WIIU_E163180
  ubi-appid: 3133a1ba-bf7b-443b-9e8a-f1d5f3b2ac7b
  content-length: 111
Body:
{"genomeId":"3133a1ba-bf7b-443b-9e8a-f1d5f3b2ac7b","nameOnPlatform":"DragonKing17","idOnPlatform":"1446702929"}

======================================================================
Timestamp: 2026-09-02T22:26:37.926322+00:00
Method: POST
Path: /v2/profiles/sessions
Query: 
Headers:
  user-agent: UbiServices_SDK_HTTP_Client_2.1.5.123179_WIIU
  host: api-ubiservices.ubi.com
  accept: */*
  authorization: wiiu t=VjrvUQAFAAAQF5EAAAABoGQ6Z4EAAAGgaWDDgUWJzHUnR+vMLP0ma5MwZjXJcOvqhz9I+8C1hYFMtgjt
  content-type: application/json
  ubi-appbuildid: JD2015WIIU_E163180
  ubi-appid: 3133a1ba-bf7b-443b-9e8a-f1d5f3b2ac7b
  content-length: 111
Body:
{"genomeId":"3133a1ba-bf7b-443b-9e8a-f1d5f3b2ac7b","nameOnPlatform":"DragonKing17","idOnPlatform":"1446702929"}

======================================================================
Timestamp: 2026-09-02T22:26:38.449300+00:00
Method: POST
Path: /v2/profiles/sessions
Query: 
Headers:
  user-agent: UbiServices_SDK_HTTP_Client_2.1.5.123179_WIIU
  host: api-ubiservices.ubi.com
  accept: */*
  authorization: wiiu t=VjrvUQAFAAAQF5EAAAABoGQ6Z4EAAAGgaWDDgUWJzHUnR+vMLP0ma5MwZjXJcOvqhz9I+8C1hYFMtgjt
  content-type: application/json
  ubi-appbuildid: JD2015WIIU_E163180
  ubi-appid: 3133a1ba-bf7b-443b-9e8a-f1d5f3b2ac7b
  content-length: 111
Body:
{"genomeId":"3133a1ba-bf7b-443b-9e8a-f1d5f3b2ac7b","nameOnPlatform":"DragonKing17","idOnPlatform":"1446702929"}

======================================================================
Timestamp: 2026-09-02T22:26:46.765755+00:00
Method: POST
Path: /v2/profiles/sessions
Query: 
Headers:
  user-agent: UbiServices_SDK_HTTP_Client_2.1.5.123179_WIIU
  host: api-ubiservices.ubi.com
  accept: */*
  authorization: wiiu t=VjrvUQAFAAAQF5EAAAABoGQ6Z4EAAAGgaWDDgUWJzHUnR+vMLP0ma5MwZjXJcOvqhz9I+8C1hYFMtgjt
  content-type: application/json
  ubi-appbuildid: JD2015WIIU_E163180
  ubi-appid: 3133a1ba-bf7b-443b-9e8a-f1d5f3b2ac7b
  content-length: 111
Body:
{"genomeId":"3133a1ba-bf7b-443b-9e8a-f1d5f3b2ac7b","nameOnPlatform":"DragonKing17","idOnPlatform":"1446702929"}

======================================================================
Timestamp: 2026-09-02T22:26:50.731513+00:00
Method: POST
Path: /v2/profiles/sessions
Query: 
Headers:
  user-agent: UbiServices_SDK_HTTP_Client_2.1.5.123179_WIIU
  host: api-ubiservices.ubi.com
  accept: */*
  authorization: wiiu t=VjrvUQAFAAAQF5EAAAABoGQ6Z4EAAAGgaWDDgUWJzHUnR+vMLP0ma5MwZjXJcOvqhz9I+8C1hYFMtgjt
  content-type: application/json
  ubi-appbuildid: JD2015WIIU_E163180
  ubi-appid: 3133a1ba-bf7b-443b-9e8a-f1d5f3b2ac7b
  content-length: 111
Body:
{"genomeId":"3133a1ba-bf7b-443b-9e8a-f1d5f3b2ac7b","nameOnPlatform":"DragonKing17","idOnPlatform":"1446702929"}

======================================================================
Timestamp: 2026-09-02T22:26:55.233471+00:00
Method: POST
Path: /v2/profiles/sessions
Query: 
Headers:
  user-agent: UbiServices_SDK_HTTP_Client_2.1.5.123179_WIIU
  host: api-ubiservices.ubi.com
  accept: */*
  authorization: wiiu t=VjrvUQAFAAAQF5EAAAABoGQ6Z4EAAAGgaWDDgUWJzHUnR+vMLP0ma5MwZjXJcOvqhz9I+8C1hYFMtgjt
  content-type: application/json
  ubi-appbuildid: JD2015WIIU_E163180
  ubi-appid: 3133a1ba-bf7b-443b-9e8a-f1d5f3b2ac7b
  content-length: 111
Body:
{"genomeId":"3133a1ba-bf7b-443b-9e8a-f1d5f3b2ac7b","nameOnPlatform":"DragonKing17","idOnPlatform":"1446702929"}

======================================================================
Timestamp: 2026-09-02T22:27:01.343286+00:00
Method: POST
Path: /v2/profiles/sessions
Query: 
Headers:
  user-agent: UbiServices_SDK_HTTP_Client_2.1.5.123179_WIIU
  host: api-ubiservices.ubi.com
  accept: */*
  authorization: wiiu t=VjrvUQAFAAAQF5EAAAABoGQ6Z4EAAAGgaWDDgUWJzHUnR+vMLP0ma5MwZjXJcOvqhz9I+8C1hYFMtgjt
  content-type: application/json
  ubi-appbuildid: JD2015WIIU_E163180
  ubi-appid: 3133a1ba-bf7b-443b-9e8a-f1d5f3b2ac7b
  content-length: 111
Body:
{"genomeId":"3133a1ba-bf7b-443b-9e8a-f1d5f3b2ac7b","nameOnPlatform":"DragonKing17","idOnPlatform":"1446702929"}

======================================================================
Timestamp: 2026-09-02T22:46:37.161719+00:00
Method: POST
Path: /v2/profiles/sessions
Query: 
Headers:
  user-agent: UbiServices_SDK_HTTP_Client_2.1.5.123179_WIIU
  host: api-ubiservices.ubi.com
  accept: */*
  authorization: wiiu t=VjrvUQAFAAAQF5EAAAABoGRMsHkAAAGgaXMMeThayjXgz43nOwdjpujS7SwxWPY17BcK0gSVWKyapta0
  content-type: application/json
  ubi-appbuildid: JD2015WIIU_E163180
  ubi-appid: 3133a1ba-bf7b-443b-9e8a-f1d5f3b2ac7b
  content-length: 111
Body:
{"genomeId":"3133a1ba-bf7b-443b-9e8a-f1d5f3b2ac7b","nameOnPlatform":"DragonKing17","idOnPlatform":"1446702929"}

======================================================================
Timestamp: 2026-09-02T22:46:37.962858+00:00
Method: POST
Path: /v2/profiles/sessions
Query: 
Headers:
  user-agent: UbiServices_SDK_HTTP_Client_2.1.5.123179_WIIU
  host: api-ubiservices.ubi.com
  accept: */*
  authorization: wiiu t=VjrvUQAFAAAQF5EAAAABoGRMsHkAAAGgaXMMeThayjXgz43nOwdjpujS7SwxWPY17BcK0gSVWKyapta0
  content-type: application/json
  ubi-appbuildid: JD2015WIIU_E163180
  ubi-appid: 3133a1ba-bf7b-443b-9e8a-f1d5f3b2ac7b
  content-length: 111
Body:
{"genomeId":"3133a1ba-bf7b-443b-9e8a-f1d5f3b2ac7b","nameOnPlatform":"DragonKing17","idOnPlatform":"1446702929"}

======================================================================
Timestamp: 2026-09-02T22:46:38.486256+00:00
Method: POST
Path: /v2/profiles/sessions
Query: 
Headers:
  user-agent: UbiServices_SDK_HTTP_Client_2.1.5.123179_WIIU
  host: api-ubiservices.ubi.com
  accept: */*
  authorization: wiiu t=VjrvUQAFAAAQF5EAAAABoGRMsHkAAAGgaXMMeThayjXgz43nOwdjpujS7SwxWPY17BcK0gSVWKyapta0
  content-type: application/json
  ubi-appbuildid: JD2015WIIU_E163180
  ubi-appid: 3133a1ba-bf7b-443b-9e8a-f1d5f3b2ac7b
  content-length: 111
Body:
{"genomeId":"3133a1ba-bf7b-443b-9e8a-f1d5f3b2ac7b","nameOnPlatform":"DragonKing17","idOnPlatform":"1446702929"}

======================================================================
Timestamp: 2026-09-02T22:46:39.006097+00:00
Method: POST
Path: /v2/profiles/sessions
Query: 
Headers:
  user-agent: UbiServices_SDK_HTTP_Client_2.1.5.123179_WIIU
  host: api-ubiservices.ubi.com
  accept: */*
  authorization: wiiu t=VjrvUQAFAAAQF5EAAAABoGRMsHkAAAGgaXMMeThayjXgz43nOwdjpujS7SwxWPY17BcK0gSVWKyapta0
  content-type: application/json
  ubi-appbuildid: JD2015WIIU_E163180
  ubi-appid: 3133a1ba-bf7b-443b-9e8a-f1d5f3b2ac7b
  content-length: 111
Body:
{"genomeId":"3133a1ba-bf7b-443b-9e8a-f1d5f3b2ac7b","nameOnPlatform":"DragonKing17","idOnPlatform":"1446702929"}

======================================================================
Timestamp: 2026-09-02T22:46:47.095493+00:00
Method: POST
Path: /v2/profiles/sessions
Query: 
Headers:
  user-agent: UbiServices_SDK_HTTP_Client_2.1.5.123179_WIIU
  host: api-ubiservices.ubi.com
  accept: */*
  authorization: wiiu t=VjrvUQAFAAAQF5EAAAABoGRMsHkAAAGgaXMMeThayjXgz43nOwdjpujS7SwxWPY17BcK0gSVWKyapta0
  content-type: application/json
  ubi-appbuildid: JD2015WIIU_E163180
  ubi-appid: 3133a1ba-bf7b-443b-9e8a-f1d5f3b2ac7b
  content-length: 111
Body:
{"genomeId":"3133a1ba-bf7b-443b-9e8a-f1d5f3b2ac7b","nameOnPlatform":"DragonKing17","idOnPlatform":"1446702929"}

======================================================================
Timestamp: 2026-09-02T22:46:50.935564+00:00
Method: POST
Path: /v2/profiles/sessions
Query: 
Headers:
  user-agent: UbiServices_SDK_HTTP_Client_2.1.5.123179_WIIU
  host: api-ubiservices.ubi.com
  accept: */*
  authorization: wiiu t=VjrvUQAFAAAQF5EAAAABoGRMsHkAAAGgaXMMeThayjXgz43nOwdjpujS7SwxWPY17BcK0gSVWKyapta0
  content-type: application/json
  ubi-appbuildid: JD2015WIIU_E163180
  ubi-appid: 3133a1ba-bf7b-443b-9e8a-f1d5f3b2ac7b
  content-length: 111
Body:
{"genomeId":"3133a1ba-bf7b-443b-9e8a-f1d5f3b2ac7b","nameOnPlatform":"DragonKing17","idOnPlatform":"1446702929"}

======================================================================
Timestamp: 2026-09-02T22:46:54.781889+00:00
Method: POST
Path: /v2/profiles/sessions
Query: 
Headers:
  user-agent: UbiServices_SDK_HTTP_Client_2.1.5.123179_WIIU
  host: api-ubiservices.ubi.com
  accept: */*
  authorization: wiiu t=VjrvUQAFAAAQF5EAAAABoGRMsHkAAAGgaXMMeThayjXgz43nOwdjpujS7SwxWPY17BcK0gSVWKyapta0
  content-type: application/json
  ubi-appbuildid: JD2015WIIU_E163180
  ubi-appid: 3133a1ba-bf7b-443b-9e8a-f1d5f3b2ac7b
  content-length: 111
Body:
{"genomeId":"3133a1ba-bf7b-443b-9e8a-f1d5f3b2ac7b","nameOnPlatform":"DragonKing17","idOnPlatform":"1446702929"}

======================================================================
Timestamp: 2026-09-02T22:47:01.558226+00:00
Method: POST
Path: /v2/profiles/sessions
Query: 
Headers:
  user-agent: UbiServices_SDK_HTTP_Client_2.1.5.123179_WIIU
  host: api-ubiservices.ubi.com
  accept: */*
  authorization: wiiu t=VjrvUQAFAAAQF5EAAAABoGRMsHkAAAGgaXMMeThayjXgz43nOwdjpujS7SwxWPY17BcK0gSVWKyapta0
  content-type: application/json
  ubi-appbuildid: JD2015WIIU_E163180
  ubi-appid: 3133a1ba-bf7b-443b-9e8a-f1d5f3b2ac7b
  content-length: 111
Body:
{"genomeId":"3133a1ba-bf7b-443b-9e8a-f1d5f3b2ac7b","nameOnPlatform":"DragonKing17","idOnPlatform":"1446702929"}

======================================================================
Timestamp: 2026-09-02T23:18:24.499861+00:00
Method: POST
Path: /v2/profiles/sessions
Query: 
Headers:
  host: 127.0.0.1
  user-agent: curl/8.7.1
  accept: */*
  content-type: application/json
  authorization: test-session
  content-length: 111
Body:
{"genomeId":"3133a1ba-bf7b-443b-9e8a-f1d5f3b2ac7b","nameOnPlatform":"DragonKing17","idOnPlatform":"1446702929"}

======================================================================
Timestamp: 2026-09-03T00:00:53.207360+00:00
Method: POST
Path: /v2/profiles/sessions
Query: 
Headers:
  host: 127.0.0.1
  user-agent: curl/8.7.1
  accept: */*
  content-type: application/json
  authorization: test-session
  content-length: 111
Body:
{"genomeId":"3133a1ba-bf7b-443b-9e8a-f1d5f3b2ac7b","nameOnPlatform":"DragonKing17","idOnPlatform":"1446702929"}

======================================================================
Timestamp: 2026-09-03T00:06:31.459075+00:00
Method: POST
Path: /v2/profiles/sessions
Query: 
Headers:
  host: 127.0.0.1
  user-agent: curl/8.7.1
  accept: */*
  content-type: application/json
  authorization: test-session
  content-length: 111
Body:
{"genomeId":"3133a1ba-bf7b-443b-9e8a-f1d5f3b2ac7b","nameOnPlatform":"DragonKing17","idOnPlatform":"1446702929"}

======================================================================
Timestamp: 2026-09-03T00:24:14.436102+00:00
Method: POST
Path: /v2/profiles/sessions
Query: 
Headers:
  host: 127.0.0.1
  user-agent: curl/8.7.1
  accept: */*
  content-type: application/json
  authorization: test-session
  content-length: 111
Body:
{"genomeId":"3133a1ba-bf7b-443b-9e8a-f1d5f3b2ac7b","nameOnPlatform":"DragonKing17","idOnPlatform":"1446702929"}

======================================================================
Timestamp: 2026-09-03T00:24:48.730921+00:00
Method: POST
Path: /v2/profiles/sessions
Query: 
Headers:
  host: 127.0.0.1
  user-agent: curl/8.7.1
  accept: */*
  content-type: application/json
  authorization: test-session
  content-length: 111
Body:
{"genomeId":"3133a1ba-bf7b-443b-9e8a-f1d5f3b2ac7b","nameOnPlatform":"DragonKing17","idOnPlatform":"1446702929"}

======================================================================
Timestamp: 2026-09-03T00:27:48.548717+00:00
Method: POST
Path: /v2/profiles/sessions
Query: 
Headers:
  user-agent: UbiServices_SDK_HTTP_Client_2.1.5.123179_WIIU
  host: api-ubiservices.ubi.com
  accept: */*
  authorization: wiiu t=VjrvUQAFAAAQF5EAAAABoGSpnDsAAAGgac/4Ox8bb0/64v1lp3QdHdO+AYPJJ0CSVKcEXH6YQGWsNyxs
  content-type: application/json
  ubi-appbuildid: JD2015WIIU_E163180
  ubi-appid: 3133a1ba-bf7b-443b-9e8a-f1d5f3b2ac7b
  content-length: 111
Body:
{"genomeId":"3133a1ba-bf7b-443b-9e8a-f1d5f3b2ac7b","nameOnPlatform":"DragonKing17","idOnPlatform":"1446702929"}

======================================================================
Timestamp: 2026-09-03T00:27:49.288669+00:00
Method: POST
Path: /v2/profiles/sessions
Query: 
Headers:
  user-agent: UbiServices_SDK_HTTP_Client_2.1.5.123179_WIIU
  host: api-ubiservices.ubi.com
  accept: */*
  authorization: wiiu t=VjrvUQAFAAAQF5EAAAABoGSpnDsAAAGgac/4Ox8bb0/64v1lp3QdHdO+AYPJJ0CSVKcEXH6YQGWsNyxs
  content-type: application/json
  ubi-appbuildid: JD2015WIIU_E163180
  ubi-appid: 3133a1ba-bf7b-443b-9e8a-f1d5f3b2ac7b
  content-length: 111
Body:
{"genomeId":"3133a1ba-bf7b-443b-9e8a-f1d5f3b2ac7b","nameOnPlatform":"DragonKing17","idOnPlatform":"1446702929"}

======================================================================
Timestamp: 2026-09-03T00:27:49.760251+00:00
Method: POST
Path: /v2/profiles/sessions
Query: 
Headers:
  user-agent: UbiServices_SDK_HTTP_Client_2.1.5.123179_WIIU
  host: api-ubiservices.ubi.com
  accept: */*
  authorization: wiiu t=VjrvUQAFAAAQF5EAAAABoGSpnDsAAAGgac/4Ox8bb0/64v1lp3QdHdO+AYPJJ0CSVKcEXH6YQGWsNyxs
  content-type: application/json
  ubi-appbuildid: JD2015WIIU_E163180
  ubi-appid: 3133a1ba-bf7b-443b-9e8a-f1d5f3b2ac7b
  content-length: 111
Body:
{"genomeId":"3133a1ba-bf7b-443b-9e8a-f1d5f3b2ac7b","nameOnPlatform":"DragonKing17","idOnPlatform":"1446702929"}

======================================================================
Timestamp: 2026-09-03T00:27:50.253627+00:00
Method: POST
Path: /v2/profiles/sessions
Query: 
Headers:
  user-agent: UbiServices_SDK_HTTP_Client_2.1.5.123179_WIIU
  host: api-ubiservices.ubi.com
  accept: */*
  authorization: wiiu t=VjrvUQAFAAAQF5EAAAABoGSpnDsAAAGgac/4Ox8bb0/64v1lp3QdHdO+AYPJJ0CSVKcEXH6YQGWsNyxs
  content-type: application/json
  ubi-appbuildid: JD2015WIIU_E163180
  ubi-appid: 3133a1ba-bf7b-443b-9e8a-f1d5f3b2ac7b
  content-length: 111
Body:
{"genomeId":"3133a1ba-bf7b-443b-9e8a-f1d5f3b2ac7b","nameOnPlatform":"DragonKing17","idOnPlatform":"1446702929"}

======================================================================
Timestamp: 2026-09-03T00:28:05.612425+00:00
Method: POST
Path: /v2/profiles/sessions
Query: 
Headers:
  user-agent: UbiServices_SDK_HTTP_Client_2.1.5.123179_WIIU
  host: api-ubiservices.ubi.com
  accept: */*
  authorization: wiiu t=VjrvUQAFAAAQF5EAAAABoGSpnDsAAAGgac/4Ox8bb0/64v1lp3QdHdO+AYPJJ0CSVKcEXH6YQGWsNyxs
  content-type: application/json
  ubi-appbuildid: JD2015WIIU_E163180
  ubi-appid: 3133a1ba-bf7b-443b-9e8a-f1d5f3b2ac7b
  content-length: 111
Body:
{"genomeId":"3133a1ba-bf7b-443b-9e8a-f1d5f3b2ac7b","nameOnPlatform":"DragonKing17","idOnPlatform":"1446702929"}

======================================================================
Timestamp: 2026-09-03T00:28:10.239774+00:00
Method: POST
Path: /v2/profiles/sessions
Query: 
Headers:
  user-agent: UbiServices_SDK_HTTP_Client_2.1.5.123179_WIIU
  host: api-ubiservices.ubi.com
  accept: */*
  authorization: wiiu t=VjrvUQAFAAAQF5EAAAABoGSpnDsAAAGgac/4Ox8bb0/64v1lp3QdHdO+AYPJJ0CSVKcEXH6YQGWsNyxs
  content-type: application/json
  ubi-appbuildid: JD2015WIIU_E163180
  ubi-appid: 3133a1ba-bf7b-443b-9e8a-f1d5f3b2ac7b
  content-length: 111
Body:
{"genomeId":"3133a1ba-bf7b-443b-9e8a-f1d5f3b2ac7b","nameOnPlatform":"DragonKing17","idOnPlatform":"1446702929"}

======================================================================
Timestamp: 2026-09-03T00:28:14.278532+00:00
Method: POST
Path: /v2/profiles/sessions
Query: 
Headers:
  user-agent: UbiServices_SDK_HTTP_Client_2.1.5.123179_WIIU
  host: api-ubiservices.ubi.com
  accept: */*
  authorization: wiiu t=VjrvUQAFAAAQF5EAAAABoGSpnDsAAAGgac/4Ox8bb0/64v1lp3QdHdO+AYPJJ0CSVKcEXH6YQGWsNyxs
  content-type: application/json
  ubi-appbuildid: JD2015WIIU_E163180
  ubi-appid: 3133a1ba-bf7b-443b-9e8a-f1d5f3b2ac7b
  content-length: 111
Body:
{"genomeId":"3133a1ba-bf7b-443b-9e8a-f1d5f3b2ac7b","nameOnPlatform":"DragonKing17","idOnPlatform":"1446702929"}

======================================================================
Timestamp: 2026-09-03T00:28:18.133238+00:00
Method: POST
Path: /v2/profiles/sessions
Query: 
Headers:
  user-agent: UbiServices_SDK_HTTP_Client_2.1.5.123179_WIIU
  host: api-ubiservices.ubi.com
  accept: */*
  authorization: wiiu t=VjrvUQAFAAAQF5EAAAABoGSpnDsAAAGgac/4Ox8bb0/64v1lp3QdHdO+AYPJJ0CSVKcEXH6YQGWsNyxs
  content-type: application/json
  ubi-appbuildid: JD2015WIIU_E163180
  ubi-appid: 3133a1ba-bf7b-443b-9e8a-f1d5f3b2ac7b
  content-length: 111
Body:
{"genomeId":"3133a1ba-bf7b-443b-9e8a-f1d5f3b2ac7b","nameOnPlatform":"DragonKing17","idOnPlatform":"1446702929"}

======================================================================
Timestamp: 2026-09-03T00:28:23.737370+00:00
Method: POST
Path: /v2/profiles/sessions
Query: 
Headers:
  user-agent: UbiServices_SDK_HTTP_Client_2.1.5.123179_WIIU
  host: api-ubiservices.ubi.com
  accept: */*
  authorization: wiiu t=VjrvUQAFAAAQF5EAAAABoGSpnDsAAAGgac/4Ox8bb0/64v1lp3QdHdO+AYPJJ0CSVKcEXH6YQGWsNyxs
  content-type: application/json
  ubi-appbuildid: JD2015WIIU_E163180
  ubi-appid: 3133a1ba-bf7b-443b-9e8a-f1d5f3b2ac7b
  content-length: 111
Body:
{"genomeId":"3133a1ba-bf7b-443b-9e8a-f1d5f3b2ac7b","nameOnPlatform":"DragonKing17","idOnPlatform":"1446702929"}

======================================================================
Timestamp: 2026-09-03T00:37:59.481524+00:00
Method: POST
Path: /v2/profiles/sessions
Query: 
Headers:
  user-agent: UbiServices_SDK_HTTP_Client_2.1.5.123179_WIIU
  host: api-ubiservices.ubi.com
  accept: */*
  authorization: wiiu t=VjrvUQAFAAAQF5EAAAABoGSylCAAAAGgadjwIMlxtNMosX43jukePaLzJaAw2SNmC27S04Y2P6LOggFn
  content-type: application/json
  ubi-appbuildid: JD2015WIIU_E163180
  ubi-appid: 3133a1ba-bf7b-443b-9e8a-f1d5f3b2ac7b
  content-length: 111
Body:
{"genomeId":"3133a1ba-bf7b-443b-9e8a-f1d5f3b2ac7b","nameOnPlatform":"DragonKing17","idOnPlatform":"1446702929"}

======================================================================
Timestamp: 2026-09-03T00:38:00.205351+00:00
Method: POST
Path: /v2/profiles/sessions
Query: 
Headers:
  user-agent: UbiServices_SDK_HTTP_Client_2.1.5.123179_WIIU
  host: api-ubiservices.ubi.com
  accept: */*
  authorization: wiiu t=VjrvUQAFAAAQF5EAAAABoGSylCAAAAGgadjwIMlxtNMosX43jukePaLzJaAw2SNmC27S04Y2P6LOggFn
  content-type: application/json
  ubi-appbuildid: JD2015WIIU_E163180
  ubi-appid: 3133a1ba-bf7b-443b-9e8a-f1d5f3b2ac7b
  content-length: 111
Body:
{"genomeId":"3133a1ba-bf7b-443b-9e8a-f1d5f3b2ac7b","nameOnPlatform":"DragonKing17","idOnPlatform":"1446702929"}

======================================================================
Timestamp: 2026-09-03T00:38:00.638689+00:00
Method: POST
Path: /v2/profiles/sessions
Query: 
Headers:
  user-agent: UbiServices_SDK_HTTP_Client_2.1.5.123179_WIIU
  host: api-ubiservices.ubi.com
  accept: */*
  authorization: wiiu t=VjrvUQAFAAAQF5EAAAABoGSylCAAAAGgadjwIMlxtNMosX43jukePaLzJaAw2SNmC27S04Y2P6LOggFn
  content-type: application/json
  ubi-appbuildid: JD2015WIIU_E163180
  ubi-appid: 3133a1ba-bf7b-443b-9e8a-f1d5f3b2ac7b
  content-length: 111
Body:
{"genomeId":"3133a1ba-bf7b-443b-9e8a-f1d5f3b2ac7b","nameOnPlatform":"DragonKing17","idOnPlatform":"1446702929"}

======================================================================
Timestamp: 2026-09-03T00:38:01.132463+00:00
Method: POST
Path: /v2/profiles/sessions
Query: 
Headers:
  user-agent: UbiServices_SDK_HTTP_Client_2.1.5.123179_WIIU
  host: api-ubiservices.ubi.com
  accept: */*
  authorization: wiiu t=VjrvUQAFAAAQF5EAAAABoGSylCAAAAGgadjwIMlxtNMosX43jukePaLzJaAw2SNmC27S04Y2P6LOggFn
  content-type: application/json
  ubi-appbuildid: JD2015WIIU_E163180
  ubi-appid: 3133a1ba-bf7b-443b-9e8a-f1d5f3b2ac7b
  content-length: 111
Body:
{"genomeId":"3133a1ba-bf7b-443b-9e8a-f1d5f3b2ac7b","nameOnPlatform":"DragonKing17","idOnPlatform":"1446702929"}

======================================================================
Timestamp: 2026-09-03T00:38:10.013766+00:00
Method: POST
Path: /v2/profiles/sessions
Query: 
Headers:
  user-agent: UbiServices_SDK_HTTP_Client_2.1.5.123179_WIIU
  host: api-ubiservices.ubi.com
  accept: */*
  authorization: wiiu t=VjrvUQAFAAAQF5EAAAABoGSylCAAAAGgadjwIMlxtNMosX43jukePaLzJaAw2SNmC27S04Y2P6LOggFn
  content-type: application/json
  ubi-appbuildid: JD2015WIIU_E163180
  ubi-appid: 3133a1ba-bf7b-443b-9e8a-f1d5f3b2ac7b
  content-length: 111
Body:
{"genomeId":"3133a1ba-bf7b-443b-9e8a-f1d5f3b2ac7b","nameOnPlatform":"DragonKing17","idOnPlatform":"1446702929"}

======================================================================
Timestamp: 2026-09-03T00:38:10.630984+00:00
Method: POST
Path: /v2/profiles/sessions
Query: 
Headers:
  user-agent: UbiServices_SDK_HTTP_Client_2.1.5.123179_WIIU
  host: api-ubiservices.ubi.com
  accept: */*
  authorization: wiiu t=VjrvUQAFAAAQF5EAAAABoGSylCAAAAGgadjwIMlxtNMosX43jukePaLzJaAw2SNmC27S04Y2P6LOggFn
  content-type: application/json
  ubi-appbuildid: JD2015WIIU_E163180
  ubi-appid: 3133a1ba-bf7b-443b-9e8a-f1d5f3b2ac7b
  content-length: 111
Body:
{"genomeId":"3133a1ba-bf7b-443b-9e8a-f1d5f3b2ac7b","nameOnPlatform":"DragonKing17","idOnPlatform":"1446702929"}

======================================================================
Timestamp: 2026-09-03T00:38:11.992459+00:00
Method: POST
Path: /v2/profiles/sessions
Query: 
Headers:
  user-agent: UbiServices_SDK_HTTP_Client_2.1.5.123179_WIIU
  host: api-ubiservices.ubi.com
  accept: */*
  authorization: wiiu t=VjrvUQAFAAAQF5EAAAABoGSylCAAAAGgadjwIMlxtNMosX43jukePaLzJaAw2SNmC27S04Y2P6LOggFn
  content-type: application/json
  ubi-appbuildid: JD2015WIIU_E163180
  ubi-appid: 3133a1ba-bf7b-443b-9e8a-f1d5f3b2ac7b
  content-length: 111
Body:
{"genomeId":"3133a1ba-bf7b-443b-9e8a-f1d5f3b2ac7b","nameOnPlatform":"DragonKing17","idOnPlatform":"1446702929"}

======================================================================
Timestamp: 2026-09-03T00:38:16.343509+00:00
Method: POST
Path: /v2/profiles/sessions
Query: 
Headers:
  user-agent: UbiServices_SDK_HTTP_Client_2.1.5.123179_WIIU
  host: api-ubiservices.ubi.com
  accept: */*
  authorization: wiiu t=VjrvUQAFAAAQF5EAAAABoGSylCAAAAGgadjwIMlxtNMosX43jukePaLzJaAw2SNmC27S04Y2P6LOggFn
  content-type: application/json
  ubi-appbuildid: JD2015WIIU_E163180
  ubi-appid: 3133a1ba-bf7b-443b-9e8a-f1d5f3b2ac7b
  content-length: 111
Body:
{"genomeId":"3133a1ba-bf7b-443b-9e8a-f1d5f3b2ac7b","nameOnPlatform":"DragonKing17","idOnPlatform":"1446702929"}

======================================================================
Timestamp: 2026-09-03T00:38:20.534382+00:00
Method: POST
Path: /v2/profiles/sessions
Query: 
Headers:
  user-agent: UbiServices_SDK_HTTP_Client_2.1.5.123179_WIIU
  host: api-ubiservices.ubi.com
  accept: */*
  authorization: wiiu t=VjrvUQAFAAAQF5EAAAABoGSylCAAAAGgadjwIMlxtNMosX43jukePaLzJaAw2SNmC27S04Y2P6LOggFn
  content-type: application/json
  ubi-appbuildid: JD2015WIIU_E163180
  ubi-appid: 3133a1ba-bf7b-443b-9e8a-f1d5f3b2ac7b
  content-length: 111
Body:
{"genomeId":"3133a1ba-bf7b-443b-9e8a-f1d5f3b2ac7b","nameOnPlatform":"DragonKing17","idOnPlatform":"1446702929"}

======================================================================
Timestamp: 2026-09-03T00:38:24.445168+00:00
Method: POST
Path: /v2/profiles/sessions
Query: 
Headers:
  user-agent: UbiServices_SDK_HTTP_Client_2.1.5.123179_WIIU
  host: api-ubiservices.ubi.com
  accept: */*
  authorization: wiiu t=VjrvUQAFAAAQF5EAAAABoGSylCAAAAGgadjwIMlxtNMosX43jukePaLzJaAw2SNmC27S04Y2P6LOggFn
  content-type: application/json
  ubi-appbuildid: JD2015WIIU_E163180
  ubi-appid: 3133a1ba-bf7b-443b-9e8a-f1d5f3b2ac7b
  content-length: 111
Body:
{"genomeId":"3133a1ba-bf7b-443b-9e8a-f1d5f3b2ac7b","nameOnPlatform":"DragonKing17","idOnPlatform":"1446702929"}

======================================================================
Timestamp: 2026-09-03T00:38:34.108336+00:00
Method: POST
Path: /v2/profiles/sessions
Query: 
Headers:
  user-agent: UbiServices_SDK_HTTP_Client_2.1.5.123179_WIIU
  host: api-ubiservices.ubi.com
  accept: */*
  authorization: wiiu t=VjrvUQAFAAAQF5EAAAABoGSylCAAAAGgadjwIMlxtNMosX43jukePaLzJaAw2SNmC27S04Y2P6LOggFn
  content-type: application/json
  ubi-appbuildid: JD2015WIIU_E163180
  ubi-appid: 3133a1ba-bf7b-443b-9e8a-f1d5f3b2ac7b
  content-length: 111
Body:
{"genomeId":"3133a1ba-bf7b-443b-9e8a-f1d5f3b2ac7b","nameOnPlatform":"DragonKing17","idOnPlatform":"1446702929"}

======================================================================
Timestamp: 2026-09-03T00:38:34.611774+00:00
Method: POST
Path: /v2/profiles/sessions
Query: 
Headers:
  user-agent: UbiServices_SDK_HTTP_Client_2.1.5.123179_WIIU
  host: api-ubiservices.ubi.com
  accept: */*
  authorization: wiiu t=VjrvUQAFAAAQF5EAAAABoGSylCAAAAGgadjwIMlxtNMosX43jukePaLzJaAw2SNmC27S04Y2P6LOggFn
  content-type: application/json
  ubi-appbuildid: JD2015WIIU_E163180
  ubi-appid: 3133a1ba-bf7b-443b-9e8a-f1d5f3b2ac7b
  content-length: 111
Body:
{"genomeId":"3133a1ba-bf7b-443b-9e8a-f1d5f3b2ac7b","nameOnPlatform":"DragonKing17","idOnPlatform":"1446702929"}

======================================================================
Timestamp: 2026-09-03T00:38:35.101555+00:00
Method: POST
Path: /v2/profiles/sessions
Query: 
Headers:
  user-agent: UbiServices_SDK_HTTP_Client_2.1.5.123179_WIIU
  host: api-ubiservices.ubi.com
  accept: */*
  authorization: wiiu t=VjrvUQAFAAAQF5EAAAABoGSylCAAAAGgadjwIMlxtNMosX43jukePaLzJaAw2SNmC27S04Y2P6LOggFn
  content-type: application/json
  ubi-appbuildid: JD2015WIIU_E163180
  ubi-appid: 3133a1ba-bf7b-443b-9e8a-f1d5f3b2ac7b
  content-length: 111
Body:
{"genomeId":"3133a1ba-bf7b-443b-9e8a-f1d5f3b2ac7b","nameOnPlatform":"DragonKing17","idOnPlatform":"1446702929"}

======================================================================
Timestamp: 2026-09-03T00:46:59.000369+00:00
Method: POST
Path: /v2/profiles/sessions
Query: 
Headers:
  user-agent: UbiServices_SDK_HTTP_Client_2.1.5.123179_WIIU
  host: api-ubiservices.ubi.com
  accept: */*
  authorization: wiiu t=VjrvUQAFAAAQF5EAAAABoGSylCAAAAGgadjwIMlxtNMosX43jukePaLzJaAw2SNmC27S04Y2P6LOggFn
  content-type: application/json
  ubi-appbuildid: JD2015WIIU_E163180
  ubi-appid: 3133a1ba-bf7b-443b-9e8a-f1d5f3b2ac7b
  content-length: 111
Body:
{"genomeId":"3133a1ba-bf7b-443b-9e8a-f1d5f3b2ac7b","nameOnPlatform":"DragonKing17","idOnPlatform":"1446702929"}

======================================================================
Timestamp: 2026-09-03T01:07:40.883489+00:00
Method: POST
Path: /v2/profiles/sessions
Query: 
Headers:
  user-agent: UbiServices_SDK_HTTP_Client_2.1.5.123179_WIIU
  host: api-ubiservices.ubi.com
  accept: */*
  authorization: wiiu t=VjrvUQAFAAAQF5EAAAABoGTNxYAAAAGgafQhgA0m7OPuxrhvXYuiXHgwGDqQKuM0ogTNrfF1/mV5NL/w
  content-type: application/json
  ubi-appbuildid: JD2015WIIU_E163180
  ubi-appid: 3133a1ba-bf7b-443b-9e8a-f1d5f3b2ac7b
  content-length: 111
Body:
{"genomeId":"3133a1ba-bf7b-443b-9e8a-f1d5f3b2ac7b","nameOnPlatform":"DragonKing17","idOnPlatform":"1446702929"}

======================================================================
Timestamp: 2026-09-03T01:07:41.602463+00:00
Method: POST
Path: /v2/profiles/sessions
Query: 
Headers:
  user-agent: UbiServices_SDK_HTTP_Client_2.1.5.123179_WIIU
  host: api-ubiservices.ubi.com
  accept: */*
  authorization: wiiu t=VjrvUQAFAAAQF5EAAAABoGTNxYAAAAGgafQhgA0m7OPuxrhvXYuiXHgwGDqQKuM0ogTNrfF1/mV5NL/w
  content-type: application/json
  ubi-appbuildid: JD2015WIIU_E163180
  ubi-appid: 3133a1ba-bf7b-443b-9e8a-f1d5f3b2ac7b
  content-length: 111
Body:
{"genomeId":"3133a1ba-bf7b-443b-9e8a-f1d5f3b2ac7b","nameOnPlatform":"DragonKing17","idOnPlatform":"1446702929"}

======================================================================
Timestamp: 2026-09-03T01:07:42.132651+00:00
Method: POST
Path: /v2/profiles/sessions
Query: 
Headers:
  user-agent: UbiServices_SDK_HTTP_Client_2.1.5.123179_WIIU
  host: api-ubiservices.ubi.com
  accept: */*
  authorization: wiiu t=VjrvUQAFAAAQF5EAAAABoGTNxYAAAAGgafQhgA0m7OPuxrhvXYuiXHgwGDqQKuM0ogTNrfF1/mV5NL/w
  content-type: application/json
  ubi-appbuildid: JD2015WIIU_E163180
  ubi-appid: 3133a1ba-bf7b-443b-9e8a-f1d5f3b2ac7b
  content-length: 111
Body:
{"genomeId":"3133a1ba-bf7b-443b-9e8a-f1d5f3b2ac7b","nameOnPlatform":"DragonKing17","idOnPlatform":"1446702929"}

======================================================================
Timestamp: 2026-09-03T01:07:42.634658+00:00
Method: POST
Path: /v2/profiles/sessions
Query: 
Headers:
  user-agent: UbiServices_SDK_HTTP_Client_2.1.5.123179_WIIU
  host: api-ubiservices.ubi.com
  accept: */*
  authorization: wiiu t=VjrvUQAFAAAQF5EAAAABoGTNxYAAAAGgafQhgA0m7OPuxrhvXYuiXHgwGDqQKuM0ogTNrfF1/mV5NL/w
  content-type: application/json
  ubi-appbuildid: JD2015WIIU_E163180
  ubi-appid: 3133a1ba-bf7b-443b-9e8a-f1d5f3b2ac7b
  content-length: 111
Body:
{"genomeId":"3133a1ba-bf7b-443b-9e8a-f1d5f3b2ac7b","nameOnPlatform":"DragonKing17","idOnPlatform":"1446702929"}

======================================================================
Timestamp: 2026-09-03T01:08:16.924656+00:00
Method: POST
Path: /v2/profiles/sessions
Query: 
Headers:
  user-agent: UbiServices_SDK_HTTP_Client_2.1.5.123179_WIIU
  host: api-ubiservices.ubi.com
  accept: */*
  authorization: wiiu t=VjrvUQAFAAAQF5EAAAABoGTNxYAAAAGgafQhgA0m7OPuxrhvXYuiXHgwGDqQKuM0ogTNrfF1/mV5NL/w
  content-type: application/json
  ubi-appbuildid: JD2015WIIU_E163180
  ubi-appid: 3133a1ba-bf7b-443b-9e8a-f1d5f3b2ac7b
  content-length: 111
Body:
{"genomeId":"3133a1ba-bf7b-443b-9e8a-f1d5f3b2ac7b","nameOnPlatform":"DragonKing17","idOnPlatform":"1446702929"}

======================================================================
Timestamp: 2026-09-03T01:08:31.670739+00:00
Method: POST
Path: /v2/profiles/sessions
Query: 
Headers:
  user-agent: UbiServices_SDK_HTTP_Client_2.1.5.123179_WIIU
  host: api-ubiservices.ubi.com
  accept: */*
  authorization: wiiu t=VjrvUQAFAAAQF5EAAAABoGTNxYAAAAGgafQhgA0m7OPuxrhvXYuiXHgwGDqQKuM0ogTNrfF1/mV5NL/w
  content-type: application/json
  ubi-appbuildid: JD2015WIIU_E163180
  ubi-appid: 3133a1ba-bf7b-443b-9e8a-f1d5f3b2ac7b
  content-length: 111
Body:
{"genomeId":"3133a1ba-bf7b-443b-9e8a-f1d5f3b2ac7b","nameOnPlatform":"DragonKing17","idOnPlatform":"1446702929"}

======================================================================
Timestamp: 2026-09-03T01:08:35.037083+00:00
Method: POST
Path: /v2/profiles/sessions
Query: 
Headers:
  user-agent: UbiServices_SDK_HTTP_Client_2.1.5.123179_WIIU
  host: api-ubiservices.ubi.com
  accept: */*
  authorization: wiiu t=VjrvUQAFAAAQF5EAAAABoGTNxYAAAAGgafQhgA0m7OPuxrhvXYuiXHgwGDqQKuM0ogTNrfF1/mV5NL/w
  content-type: application/json
  ubi-appbuildid: JD2015WIIU_E163180
  ubi-appid: 3133a1ba-bf7b-443b-9e8a-f1d5f3b2ac7b
  content-length: 111
Body:
{"genomeId":"3133a1ba-bf7b-443b-9e8a-f1d5f3b2ac7b","nameOnPlatform":"DragonKing17","idOnPlatform":"1446702929"}

======================================================================
Timestamp: 2026-09-03T01:08:39.430056+00:00
Method: POST
Path: /v2/profiles/sessions
Query: 
Headers:
  user-agent: UbiServices_SDK_HTTP_Client_2.1.5.123179_WIIU
  host: api-ubiservices.ubi.com
  accept: */*
  authorization: wiiu t=VjrvUQAFAAAQF5EAAAABoGTNxYAAAAGgafQhgA0m7OPuxrhvXYuiXHgwGDqQKuM0ogTNrfF1/mV5NL/w
  content-type: application/json
  ubi-appbuildid: JD2015WIIU_E163180
  ubi-appid: 3133a1ba-bf7b-443b-9e8a-f1d5f3b2ac7b
  content-length: 111
Body:
{"genomeId":"3133a1ba-bf7b-443b-9e8a-f1d5f3b2ac7b","nameOnPlatform":"DragonKing17","idOnPlatform":"1446702929"}

======================================================================
Timestamp: 2026-09-03T01:08:43.119821+00:00
Method: POST
Path: /v2/profiles/sessions
Query: 
Headers:
  user-agent: UbiServices_SDK_HTTP_Client_2.1.5.123179_WIIU
  host: api-ubiservices.ubi.com
  accept: */*
  authorization: wiiu t=VjrvUQAFAAAQF5EAAAABoGTNxYAAAAGgafQhgA0m7OPuxrhvXYuiXHgwGDqQKuM0ogTNrfF1/mV5NL/w
  content-type: application/json
  ubi-appbuildid: JD2015WIIU_E163180
  ubi-appid: 3133a1ba-bf7b-443b-9e8a-f1d5f3b2ac7b
  content-length: 111
Body:
{"genomeId":"3133a1ba-bf7b-443b-9e8a-f1d5f3b2ac7b","nameOnPlatform":"DragonKing17","idOnPlatform":"1446702929"}

======================================================================
Timestamp: 2026-09-03T01:44:44.210063+00:00
Method: POST
Path: /v2/profiles/sessions
Query: 
Headers:
  user-agent: UbiServices_SDK_HTTP_Client_2.1.5.123179_WIIU
  host: api-ubiservices.ubi.com
  accept: */*
  authorization: wiiu t=VjrvUQAFAAAQF5EAAAABoGTvwRIAAAGgahYdEt//F2TT6ijPy2DMOll5hxRByVHQozTGdo35TXAlPXS5
  content-type: application/json
  ubi-appbuildid: JD2015WIIU_E163180
  ubi-appid: 3133a1ba-bf7b-443b-9e8a-f1d5f3b2ac7b
  content-length: 111
Body:
{"genomeId":"3133a1ba-bf7b-443b-9e8a-f1d5f3b2ac7b","nameOnPlatform":"DragonKing17","idOnPlatform":"1446702929"}

======================================================================
Timestamp: 2026-09-03T01:44:45.209745+00:00
Method: POST
Path: /v2/profiles/sessions
Query: 
Headers:
  user-agent: UbiServices_SDK_HTTP_Client_2.1.5.123179_WIIU
  host: api-ubiservices.ubi.com
  accept: */*
  authorization: wiiu t=VjrvUQAFAAAQF5EAAAABoGTvwRIAAAGgahYdEt//F2TT6ijPy2DMOll5hxRByVHQozTGdo35TXAlPXS5
  content-type: application/json
  ubi-appbuildid: JD2015WIIU_E163180
  ubi-appid: 3133a1ba-bf7b-443b-9e8a-f1d5f3b2ac7b
  content-length: 111
Body:
{"genomeId":"3133a1ba-bf7b-443b-9e8a-f1d5f3b2ac7b","nameOnPlatform":"DragonKing17","idOnPlatform":"1446702929"}

======================================================================
Timestamp: 2026-09-03T01:44:45.930335+00:00
Method: POST
Path: /v2/profiles/sessions
Query: 
Headers:
  user-agent: UbiServices_SDK_HTTP_Client_2.1.5.123179_WIIU
  host: api-ubiservices.ubi.com
  accept: */*
  authorization: wiiu t=VjrvUQAFAAAQF5EAAAABoGTvwRIAAAGgahYdEt//F2TT6ijPy2DMOll5hxRByVHQozTGdo35TXAlPXS5
  content-type: application/json
  ubi-appbuildid: JD2015WIIU_E163180
  ubi-appid: 3133a1ba-bf7b-443b-9e8a-f1d5f3b2ac7b
  content-length: 111
Body:
{"genomeId":"3133a1ba-bf7b-443b-9e8a-f1d5f3b2ac7b","nameOnPlatform":"DragonKing17","idOnPlatform":"1446702929"}

======================================================================
Timestamp: 2026-09-03T01:44:46.714069+00:00
Method: POST
Path: /v2/profiles/sessions
Query: 
Headers:
  user-agent: UbiServices_SDK_HTTP_Client_2.1.5.123179_WIIU
  host: api-ubiservices.ubi.com
  accept: */*
  authorization: wiiu t=VjrvUQAFAAAQF5EAAAABoGTvwRIAAAGgahYdEt//F2TT6ijPy2DMOll5hxRByVHQozTGdo35TXAlPXS5
  content-type: application/json
  ubi-appbuildid: JD2015WIIU_E163180
  ubi-appid: 3133a1ba-bf7b-443b-9e8a-f1d5f3b2ac7b
  content-length: 111
Body:
{"genomeId":"3133a1ba-bf7b-443b-9e8a-f1d5f3b2ac7b","nameOnPlatform":"DragonKing17","idOnPlatform":"1446702929"}

======================================================================
Timestamp: 2026-09-03T01:45:20.529772+00:00
Method: POST
Path: /v2/profiles/sessions
Query: 
Headers:
  user-agent: UbiServices_SDK_HTTP_Client_2.1.5.123179_WIIU
  host: api-ubiservices.ubi.com
  accept: */*
  authorization: wiiu t=VjrvUQAFAAAQF5EAAAABoGTvwRIAAAGgahYdEt//F2TT6ijPy2DMOll5hxRByVHQozTGdo35TXAlPXS5
  content-type: application/json
  ubi-appbuildid: JD2015WIIU_E163180
  ubi-appid: 3133a1ba-bf7b-443b-9e8a-f1d5f3b2ac7b
  content-length: 111
Body:
{"genomeId":"3133a1ba-bf7b-443b-9e8a-f1d5f3b2ac7b","nameOnPlatform":"DragonKing17","idOnPlatform":"1446702929"}

======================================================================
Timestamp: 2026-09-03T01:45:24.731676+00:00
Method: POST
Path: /v2/profiles/sessions
Query: 
Headers:
  user-agent: UbiServices_SDK_HTTP_Client_2.1.5.123179_WIIU
  host: api-ubiservices.ubi.com
  accept: */*
  authorization: wiiu t=VjrvUQAFAAAQF5EAAAABoGTvwRIAAAGgahYdEt//F2TT6ijPy2DMOll5hxRByVHQozTGdo35TXAlPXS5
  content-type: application/json
  ubi-appbuildid: JD2015WIIU_E163180
  ubi-appid: 3133a1ba-bf7b-443b-9e8a-f1d5f3b2ac7b
  content-length: 111
Body:
{"genomeId":"3133a1ba-bf7b-443b-9e8a-f1d5f3b2ac7b","nameOnPlatform":"DragonKing17","idOnPlatform":"1446702929"}

======================================================================
Timestamp: 2026-09-03T01:45:29.964707+00:00
Method: POST
Path: /v2/profiles/sessions
Query: 
Headers:
  user-agent: UbiServices_SDK_HTTP_Client_2.1.5.123179_WIIU
  host: api-ubiservices.ubi.com
  accept: */*
  authorization: wiiu t=VjrvUQAFAAAQF5EAAAABoGTvwRIAAAGgahYdEt//F2TT6ijPy2DMOll5hxRByVHQozTGdo35TXAlPXS5
  content-type: application/json
  ubi-appbuildid: JD2015WIIU_E163180
  ubi-appid: 3133a1ba-bf7b-443b-9e8a-f1d5f3b2ac7b
  content-length: 111
Body:
{"genomeId":"3133a1ba-bf7b-443b-9e8a-f1d5f3b2ac7b","nameOnPlatform":"DragonKing17","idOnPlatform":"1446702929"}

======================================================================
Timestamp: 2026-09-03T01:50:20.949007+00:00
Method: POST
Path: /v2/profiles/sessions
Query: 
Headers:
  host: 127.0.0.1
  user-agent: curl/8.7.1
  accept: */*
  content-type: application/json
  authorization: test-session
  content-length: 111
Body:
{"genomeId":"3133a1ba-bf7b-443b-9e8a-f1d5f3b2ac7b","nameOnPlatform":"DragonKing17","idOnPlatform":"1446702929"}

======================================================================
Timestamp: 2026-09-03T01:52:35.693623+00:00
Method: POST
Path: /v2/profiles/sessions
Query: 
Headers:
  user-agent: UbiServices_SDK_HTTP_Client_2.1.5.123179_WIIU
  host: api-ubiservices.ubi.com
  accept: */*
  authorization: wiiu t=VjrvUQAFAAAQF5EAAAABoGT3ApcAAAGgah1el1MpOd5jU0nb8kfc+0OZs+yE3DxJkJTQsrj8f+sz0qnl
  content-type: application/json
  ubi-appbuildid: JD2015WIIU_E163180
  ubi-appid: 3133a1ba-bf7b-443b-9e8a-f1d5f3b2ac7b
  content-length: 111
Body:
{"genomeId":"3133a1ba-bf7b-443b-9e8a-f1d5f3b2ac7b","nameOnPlatform":"DragonKing17","idOnPlatform":"1446702929"}

======================================================================
Timestamp: 2026-09-03T01:52:36.362141+00:00
Method: POST
Path: /v2/profiles/sessions
Query: 
Headers:
  user-agent: UbiServices_SDK_HTTP_Client_2.1.5.123179_WIIU
  host: api-ubiservices.ubi.com
  accept: */*
  authorization: wiiu t=VjrvUQAFAAAQF5EAAAABoGT3ApcAAAGgah1el1MpOd5jU0nb8kfc+0OZs+yE3DxJkJTQsrj8f+sz0qnl
  content-type: application/json
  ubi-appbuildid: JD2015WIIU_E163180
  ubi-appid: 3133a1ba-bf7b-443b-9e8a-f1d5f3b2ac7b
  content-length: 111
Body:
{"genomeId":"3133a1ba-bf7b-443b-9e8a-f1d5f3b2ac7b","nameOnPlatform":"DragonKing17","idOnPlatform":"1446702929"}

======================================================================
Timestamp: 2026-09-03T01:52:36.986069+00:00
Method: POST
Path: /v2/profiles/sessions
Query: 
Headers:
  user-agent: UbiServices_SDK_HTTP_Client_2.1.5.123179_WIIU
  host: api-ubiservices.ubi.com
  accept: */*
  authorization: wiiu t=VjrvUQAFAAAQF5EAAAABoGT3ApcAAAGgah1el1MpOd5jU0nb8kfc+0OZs+yE3DxJkJTQsrj8f+sz0qnl
  content-type: application/json
  ubi-appbuildid: JD2015WIIU_E163180
  ubi-appid: 3133a1ba-bf7b-443b-9e8a-f1d5f3b2ac7b
  content-length: 111
Body:
{"genomeId":"3133a1ba-bf7b-443b-9e8a-f1d5f3b2ac7b","nameOnPlatform":"DragonKing17","idOnPlatform":"1446702929"}

======================================================================
Timestamp: 2026-09-03T01:52:37.473766+00:00
Method: POST
Path: /v2/profiles/sessions
Query: 
Headers:
  user-agent: UbiServices_SDK_HTTP_Client_2.1.5.123179_WIIU
  host: api-ubiservices.ubi.com
  accept: */*
  authorization: wiiu t=VjrvUQAFAAAQF5EAAAABoGT3ApcAAAGgah1el1MpOd5jU0nb8kfc+0OZs+yE3DxJkJTQsrj8f+sz0qnl
  content-type: application/json
  ubi-appbuildid: JD2015WIIU_E163180
  ubi-appid: 3133a1ba-bf7b-443b-9e8a-f1d5f3b2ac7b
  content-length: 111
Body:
{"genomeId":"3133a1ba-bf7b-443b-9e8a-f1d5f3b2ac7b","nameOnPlatform":"DragonKing17","idOnPlatform":"1446702929"}

======================================================================
Timestamp: 2026-09-03T01:52:46.058931+00:00
Method: POST
Path: /v2/profiles/sessions
Query: 
Headers:
  user-agent: UbiServices_SDK_HTTP_Client_2.1.5.123179_WIIU
  host: api-ubiservices.ubi.com
  accept: */*
  authorization: wiiu t=VjrvUQAFAAAQF5EAAAABoGT3ApcAAAGgah1el1MpOd5jU0nb8kfc+0OZs+yE3DxJkJTQsrj8f+sz0qnl
  content-type: application/json
  ubi-appbuildid: JD2015WIIU_E163180
  ubi-appid: 3133a1ba-bf7b-443b-9e8a-f1d5f3b2ac7b
  content-length: 111
Body:
{"genomeId":"3133a1ba-bf7b-443b-9e8a-f1d5f3b2ac7b","nameOnPlatform":"DragonKing17","idOnPlatform":"1446702929"}

======================================================================
Timestamp: 2026-09-03T01:52:49.411470+00:00
Method: POST
Path: /v2/profiles/sessions
Query: 
Headers:
  user-agent: UbiServices_SDK_HTTP_Client_2.1.5.123179_WIIU
  host: api-ubiservices.ubi.com
  accept: */*
  authorization: wiiu t=VjrvUQAFAAAQF5EAAAABoGT3ApcAAAGgah1el1MpOd5jU0nb8kfc+0OZs+yE3DxJkJTQsrj8f+sz0qnl
  content-type: application/json
  ubi-appbuildid: JD2015WIIU_E163180
  ubi-appid: 3133a1ba-bf7b-443b-9e8a-f1d5f3b2ac7b
  content-length: 111
Body:
{"genomeId":"3133a1ba-bf7b-443b-9e8a-f1d5f3b2ac7b","nameOnPlatform":"DragonKing17","idOnPlatform":"1446702929"}

======================================================================
Timestamp: 2026-09-03T01:52:55.622366+00:00
Method: POST
Path: /v2/profiles/sessions
Query: 
Headers:
  user-agent: UbiServices_SDK_HTTP_Client_2.1.5.123179_WIIU
  host: api-ubiservices.ubi.com
  accept: */*
  authorization: wiiu t=VjrvUQAFAAAQF5EAAAABoGT3ApcAAAGgah1el1MpOd5jU0nb8kfc+0OZs+yE3DxJkJTQsrj8f+sz0qnl
  content-type: application/json
  ubi-appbuildid: JD2015WIIU_E163180
  ubi-appid: 3133a1ba-bf7b-443b-9e8a-f1d5f3b2ac7b
  content-length: 111
Body:
{"genomeId":"3133a1ba-bf7b-443b-9e8a-f1d5f3b2ac7b","nameOnPlatform":"DragonKing17","idOnPlatform":"1446702929"}

======================================================================
Timestamp: 2026-09-03T01:52:59.275040+00:00
Method: POST
Path: /v2/profiles/sessions
Query: 
Headers:
  user-agent: UbiServices_SDK_HTTP_Client_2.1.5.123179_WIIU
  host: api-ubiservices.ubi.com
  accept: */*
  authorization: wiiu t=VjrvUQAFAAAQF5EAAAABoGT3ApcAAAGgah1el1MpOd5jU0nb8kfc+0OZs+yE3DxJkJTQsrj8f+sz0qnl
  content-type: application/json
  ubi-appbuildid: JD2015WIIU_E163180
  ubi-appid: 3133a1ba-bf7b-443b-9e8a-f1d5f3b2ac7b
  content-length: 111
Body:
{"genomeId":"3133a1ba-bf7b-443b-9e8a-f1d5f3b2ac7b","nameOnPlatform":"DragonKing17","idOnPlatform":"1446702929"}

======================================================================
Timestamp: 2026-09-03T13:22:05.356614+00:00
Method: POST
Path: /v2/profiles/sessions
Query: 
Headers:
  host: 127.0.0.1
  user-agent: curl/8.7.1
  accept: */*
  content-type: application/json
  authorization: test-session
  content-length: 111
Body:
{"genomeId":"3133a1ba-bf7b-443b-9e8a-f1d5f3b2ac7b","nameOnPlatform":"DragonKing17","idOnPlatform":"1446702929"}

======================================================================
Timestamp: 2026-09-03T13:22:14.247875+00:00
Method: GET
Path: /applications/3133a1ba-bf7b-443b-9e8a-f1d5f3b2ac7b/configuration
Query: 
Headers:
  host: 127.0.0.1
  user-agent: curl/8.7.1
  accept: */*
Body:
<empty>

======================================================================
Timestamp: 2026-09-03T13:22:49.539016+00:00
Method: GET
Path: /profiles/sessions/cda8ce91-b9c0-42eb-b4e3-30e04a038193
Query: 
Headers:
  host: 127.0.0.1
  user-agent: curl/8.7.1
  accept: */*
Body:
<empty>

======================================================================
Timestamp: 2026-09-07T17:52:30.333131+00:00
Method: POST
Path: /v2/profiles/sessions
Query: 
Headers:
  user-agent: UbiServices_SDK_HTTP_Client_2.1.5.123179_WIIU
  host: api-ubiservices.ubi.com
  accept: */*
  authorization: wiiu t=VjrvUQAFAAAQF5EAAAABoHz/ABkAAAGggiVcGTDQFl5ra18a2491xUTCvfWsMgSMv0N49COYixvK5/LQ
  content-type: application/json
  ubi-appbuildid: JD2015WIIU_E163180
  ubi-appid: 3133a1ba-bf7b-443b-9e8a-f1d5f3b2ac7b
  content-length: 111
Body:
{"genomeId":"3133a1ba-bf7b-443b-9e8a-f1d5f3b2ac7b","nameOnPlatform":"DragonKing17","idOnPlatform":"1446702929"}

======================================================================
Timestamp: 2026-09-07T17:52:31.012187+00:00
Method: POST
Path: /v2/profiles/sessions
Query: 
Headers:
  user-agent: UbiServices_SDK_HTTP_Client_2.1.5.123179_WIIU
  host: api-ubiservices.ubi.com
  accept: */*
  authorization: wiiu t=VjrvUQAFAAAQF5EAAAABoHz/ABkAAAGggiVcGTDQFl5ra18a2491xUTCvfWsMgSMv0N49COYixvK5/LQ
  content-type: application/json
  ubi-appbuildid: JD2015WIIU_E163180
  ubi-appid: 3133a1ba-bf7b-443b-9e8a-f1d5f3b2ac7b
  content-length: 111
Body:
{"genomeId":"3133a1ba-bf7b-443b-9e8a-f1d5f3b2ac7b","nameOnPlatform":"DragonKing17","idOnPlatform":"1446702929"}

======================================================================
Timestamp: 2026-09-07T17:52:31.647894+00:00
Method: POST
Path: /v2/profiles/sessions
Query: 
Headers:
  user-agent: UbiServices_SDK_HTTP_Client_2.1.5.123179_WIIU
  host: api-ubiservices.ubi.com
  accept: */*
  authorization: wiiu t=VjrvUQAFAAAQF5EAAAABoHz/ABkAAAGggiVcGTDQFl5ra18a2491xUTCvfWsMgSMv0N49COYixvK5/LQ
  content-type: application/json
  ubi-appbuildid: JD2015WIIU_E163180
  ubi-appid: 3133a1ba-bf7b-443b-9e8a-f1d5f3b2ac7b
  content-length: 111
Body:
{"genomeId":"3133a1ba-bf7b-443b-9e8a-f1d5f3b2ac7b","nameOnPlatform":"DragonKing17","idOnPlatform":"1446702929"}

======================================================================
Timestamp: 2026-09-07T17:52:32.241634+00:00
Method: POST
Path: /v2/profiles/sessions
Query: 
Headers:
  user-agent: UbiServices_SDK_HTTP_Client_2.1.5.123179_WIIU
  host: api-ubiservices.ubi.com
  accept: */*
  authorization: wiiu t=VjrvUQAFAAAQF5EAAAABoHz/ABkAAAGggiVcGTDQFl5ra18a2491xUTCvfWsMgSMv0N49COYixvK5/LQ
  content-type: application/json
  ubi-appbuildid: JD2015WIIU_E163180
  ubi-appid: 3133a1ba-bf7b-443b-9e8a-f1d5f3b2ac7b
  content-length: 111
Body:
{"genomeId":"3133a1ba-bf7b-443b-9e8a-f1d5f3b2ac7b","nameOnPlatform":"DragonKing17","idOnPlatform":"1446702929"}

======================================================================
Timestamp: 2026-09-07T17:52:42.941239+00:00
Method: POST
Path: /v2/profiles/sessions
Query: 
Headers:
  user-agent: UbiServices_SDK_HTTP_Client_2.1.5.123179_WIIU
  host: api-ubiservices.ubi.com
  accept: */*
  authorization: wiiu t=VjrvUQAFAAAQF5EAAAABoHz/ABkAAAGggiVcGTDQFl5ra18a2491xUTCvfWsMgSMv0N49COYixvK5/LQ
  content-type: application/json
  ubi-appbuildid: JD2015WIIU_E163180
  ubi-appid: 3133a1ba-bf7b-443b-9e8a-f1d5f3b2ac7b
  content-length: 111
Body:
{"genomeId":"3133a1ba-bf7b-443b-9e8a-f1d5f3b2ac7b","nameOnPlatform":"DragonKing17","idOnPlatform":"1446702929"}

======================================================================
Timestamp: 2026-09-07T17:52:46.486115+00:00
Method: POST
Path: /v2/profiles/sessions
Query: 
Headers:
  user-agent: UbiServices_SDK_HTTP_Client_2.1.5.123179_WIIU
  host: api-ubiservices.ubi.com
  accept: */*
  authorization: wiiu t=VjrvUQAFAAAQF5EAAAABoHz/ABkAAAGggiVcGTDQFl5ra18a2491xUTCvfWsMgSMv0N49COYixvK5/LQ
  content-type: application/json
  ubi-appbuildid: JD2015WIIU_E163180
  ubi-appid: 3133a1ba-bf7b-443b-9e8a-f1d5f3b2ac7b
  content-length: 111
Body:
{"genomeId":"3133a1ba-bf7b-443b-9e8a-f1d5f3b2ac7b","nameOnPlatform":"DragonKing17","idOnPlatform":"1446702929"}

======================================================================
Timestamp: 2026-09-07T17:52:54.524091+00:00
Method: POST
Path: /v2/profiles/sessions
Query: 
Headers:
  user-agent: UbiServices_SDK_HTTP_Client_2.1.5.123179_WIIU
  host: api-ubiservices.ubi.com
  accept: */*
  authorization: wiiu t=VjrvUQAFAAAQF5EAAAABoHz/ABkAAAGggiVcGTDQFl5ra18a2491xUTCvfWsMgSMv0N49COYixvK5/LQ
  content-type: application/json
  ubi-appbuildid: JD2015WIIU_E163180
  ubi-appid: 3133a1ba-bf7b-443b-9e8a-f1d5f3b2ac7b
  content-length: 111
Body:
{"genomeId":"3133a1ba-bf7b-443b-9e8a-f1d5f3b2ac7b","nameOnPlatform":"DragonKing17","idOnPlatform":"1446702929"}

======================================================================
Timestamp: 2026-09-07T17:53:01.922637+00:00
Method: POST
Path: /v2/profiles/sessions
Query: 
Headers:
  user-agent: UbiServices_SDK_HTTP_Client_2.1.5.123179_WIIU
  host: api-ubiservices.ubi.com
  accept: */*
  authorization: wiiu t=VjrvUQAFAAAQF5EAAAABoHz/ABkAAAGggiVcGTDQFl5ra18a2491xUTCvfWsMgSMv0N49COYixvK5/LQ
  content-type: application/json
  ubi-appbuildid: JD2015WIIU_E163180
  ubi-appid: 3133a1ba-bf7b-443b-9e8a-f1d5f3b2ac7b
  content-length: 111
Body:
{"genomeId":"3133a1ba-bf7b-443b-9e8a-f1d5f3b2ac7b","nameOnPlatform":"DragonKing17","idOnPlatform":"1446702929"}

======================================================================
Timestamp: 2026-09-07T17:53:02.600588+00:00
Method: POST
Path: /v2/profiles/sessions
Query: 
Headers:
  user-agent: UbiServices_SDK_HTTP_Client_2.1.5.123179_WIIU
  host: api-ubiservices.ubi.com
  accept: */*
  authorization: wiiu t=VjrvUQAFAAAQF5EAAAABoHz/ABkAAAGggiVcGTDQFl5ra18a2491xUTCvfWsMgSMv0N49COYixvK5/LQ
  content-type: application/json
  ubi-appbuildid: JD2015WIIU_E163180
  ubi-appid: 3133a1ba-bf7b-443b-9e8a-f1d5f3b2ac7b
  content-length: 111
Body:
{"genomeId":"3133a1ba-bf7b-443b-9e8a-f1d5f3b2ac7b","nameOnPlatform":"DragonKing17","idOnPlatform":"1446702929"}

======================================================================
Timestamp: 2026-09-07T17:53:03.116652+00:00
Method: POST
Path: /v2/profiles/sessions
Query: 
Headers:
  user-agent: UbiServices_SDK_HTTP_Client_2.1.5.123179_WIIU
  host: api-ubiservices.ubi.com
  accept: */*
  authorization: wiiu t=VjrvUQAFAAAQF5EAAAABoHz/ABkAAAGggiVcGTDQFl5ra18a2491xUTCvfWsMgSMv0N49COYixvK5/LQ
  content-type: application/json
  ubi-appbuildid: JD2015WIIU_E163180
  ubi-appid: 3133a1ba-bf7b-443b-9e8a-f1d5f3b2ac7b
  content-length: 111
Body:
{"genomeId":"3133a1ba-bf7b-443b-9e8a-f1d5f3b2ac7b","nameOnPlatform":"DragonKing17","idOnPlatform":"1446702929"}

======================================================================
Timestamp: 2026-09-07T17:54:23.656875+00:00
Method: POST
Path: /v2/profiles/sessions
Query: 
Headers:
  user-agent: UbiServices_SDK_HTTP_Client_2.1.5.123179_WIIU
  host: api-ubiservices.ubi.com
  accept: */*
  authorization: wiiu t=VjrvUQAFAAAQF5EAAAABoHz/ABkAAAGggiVcGTDQFl5ra18a2491xUTCvfWsMgSMv0N49COYixvK5/LQ
  content-type: application/json
  ubi-appbuildid: JD2015WIIU_E163180
  ubi-appid: 3133a1ba-bf7b-443b-9e8a-f1d5f3b2ac7b
  content-length: 111
Body:
{"genomeId":"3133a1ba-bf7b-443b-9e8a-f1d5f3b2ac7b","nameOnPlatform":"DragonKing17","idOnPlatform":"1446702929"}

======================================================================
Timestamp: 2026-09-07T17:58:37.748216+00:00
Method: POST
Path: /v2/profiles/sessions
Query: 
Headers:
  user-agent: UbiServices_SDK_HTTP_Client_2.1.5.123179_WIIU
  host: api-ubiservices.ubi.com
  accept: */*
  authorization: wiiu t=VjrvUQAFAAAQF5EAAAABoH0E1JQAAAGggiswlLAokW4Swycskb3uVt86lVrP43hs3ewdzKTOIhRyKfwS
  content-type: application/json
  ubi-appbuildid: JD2015WIIU_E163180
  ubi-appid: 3133a1ba-bf7b-443b-9e8a-f1d5f3b2ac7b
  content-length: 111
Body:
{"genomeId":"3133a1ba-bf7b-443b-9e8a-f1d5f3b2ac7b","nameOnPlatform":"DragonKing17","idOnPlatform":"1446702929"}

======================================================================
Timestamp: 2026-09-07T17:58:38.401522+00:00
Method: POST
Path: /v2/profiles/sessions
Query: 
Headers:
  user-agent: UbiServices_SDK_HTTP_Client_2.1.5.123179_WIIU
  host: api-ubiservices.ubi.com
  accept: */*
  authorization: wiiu t=VjrvUQAFAAAQF5EAAAABoH0E1JQAAAGggiswlLAokW4Swycskb3uVt86lVrP43hs3ewdzKTOIhRyKfwS
  content-type: application/json
  ubi-appbuildid: JD2015WIIU_E163180
  ubi-appid: 3133a1ba-bf7b-443b-9e8a-f1d5f3b2ac7b
  content-length: 111
Body:
{"genomeId":"3133a1ba-bf7b-443b-9e8a-f1d5f3b2ac7b","nameOnPlatform":"DragonKing17","idOnPlatform":"1446702929"}

======================================================================
Timestamp: 2026-09-07T17:58:39.115167+00:00
Method: POST
Path: /v2/profiles/sessions
Query: 
Headers:
  user-agent: UbiServices_SDK_HTTP_Client_2.1.5.123179_WIIU
  host: api-ubiservices.ubi.com
  accept: */*
  authorization: wiiu t=VjrvUQAFAAAQF5EAAAABoH0E1JQAAAGggiswlLAokW4Swycskb3uVt86lVrP43hs3ewdzKTOIhRyKfwS
  content-type: application/json
  ubi-appbuildid: JD2015WIIU_E163180
  ubi-appid: 3133a1ba-bf7b-443b-9e8a-f1d5f3b2ac7b
  content-length: 111
Body:
{"genomeId":"3133a1ba-bf7b-443b-9e8a-f1d5f3b2ac7b","nameOnPlatform":"DragonKing17","idOnPlatform":"1446702929"}

======================================================================
Timestamp: 2026-09-07T17:58:39.764266+00:00
Method: POST
Path: /v2/profiles/sessions
Query: 
Headers:
  user-agent: UbiServices_SDK_HTTP_Client_2.1.5.123179_WIIU
  host: api-ubiservices.ubi.com
  accept: */*
  authorization: wiiu t=VjrvUQAFAAAQF5EAAAABoH0E1JQAAAGggiswlLAokW4Swycskb3uVt86lVrP43hs3ewdzKTOIhRyKfwS
  content-type: application/json
  ubi-appbuildid: JD2015WIIU_E163180
  ubi-appid: 3133a1ba-bf7b-443b-9e8a-f1d5f3b2ac7b
  content-length: 111
Body:
{"genomeId":"3133a1ba-bf7b-443b-9e8a-f1d5f3b2ac7b","nameOnPlatform":"DragonKing17","idOnPlatform":"1446702929"}

======================================================================
Timestamp: 2026-09-07T17:58:49.136302+00:00
Method: POST
Path: /v2/profiles/sessions
Query: 
Headers:
  user-agent: UbiServices_SDK_HTTP_Client_2.1.5.123179_WIIU
  host: api-ubiservices.ubi.com
  accept: */*
  authorization: wiiu t=VjrvUQAFAAAQF5EAAAABoH0E1JQAAAGggiswlLAokW4Swycskb3uVt86lVrP43hs3ewdzKTOIhRyKfwS
  content-type: application/json
  ubi-appbuildid: JD2015WIIU_E163180
  ubi-appid: 3133a1ba-bf7b-443b-9e8a-f1d5f3b2ac7b
  content-length: 111
Body:
{"genomeId":"3133a1ba-bf7b-443b-9e8a-f1d5f3b2ac7b","nameOnPlatform":"DragonKing17","idOnPlatform":"1446702929"}

======================================================================
Timestamp: 2026-09-07T17:58:52.961059+00:00
Method: POST
Path: /v2/profiles/sessions
Query: 
Headers:
  user-agent: UbiServices_SDK_HTTP_Client_2.1.5.123179_WIIU
  host: api-ubiservices.ubi.com
  accept: */*
  authorization: wiiu t=VjrvUQAFAAAQF5EAAAABoH0E1JQAAAGggiswlLAokW4Swycskb3uVt86lVrP43hs3ewdzKTOIhRyKfwS
  content-type: application/json
  ubi-appbuildid: JD2015WIIU_E163180
  ubi-appid: 3133a1ba-bf7b-443b-9e8a-f1d5f3b2ac7b
  content-length: 111
Body:
{"genomeId":"3133a1ba-bf7b-443b-9e8a-f1d5f3b2ac7b","nameOnPlatform":"DragonKing17","idOnPlatform":"1446702929"}

======================================================================
Timestamp: 2026-09-07T17:58:57.480845+00:00
Method: POST
Path: /v2/profiles/sessions
Query: 
Headers:
  user-agent: UbiServices_SDK_HTTP_Client_2.1.5.123179_WIIU
  host: api-ubiservices.ubi.com
  accept: */*
  authorization: wiiu t=VjrvUQAFAAAQF5EAAAABoH0E1JQAAAGggiswlLAokW4Swycskb3uVt86lVrP43hs3ewdzKTOIhRyKfwS
  content-type: application/json
  ubi-appbuildid: JD2015WIIU_E163180
  ubi-appid: 3133a1ba-bf7b-443b-9e8a-f1d5f3b2ac7b
  content-length: 111
Body:
{"genomeId":"3133a1ba-bf7b-443b-9e8a-f1d5f3b2ac7b","nameOnPlatform":"DragonKing17","idOnPlatform":"1446702929"}

======================================================================
Timestamp: 2026-09-07T17:59:01.784472+00:00
Method: POST
Path: /v2/profiles/sessions
Query: 
Headers:
  user-agent: UbiServices_SDK_HTTP_Client_2.1.5.123179_WIIU
  host: api-ubiservices.ubi.com
  accept: */*
  authorization: wiiu t=VjrvUQAFAAAQF5EAAAABoH0E1JQAAAGggiswlLAokW4Swycskb3uVt86lVrP43hs3ewdzKTOIhRyKfwS
  content-type: application/json
  ubi-appbuildid: JD2015WIIU_E163180
  ubi-appid: 3133a1ba-bf7b-443b-9e8a-f1d5f3b2ac7b
  content-length: 111
Body:
{"genomeId":"3133a1ba-bf7b-443b-9e8a-f1d5f3b2ac7b","nameOnPlatform":"DragonKing17","idOnPlatform":"1446702929"}

======================================================================
Timestamp: 2026-09-07T17:59:07.741488+00:00
Method: POST
Path: /v2/profiles/sessions
Query: 
Headers:
  user-agent: UbiServices_SDK_HTTP_Client_2.1.5.123179_WIIU
  host: api-ubiservices.ubi.com
  accept: */*
  authorization: wiiu t=VjrvUQAFAAAQF5EAAAABoH0E1JQAAAGggiswlLAokW4Swycskb3uVt86lVrP43hs3ewdzKTOIhRyKfwS
  content-type: application/json
  ubi-appbuildid: JD2015WIIU_E163180
  ubi-appid: 3133a1ba-bf7b-443b-9e8a-f1d5f3b2ac7b
  content-length: 111
Body:
{"genomeId":"3133a1ba-bf7b-443b-9e8a-f1d5f3b2ac7b","nameOnPlatform":"DragonKing17","idOnPlatform":"1446702929"}

======================================================================
Timestamp: 2026-09-07T17:59:14.743553+00:00
Method: POST
Path: /v2/profiles/sessions
Query: 
Headers:
  user-agent: UbiServices_SDK_HTTP_Client_2.1.5.123179_WIIU
  host: api-ubiservices.ubi.com
  accept: */*
  authorization: wiiu t=VjrvUQAFAAAQF5EAAAABoH0E1JQAAAGggiswlLAokW4Swycskb3uVt86lVrP43hs3ewdzKTOIhRyKfwS
  content-type: application/json
  ubi-appbuildid: JD2015WIIU_E163180
  ubi-appid: 3133a1ba-bf7b-443b-9e8a-f1d5f3b2ac7b
  content-length: 111
Body:
{"genomeId":"3133a1ba-bf7b-443b-9e8a-f1d5f3b2ac7b","nameOnPlatform":"DragonKing17","idOnPlatform":"1446702929"}

======================================================================
Timestamp: 2026-09-07T17:59:19.676762+00:00
Method: POST
Path: /v2/profiles/sessions
Query: 
Headers:
  user-agent: UbiServices_SDK_HTTP_Client_2.1.5.123179_WIIU
  host: api-ubiservices.ubi.com
  accept: */*
  authorization: wiiu t=VjrvUQAFAAAQF5EAAAABoH0E1JQAAAGggiswlLAokW4Swycskb3uVt86lVrP43hs3ewdzKTOIhRyKfwS
  content-type: application/json
  ubi-appbuildid: JD2015WIIU_E163180
  ubi-appid: 3133a1ba-bf7b-443b-9e8a-f1d5f3b2ac7b
  content-length: 111
Body:
{"genomeId":"3133a1ba-bf7b-443b-9e8a-f1d5f3b2ac7b","nameOnPlatform":"DragonKing17","idOnPlatform":"1446702929"}

======================================================================
Timestamp: 2026-09-07T17:59:20.172979+00:00
Method: POST
Path: /v2/profiles/sessions
Query: 
Headers:
  user-agent: UbiServices_SDK_HTTP_Client_2.1.5.123179_WIIU
  host: api-ubiservices.ubi.com
  accept: */*
  authorization: wiiu t=VjrvUQAFAAAQF5EAAAABoH0E1JQAAAGggiswlLAokW4Swycskb3uVt86lVrP43hs3ewdzKTOIhRyKfwS
  content-type: application/json
  ubi-appbuildid: JD2015WIIU_E163180
  ubi-appid: 3133a1ba-bf7b-443b-9e8a-f1d5f3b2ac7b
  content-length: 111
Body:
{"genomeId":"3133a1ba-bf7b-443b-9e8a-f1d5f3b2ac7b","nameOnPlatform":"DragonKing17","idOnPlatform":"1446702929"}

======================================================================
Timestamp: 2026-09-07T17:59:20.659554+00:00
Method: POST
Path: /v2/profiles/sessions
Query: 
Headers:
  user-agent: UbiServices_SDK_HTTP_Client_2.1.5.123179_WIIU
  host: api-ubiservices.ubi.com
  accept: */*
  authorization: wiiu t=VjrvUQAFAAAQF5EAAAABoH0E1JQAAAGggiswlLAokW4Swycskb3uVt86lVrP43hs3ewdzKTOIhRyKfwS
  content-type: application/json
  ubi-appbuildid: JD2015WIIU_E163180
  ubi-appid: 3133a1ba-bf7b-443b-9e8a-f1d5f3b2ac7b
  content-length: 111
Body:
{"genomeId":"3133a1ba-bf7b-443b-9e8a-f1d5f3b2ac7b","nameOnPlatform":"DragonKing17","idOnPlatform":"1446702929"}

======================================================================
Timestamp: 2026-09-07T17:59:26.322435+00:00
Method: POST
Path: /v2/profiles/sessions
Query: 
Headers:
  user-agent: UbiServices_SDK_HTTP_Client_2.1.5.123179_WIIU
  host: api-ubiservices.ubi.com
  accept: */*
  authorization: wiiu t=VjrvUQAFAAAQF5EAAAABoH0E1JQAAAGggiswlLAokW4Swycskb3uVt86lVrP43hs3ewdzKTOIhRyKfwS
  content-type: application/json
  ubi-appbuildid: JD2015WIIU_E163180
  ubi-appid: 3133a1ba-bf7b-443b-9e8a-f1d5f3b2ac7b
  content-length: 111
Body:
{"genomeId":"3133a1ba-bf7b-443b-9e8a-f1d5f3b2ac7b","nameOnPlatform":"DragonKing17","idOnPlatform":"1446702929"}

======================================================================
Timestamp: 2026-09-07T17:59:29.847226+00:00
Method: POST
Path: /v2/profiles/sessions
Query: 
Headers:
  user-agent: UbiServices_SDK_HTTP_Client_2.1.5.123179_WIIU
  host: api-ubiservices.ubi.com
  accept: */*
  authorization: wiiu t=VjrvUQAFAAAQF5EAAAABoH0E1JQAAAGggiswlLAokW4Swycskb3uVt86lVrP43hs3ewdzKTOIhRyKfwS
  content-type: application/json
  ubi-appbuildid: JD2015WIIU_E163180
  ubi-appid: 3133a1ba-bf7b-443b-9e8a-f1d5f3b2ac7b
  content-length: 111
Body:
{"genomeId":"3133a1ba-bf7b-443b-9e8a-f1d5f3b2ac7b","nameOnPlatform":"DragonKing17","idOnPlatform":"1446702929"}

======================================================================
Timestamp: 2026-09-07T17:59:35.281963+00:00
Method: POST
Path: /v2/profiles/sessions
Query: 
Headers:
  user-agent: UbiServices_SDK_HTTP_Client_2.1.5.123179_WIIU
  host: api-ubiservices.ubi.com
  accept: */*
  authorization: wiiu t=VjrvUQAFAAAQF5EAAAABoH0E1JQAAAGggiswlLAokW4Swycskb3uVt86lVrP43hs3ewdzKTOIhRyKfwS
  content-type: application/json
  ubi-appbuildid: JD2015WIIU_E163180
  ubi-appid: 3133a1ba-bf7b-443b-9e8a-f1d5f3b2ac7b
  content-length: 111
Body:
{"genomeId":"3133a1ba-bf7b-443b-9e8a-f1d5f3b2ac7b","nameOnPlatform":"DragonKing17","idOnPlatform":"1446702929"}

======================================================================
Timestamp: 2026-09-07T17:59:36.699121+00:00
Method: POST
Path: /v2/profiles/sessions
Query: 
Headers:
  user-agent: UbiServices_SDK_HTTP_Client_2.1.5.123179_WIIU
  host: api-ubiservices.ubi.com
  accept: */*
  authorization: wiiu t=VjrvUQAFAAAQF5EAAAABoH0E1JQAAAGggiswlLAokW4Swycskb3uVt86lVrP43hs3ewdzKTOIhRyKfwS
  content-type: application/json
  ubi-appbuildid: JD2015WIIU_E163180
  ubi-appid: 3133a1ba-bf7b-443b-9e8a-f1d5f3b2ac7b
  content-length: 111
Body:
{"genomeId":"3133a1ba-bf7b-443b-9e8a-f1d5f3b2ac7b","nameOnPlatform":"DragonKing17","idOnPlatform":"1446702929"}

======================================================================
Timestamp: 2026-09-17T01:20:13.902509+00:00
Method: POST
Path: /v2/profiles/sessions
Query: 
Headers:
  user-agent: UbiServices_SDK_HTTP_Client_2.1.5.123179_WIIU
  host: api-ubiservices.ubi.com
  accept: */*
  authorization: wiiu t=VjrvUQAFAAAQF5EAAAABoKzyd4kAAAGgshjTielEQqy+aXwauJ17XSFk6EhKyVeDxhCb0uwhug/1eRLe
  content-type: application/json
  ubi-appbuildid: JD2015WIIU_E163180
  ubi-appid: 3133a1ba-bf7b-443b-9e8a-f1d5f3b2ac7b
  content-length: 111
Body:
{"genomeId":"3133a1ba-bf7b-443b-9e8a-f1d5f3b2ac7b","nameOnPlatform":"DragonKing17","idOnPlatform":"1446702929"}

======================================================================
Timestamp: 2026-09-17T01:20:14.531215+00:00
Method: GET
Path: /v1/applications/3133a1ba-bf7b-443b-9e8a-f1d5f3b2ac7b/configuration
Query: 
Headers:
  user-agent: UbiServices_SDK_HTTP_Client_2.1.5.123179_WIIU
  host: api-ubiservices.ubi.com
  accept: */*
  authorization: Ubi_v1 t=H3YPio6zgNOvWRI8seyFvgpq7xPNfy28v/oabOhdRyA=
  content-type: application/json
  ubi-appbuildid: JD2015WIIU_E163180
  ubi-appid: 3133a1ba-bf7b-443b-9e8a-f1d5f3b2ac7b
  ubi-sessionid: b8ce23ba-760e-4154-92ae-bb16c00e2d2a
Body:
<empty>

======================================================================
Timestamp: 2026-09-17T01:20:15.053616+00:00
Method: GET
Path: /v2/users/d2cd8684-8e13-515d-bafd-f96a14a0bb24
Query: 
Headers:
  user-agent: UbiServices_SDK_HTTP_Client_2.1.5.123179_WIIU
  host: api-ubiservices.ubi.com
  accept: */*
  authorization: Ubi_v1 t=H3YPio6zgNOvWRI8seyFvgpq7xPNfy28v/oabOhdRyA=
  content-type: application/json
  ubi-appbuildid: JD2015WIIU_E163180
  ubi-appid: 3133a1ba-bf7b-443b-9e8a-f1d5f3b2ac7b
  ubi-sessionid: b8ce23ba-760e-4154-92ae-bb16c00e2d2a
Body:
<empty>

======================================================================
Timestamp: 2026-09-17T01:20:15.176888+00:00
Method: DELETE
Path: /v2/profiles/sessions
Query: 
Headers:
  user-agent: UbiServices_SDK_HTTP_Client_2.1.5.123179_WIIU
  host: api-ubiservices.ubi.com
  accept: */*
  authorization: Ubi_v1 t=H3YPio6zgNOvWRI8seyFvgpq7xPNfy28v/oabOhdRyA=
  content-type: application/json
  ubi-appbuildid: JD2015WIIU_E163180
  ubi-appid: 3133a1ba-bf7b-443b-9e8a-f1d5f3b2ac7b
  ubi-sessionid: b8ce23ba-760e-4154-92ae-bb16c00e2d2a
  content-length: 2
  expect: 100-continue
Body:
{}

======================================================================
Timestamp: 2026-09-17T01:20:15.724395+00:00
Method: POST
Path: /v2/profiles/sessions
Query: 
Headers:
  user-agent: UbiServices_SDK_HTTP_Client_2.1.5.123179_WIIU
  host: api-ubiservices.ubi.com
  accept: */*
  authorization: wiiu t=VjrvUQAFAAAQF5EAAAABoKzyd4kAAAGgshjTielEQqy+aXwauJ17XSFk6EhKyVeDxhCb0uwhug/1eRLe
  content-type: application/json
  ubi-appbuildid: JD2015WIIU_E163180
  ubi-appid: 3133a1ba-bf7b-443b-9e8a-f1d5f3b2ac7b
  content-length: 111
Body:
{"genomeId":"3133a1ba-bf7b-443b-9e8a-f1d5f3b2ac7b","nameOnPlatform":"DragonKing17","idOnPlatform":"1446702929"}

======================================================================
Timestamp: 2026-09-17T01:20:16.297709+00:00
Method: GET
Path: /v1/applications/3133a1ba-bf7b-443b-9e8a-f1d5f3b2ac7b/configuration
Query: 
Headers:
  user-agent: UbiServices_SDK_HTTP_Client_2.1.5.123179_WIIU
  host: api-ubiservices.ubi.com
  accept: */*
  authorization: Ubi_v1 t=H3YPio6zgNOvWRI8seyFvgpq7xPNfy28v/oabOhdRyA=
  content-type: application/json
  ubi-appbuildid: JD2015WIIU_E163180
  ubi-appid: 3133a1ba-bf7b-443b-9e8a-f1d5f3b2ac7b
  ubi-sessionid: b8ce23ba-760e-4154-92ae-bb16c00e2d2a
Body:
<empty>

======================================================================
Timestamp: 2026-09-17T01:20:16.623172+00:00
Method: GET
Path: /v2/users/d2cd8684-8e13-515d-bafd-f96a14a0bb24
Query: 
Headers:
  user-agent: UbiServices_SDK_HTTP_Client_2.1.5.123179_WIIU
  host: api-ubiservices.ubi.com
  accept: */*
  authorization: Ubi_v1 t=H3YPio6zgNOvWRI8seyFvgpq7xPNfy28v/oabOhdRyA=
  content-type: application/json
  ubi-appbuildid: JD2015WIIU_E163180
  ubi-appid: 3133a1ba-bf7b-443b-9e8a-f1d5f3b2ac7b
  ubi-sessionid: b8ce23ba-760e-4154-92ae-bb16c00e2d2a
Body:
<empty>

======================================================================
Timestamp: 2026-09-17T01:20:16.825187+00:00
Method: DELETE
Path: /v2/profiles/sessions
Query: 
Headers:
  user-agent: UbiServices_SDK_HTTP_Client_2.1.5.123179_WIIU
  host: api-ubiservices.ubi.com
  accept: */*
  authorization: Ubi_v1 t=H3YPio6zgNOvWRI8seyFvgpq7xPNfy28v/oabOhdRyA=
  content-type: application/json
  ubi-appbuildid: JD2015WIIU_E163180
  ubi-appid: 3133a1ba-bf7b-443b-9e8a-f1d5f3b2ac7b
  ubi-sessionid: b8ce23ba-760e-4154-92ae-bb16c00e2d2a
  content-length: 2
  expect: 100-continue
Body:
{}

======================================================================
Timestamp: 2026-09-17T01:20:17.419869+00:00
Method: POST
Path: /v2/profiles/sessions
Query: 
Headers:
  user-agent: UbiServices_SDK_HTTP_Client_2.1.5.123179_WIIU
  host: api-ubiservices.ubi.com
  accept: */*
  authorization: wiiu t=VjrvUQAFAAAQF5EAAAABoKzyd4kAAAGgshjTielEQqy+aXwauJ17XSFk6EhKyVeDxhCb0uwhug/1eRLe
  content-type: application/json
  ubi-appbuildid: JD2015WIIU_E163180
  ubi-appid: 3133a1ba-bf7b-443b-9e8a-f1d5f3b2ac7b
  content-length: 111
Body:
{"genomeId":"3133a1ba-bf7b-443b-9e8a-f1d5f3b2ac7b","nameOnPlatform":"DragonKing17","idOnPlatform":"1446702929"}

======================================================================
Timestamp: 2026-09-17T01:20:17.897496+00:00
Method: GET
Path: /v1/applications/3133a1ba-bf7b-443b-9e8a-f1d5f3b2ac7b/configuration
Query: 
Headers:
  user-agent: UbiServices_SDK_HTTP_Client_2.1.5.123179_WIIU
  host: api-ubiservices.ubi.com
  accept: */*
  authorization: Ubi_v1 t=H3YPio6zgNOvWRI8seyFvgpq7xPNfy28v/oabOhdRyA=
  content-type: application/json
  ubi-appbuildid: JD2015WIIU_E163180
  ubi-appid: 3133a1ba-bf7b-443b-9e8a-f1d5f3b2ac7b
  ubi-sessionid: b8ce23ba-760e-4154-92ae-bb16c00e2d2a
Body:
<empty>

======================================================================
Timestamp: 2026-09-17T01:20:17.904095+00:00
Method: GET
Path: /v2/users/d2cd8684-8e13-515d-bafd-f96a14a0bb24
Query: 
Headers:
  user-agent: UbiServices_SDK_HTTP_Client_2.1.5.123179_WIIU
  host: api-ubiservices.ubi.com
  accept: */*
  authorization: Ubi_v1 t=H3YPio6zgNOvWRI8seyFvgpq7xPNfy28v/oabOhdRyA=
  content-type: application/json
  ubi-appbuildid: JD2015WIIU_E163180
  ubi-appid: 3133a1ba-bf7b-443b-9e8a-f1d5f3b2ac7b
  ubi-sessionid: b8ce23ba-760e-4154-92ae-bb16c00e2d2a
Body:
<empty>

======================================================================
Timestamp: 2026-09-17T01:20:18.405701+00:00
Method: GET
Path: /v2/users/d2cd8684-8e13-515d-bafd-f96a14a0bb24
Query: 
Headers:
  user-agent: UbiServices_SDK_HTTP_Client_2.1.5.123179_WIIU
  host: api-ubiservices.ubi.com
  accept: */*
  authorization: Ubi_v1 t=H3YPio6zgNOvWRI8seyFvgpq7xPNfy28v/oabOhdRyA=
  content-type: application/json
  ubi-appbuildid: JD2015WIIU_E163180
  ubi-appid: 3133a1ba-bf7b-443b-9e8a-f1d5f3b2ac7b
  ubi-sessionid: b8ce23ba-760e-4154-92ae-bb16c00e2d2a
Body:
<empty>

======================================================================
Timestamp: 2026-09-17T01:20:18.574710+00:00
Method: DELETE
Path: /v2/profiles/sessions
Query: 
Headers:
  user-agent: UbiServices_SDK_HTTP_Client_2.1.5.123179_WIIU
  host: api-ubiservices.ubi.com
  accept: */*
  authorization: Ubi_v1 t=H3YPio6zgNOvWRI8seyFvgpq7xPNfy28v/oabOhdRyA=
  content-type: application/json
  ubi-appbuildid: JD2015WIIU_E163180
  ubi-appid: 3133a1ba-bf7b-443b-9e8a-f1d5f3b2ac7b
  ubi-sessionid: b8ce23ba-760e-4154-92ae-bb16c00e2d2a
  content-length: 2
  expect: 100-continue
Body:
{}

======================================================================
Timestamp: 2026-09-17T01:20:19.230373+00:00
Method: POST
Path: /v2/profiles/sessions
Query: 
Headers:
  user-agent: UbiServices_SDK_HTTP_Client_2.1.5.123179_WIIU
  host: api-ubiservices.ubi.com
  accept: */*
  authorization: wiiu t=VjrvUQAFAAAQF5EAAAABoKzyd4kAAAGgshjTielEQqy+aXwauJ17XSFk6EhKyVeDxhCb0uwhug/1eRLe
  content-type: application/json
  ubi-appbuildid: JD2015WIIU_E163180
  ubi-appid: 3133a1ba-bf7b-443b-9e8a-f1d5f3b2ac7b
  content-length: 111
Body:
{"genomeId":"3133a1ba-bf7b-443b-9e8a-f1d5f3b2ac7b","nameOnPlatform":"DragonKing17","idOnPlatform":"1446702929"}

======================================================================
Timestamp: 2026-09-17T01:20:19.777768+00:00
Method: GET
Path: /v1/applications/3133a1ba-bf7b-443b-9e8a-f1d5f3b2ac7b/configuration
Query: 
Headers:
  user-agent: UbiServices_SDK_HTTP_Client_2.1.5.123179_WIIU
  host: api-ubiservices.ubi.com
  accept: */*
  authorization: Ubi_v1 t=H3YPio6zgNOvWRI8seyFvgpq7xPNfy28v/oabOhdRyA=
  content-type: application/json
  ubi-appbuildid: JD2015WIIU_E163180
  ubi-appid: 3133a1ba-bf7b-443b-9e8a-f1d5f3b2ac7b
  ubi-sessionid: b8ce23ba-760e-4154-92ae-bb16c00e2d2a
Body:
<empty>

======================================================================
Timestamp: 2026-09-17T01:20:19.784550+00:00
Method: GET
Path: /v2/users/d2cd8684-8e13-515d-bafd-f96a14a0bb24
Query: 
Headers:
  user-agent: UbiServices_SDK_HTTP_Client_2.1.5.123179_WIIU
  host: api-ubiservices.ubi.com
  accept: */*
  authorization: Ubi_v1 t=H3YPio6zgNOvWRI8seyFvgpq7xPNfy28v/oabOhdRyA=
  content-type: application/json
  ubi-appbuildid: JD2015WIIU_E163180
  ubi-appid: 3133a1ba-bf7b-443b-9e8a-f1d5f3b2ac7b
  ubi-sessionid: b8ce23ba-760e-4154-92ae-bb16c00e2d2a
Body:
<empty>

======================================================================
Timestamp: 2026-09-17T01:20:20.193810+00:00
Method: GET
Path: /v2/users/d2cd8684-8e13-515d-bafd-f96a14a0bb24
Query: 
Headers:
  user-agent: UbiServices_SDK_HTTP_Client_2.1.5.123179_WIIU
  host: api-ubiservices.ubi.com
  accept: */*
  authorization: Ubi_v1 t=H3YPio6zgNOvWRI8seyFvgpq7xPNfy28v/oabOhdRyA=
  content-type: application/json
  ubi-appbuildid: JD2015WIIU_E163180
  ubi-appid: 3133a1ba-bf7b-443b-9e8a-f1d5f3b2ac7b
  ubi-sessionid: b8ce23ba-760e-4154-92ae-bb16c00e2d2a
Body:
<empty>

======================================================================
Timestamp: 2026-09-17T01:20:20.241625+00:00
Method: DELETE
Path: /v2/profiles/sessions
Query: 
Headers:
  user-agent: UbiServices_SDK_HTTP_Client_2.1.5.123179_WIIU
  host: api-ubiservices.ubi.com
  accept: */*
  authorization: Ubi_v1 t=H3YPio6zgNOvWRI8seyFvgpq7xPNfy28v/oabOhdRyA=
  content-type: application/json
  ubi-appbuildid: JD2015WIIU_E163180
  ubi-appid: 3133a1ba-bf7b-443b-9e8a-f1d5f3b2ac7b
  ubi-sessionid: b8ce23ba-760e-4154-92ae-bb16c00e2d2a
  content-length: 2
  expect: 100-continue
Body:
{}

======================================================================
Timestamp: 2026-09-17T01:20:26.140992+00:00
Method: POST
Path: /v2/profiles/sessions
Query: 
Headers:
  user-agent: UbiServices_SDK_HTTP_Client_2.1.5.123179_WIIU
  host: api-ubiservices.ubi.com
  accept: */*
  authorization: wiiu t=VjrvUQAFAAAQF5EAAAABoKzyd4kAAAGgshjTielEQqy+aXwauJ17XSFk6EhKyVeDxhCb0uwhug/1eRLe
  content-type: application/json
  ubi-appbuildid: JD2015WIIU_E163180
  ubi-appid: 3133a1ba-bf7b-443b-9e8a-f1d5f3b2ac7b
  content-length: 111
Body:
{"genomeId":"3133a1ba-bf7b-443b-9e8a-f1d5f3b2ac7b","nameOnPlatform":"DragonKing17","idOnPlatform":"1446702929"}

======================================================================
Timestamp: 2026-09-17T01:20:26.957940+00:00
Method: GET
Path: /v1/applications/3133a1ba-bf7b-443b-9e8a-f1d5f3b2ac7b/configuration
Query: 
Headers:
  user-agent: UbiServices_SDK_HTTP_Client_2.1.5.123179_WIIU
  host: api-ubiservices.ubi.com
  accept: */*
  authorization: Ubi_v1 t=H3YPio6zgNOvWRI8seyFvgpq7xPNfy28v/oabOhdRyA=
  content-type: application/json
  ubi-appbuildid: JD2015WIIU_E163180
  ubi-appid: 3133a1ba-bf7b-443b-9e8a-f1d5f3b2ac7b
  ubi-sessionid: b8ce23ba-760e-4154-92ae-bb16c00e2d2a
Body:
<empty>

======================================================================
Timestamp: 2026-09-17T01:20:27.306703+00:00
Method: GET
Path: /v2/users/d2cd8684-8e13-515d-bafd-f96a14a0bb24
Query: 
Headers:
  user-agent: UbiServices_SDK_HTTP_Client_2.1.5.123179_WIIU
  host: api-ubiservices.ubi.com
  accept: */*
  authorization: Ubi_v1 t=H3YPio6zgNOvWRI8seyFvgpq7xPNfy28v/oabOhdRyA=
  content-type: application/json
  ubi-appbuildid: JD2015WIIU_E163180
  ubi-appid: 3133a1ba-bf7b-443b-9e8a-f1d5f3b2ac7b
  ubi-sessionid: b8ce23ba-760e-4154-92ae-bb16c00e2d2a
Body:
<empty>

======================================================================
Timestamp: 2026-09-17T01:20:27.488739+00:00
Method: DELETE
Path: /v2/profiles/sessions
Query: 
Headers:
  user-agent: UbiServices_SDK_HTTP_Client_2.1.5.123179_WIIU
  host: api-ubiservices.ubi.com
  accept: */*
  authorization: Ubi_v1 t=H3YPio6zgNOvWRI8seyFvgpq7xPNfy28v/oabOhdRyA=
  content-type: application/json
  ubi-appbuildid: JD2015WIIU_E163180
  ubi-appid: 3133a1ba-bf7b-443b-9e8a-f1d5f3b2ac7b
  ubi-sessionid: b8ce23ba-760e-4154-92ae-bb16c00e2d2a
  content-length: 2
  expect: 100-continue
Body:
{}

======================================================================
Timestamp: 2026-09-17T01:20:35.594095+00:00
Method: POST
Path: /v2/profiles/sessions
Query: 
Headers:
  user-agent: UbiServices_SDK_HTTP_Client_2.1.5.123179_WIIU
  host: api-ubiservices.ubi.com
  accept: */*
  authorization: wiiu t=VjrvUQAFAAAQF5EAAAABoKzyd4kAAAGgshjTielEQqy+aXwauJ17XSFk6EhKyVeDxhCb0uwhug/1eRLe
  content-type: application/json
  ubi-appbuildid: JD2015WIIU_E163180
  ubi-appid: 3133a1ba-bf7b-443b-9e8a-f1d5f3b2ac7b
  content-length: 111
Body:
{"genomeId":"3133a1ba-bf7b-443b-9e8a-f1d5f3b2ac7b","nameOnPlatform":"DragonKing17","idOnPlatform":"1446702929"}

======================================================================
Timestamp: 2026-09-17T01:20:36.132663+00:00
Method: GET
Path: /v1/applications/3133a1ba-bf7b-443b-9e8a-f1d5f3b2ac7b/configuration
Query: 
Headers:
  user-agent: UbiServices_SDK_HTTP_Client_2.1.5.123179_WIIU
  host: api-ubiservices.ubi.com
  accept: */*
  authorization: Ubi_v1 t=H3YPio6zgNOvWRI8seyFvgpq7xPNfy28v/oabOhdRyA=
  content-type: application/json
  ubi-appbuildid: JD2015WIIU_E163180
  ubi-appid: 3133a1ba-bf7b-443b-9e8a-f1d5f3b2ac7b
  ubi-sessionid: b8ce23ba-760e-4154-92ae-bb16c00e2d2a
Body:
<empty>

======================================================================
Timestamp: 2026-09-17T01:20:36.491503+00:00
Method: GET
Path: /v2/users/d2cd8684-8e13-515d-bafd-f96a14a0bb24
Query: 
Headers:
  user-agent: UbiServices_SDK_HTTP_Client_2.1.5.123179_WIIU
  host: api-ubiservices.ubi.com
  accept: */*
  authorization: Ubi_v1 t=H3YPio6zgNOvWRI8seyFvgpq7xPNfy28v/oabOhdRyA=
  content-type: application/json
  ubi-appbuildid: JD2015WIIU_E163180
  ubi-appid: 3133a1ba-bf7b-443b-9e8a-f1d5f3b2ac7b
  ubi-sessionid: b8ce23ba-760e-4154-92ae-bb16c00e2d2a
Body:
<empty>

======================================================================
Timestamp: 2026-09-17T01:20:36.654965+00:00
Method: DELETE
Path: /v2/profiles/sessions
Query: 
Headers:
  user-agent: UbiServices_SDK_HTTP_Client_2.1.5.123179_WIIU
  host: api-ubiservices.ubi.com
  accept: */*
  authorization: Ubi_v1 t=H3YPio6zgNOvWRI8seyFvgpq7xPNfy28v/oabOhdRyA=
  content-type: application/json
  ubi-appbuildid: JD2015WIIU_E163180
  ubi-appid: 3133a1ba-bf7b-443b-9e8a-f1d5f3b2ac7b
  ubi-sessionid: b8ce23ba-760e-4154-92ae-bb16c00e2d2a
  content-length: 2
  expect: 100-continue
Body:
{}

======================================================================
Timestamp: 2026-09-17T01:20:43.938249+00:00
Method: POST
Path: /v2/profiles/sessions
Query: 
Headers:
  user-agent: UbiServices_SDK_HTTP_Client_2.1.5.123179_WIIU
  host: api-ubiservices.ubi.com
  accept: */*
  authorization: wiiu t=VjrvUQAFAAAQF5EAAAABoKzyd4kAAAGgshjTielEQqy+aXwauJ17XSFk6EhKyVeDxhCb0uwhug/1eRLe
  content-type: application/json
  ubi-appbuildid: JD2015WIIU_E163180
  ubi-appid: 3133a1ba-bf7b-443b-9e8a-f1d5f3b2ac7b
  content-length: 111
Body:
{"genomeId":"3133a1ba-bf7b-443b-9e8a-f1d5f3b2ac7b","nameOnPlatform":"DragonKing17","idOnPlatform":"1446702929"}

======================================================================
Timestamp: 2026-09-17T01:20:44.362249+00:00
Method: GET
Path: /v1/applications/3133a1ba-bf7b-443b-9e8a-f1d5f3b2ac7b/configuration
Query: 
Headers:
  user-agent: UbiServices_SDK_HTTP_Client_2.1.5.123179_WIIU
  host: api-ubiservices.ubi.com
  accept: */*
  authorization: Ubi_v1 t=H3YPio6zgNOvWRI8seyFvgpq7xPNfy28v/oabOhdRyA=
  content-type: application/json
  ubi-appbuildid: JD2015WIIU_E163180
  ubi-appid: 3133a1ba-bf7b-443b-9e8a-f1d5f3b2ac7b
  ubi-sessionid: b8ce23ba-760e-4154-92ae-bb16c00e2d2a
Body:
<empty>

======================================================================
Timestamp: 2026-09-17T01:20:44.739380+00:00
Method: GET
Path: /v2/users/d2cd8684-8e13-515d-bafd-f96a14a0bb24
Query: 
Headers:
  user-agent: UbiServices_SDK_HTTP_Client_2.1.5.123179_WIIU
  host: api-ubiservices.ubi.com
  accept: */*
  authorization: Ubi_v1 t=H3YPio6zgNOvWRI8seyFvgpq7xPNfy28v/oabOhdRyA=
  content-type: application/json
  ubi-appbuildid: JD2015WIIU_E163180
  ubi-appid: 3133a1ba-bf7b-443b-9e8a-f1d5f3b2ac7b
  ubi-sessionid: b8ce23ba-760e-4154-92ae-bb16c00e2d2a
Body:
<empty>

======================================================================
Timestamp: 2026-09-17T01:20:45.788683+00:00
Method: DELETE
Path: /v2/profiles/sessions
Query: 
Headers:
  user-agent: UbiServices_SDK_HTTP_Client_2.1.5.123179_WIIU
  host: api-ubiservices.ubi.com
  accept: */*
  authorization: Ubi_v1 t=H3YPio6zgNOvWRI8seyFvgpq7xPNfy28v/oabOhdRyA=
  content-type: application/json
  ubi-appbuildid: JD2015WIIU_E163180
  ubi-appid: 3133a1ba-bf7b-443b-9e8a-f1d5f3b2ac7b
  ubi-sessionid: b8ce23ba-760e-4154-92ae-bb16c00e2d2a
  content-length: 2
  expect: 100-continue
Body:
{}

======================================================================
Timestamp: 2026-09-17T01:20:46.369629+00:00
Method: POST
Path: /v2/profiles/sessions
Query: 
Headers:
  user-agent: UbiServices_SDK_HTTP_Client_2.1.5.123179_WIIU
  host: api-ubiservices.ubi.com
  accept: */*
  authorization: wiiu t=VjrvUQAFAAAQF5EAAAABoKzyd4kAAAGgshjTielEQqy+aXwauJ17XSFk6EhKyVeDxhCb0uwhug/1eRLe
  content-type: application/json
  ubi-appbuildid: JD2015WIIU_E163180
  ubi-appid: 3133a1ba-bf7b-443b-9e8a-f1d5f3b2ac7b
  content-length: 111
Body:
{"genomeId":"3133a1ba-bf7b-443b-9e8a-f1d5f3b2ac7b","nameOnPlatform":"DragonKing17","idOnPlatform":"1446702929"}

======================================================================
Timestamp: 2026-09-17T01:20:46.936142+00:00
Method: GET
Path: /v1/applications/3133a1ba-bf7b-443b-9e8a-f1d5f3b2ac7b/configuration
Query: 
Headers:
  user-agent: UbiServices_SDK_HTTP_Client_2.1.5.123179_WIIU
  host: api-ubiservices.ubi.com
  accept: */*
  authorization: Ubi_v1 t=H3YPio6zgNOvWRI8seyFvgpq7xPNfy28v/oabOhdRyA=
  content-type: application/json
  ubi-appbuildid: JD2015WIIU_E163180
  ubi-appid: 3133a1ba-bf7b-443b-9e8a-f1d5f3b2ac7b
  ubi-sessionid: b8ce23ba-760e-4154-92ae-bb16c00e2d2a
Body:
<empty>

======================================================================
Timestamp: 2026-09-17T01:20:46.944912+00:00
Method: GET
Path: /v2/users/d2cd8684-8e13-515d-bafd-f96a14a0bb24
Query: 
Headers:
  user-agent: UbiServices_SDK_HTTP_Client_2.1.5.123179_WIIU
  host: api-ubiservices.ubi.com
  accept: */*
  authorization: Ubi_v1 t=H3YPio6zgNOvWRI8seyFvgpq7xPNfy28v/oabOhdRyA=
  content-type: application/json
  ubi-appbuildid: JD2015WIIU_E163180
  ubi-appid: 3133a1ba-bf7b-443b-9e8a-f1d5f3b2ac7b
  ubi-sessionid: b8ce23ba-760e-4154-92ae-bb16c00e2d2a
Body:
<empty>

======================================================================
Timestamp: 2026-09-17T01:20:47.448848+00:00
Method: GET
Path: /v2/users/d2cd8684-8e13-515d-bafd-f96a14a0bb24
Query: 
Headers:
  user-agent: UbiServices_SDK_HTTP_Client_2.1.5.123179_WIIU
  host: api-ubiservices.ubi.com
  accept: */*
  authorization: Ubi_v1 t=H3YPio6zgNOvWRI8seyFvgpq7xPNfy28v/oabOhdRyA=
  content-type: application/json
  ubi-appbuildid: JD2015WIIU_E163180
  ubi-appid: 3133a1ba-bf7b-443b-9e8a-f1d5f3b2ac7b
  ubi-sessionid: b8ce23ba-760e-4154-92ae-bb16c00e2d2a
Body:
<empty>

======================================================================
Timestamp: 2026-09-17T01:20:47.500390+00:00
Method: DELETE
Path: /v2/profiles/sessions
Query: 
Headers:
  user-agent: UbiServices_SDK_HTTP_Client_2.1.5.123179_WIIU
  host: api-ubiservices.ubi.com
  accept: */*
  authorization: Ubi_v1 t=H3YPio6zgNOvWRI8seyFvgpq7xPNfy28v/oabOhdRyA=
  content-type: application/json
  ubi-appbuildid: JD2015WIIU_E163180
  ubi-appid: 3133a1ba-bf7b-443b-9e8a-f1d5f3b2ac7b
  ubi-sessionid: b8ce23ba-760e-4154-92ae-bb16c00e2d2a
  content-length: 2
  expect: 100-continue
Body:
{}

======================================================================
Timestamp: 2026-09-17T01:20:48.152557+00:00
Method: POST
Path: /v2/profiles/sessions
Query: 
Headers:
  user-agent: UbiServices_SDK_HTTP_Client_2.1.5.123179_WIIU
  host: api-ubiservices.ubi.com
  accept: */*
  authorization: wiiu t=VjrvUQAFAAAQF5EAAAABoKzyd4kAAAGgshjTielEQqy+aXwauJ17XSFk6EhKyVeDxhCb0uwhug/1eRLe
  content-type: application/json
  ubi-appbuildid: JD2015WIIU_E163180
  ubi-appid: 3133a1ba-bf7b-443b-9e8a-f1d5f3b2ac7b
  content-length: 111
Body:
{"genomeId":"3133a1ba-bf7b-443b-9e8a-f1d5f3b2ac7b","nameOnPlatform":"DragonKing17","idOnPlatform":"1446702929"}

======================================================================
Timestamp: 2026-09-17T01:20:48.776557+00:00
Method: GET
Path: /v1/applications/3133a1ba-bf7b-443b-9e8a-f1d5f3b2ac7b/configuration
Query: 
Headers:
  user-agent: UbiServices_SDK_HTTP_Client_2.1.5.123179_WIIU
  host: api-ubiservices.ubi.com
  accept: */*
  authorization: Ubi_v1 t=H3YPio6zgNOvWRI8seyFvgpq7xPNfy28v/oabOhdRyA=
  content-type: application/json
  ubi-appbuildid: JD2015WIIU_E163180
  ubi-appid: 3133a1ba-bf7b-443b-9e8a-f1d5f3b2ac7b
  ubi-sessionid: b8ce23ba-760e-4154-92ae-bb16c00e2d2a
Body:
<empty>

======================================================================
Timestamp: 2026-09-17T01:20:48.785332+00:00
Method: GET
Path: /v2/users/d2cd8684-8e13-515d-bafd-f96a14a0bb24
Query: 
Headers:
  user-agent: UbiServices_SDK_HTTP_Client_2.1.5.123179_WIIU
  host: api-ubiservices.ubi.com
  accept: */*
  authorization: Ubi_v1 t=H3YPio6zgNOvWRI8seyFvgpq7xPNfy28v/oabOhdRyA=
  content-type: application/json
  ubi-appbuildid: JD2015WIIU_E163180
  ubi-appid: 3133a1ba-bf7b-443b-9e8a-f1d5f3b2ac7b
  ubi-sessionid: b8ce23ba-760e-4154-92ae-bb16c00e2d2a
Body:
<empty>

======================================================================
Timestamp: 2026-09-17T01:20:49.273293+00:00
Method: DELETE
Path: /v2/profiles/sessions
Query: 
Headers:
  user-agent: UbiServices_SDK_HTTP_Client_2.1.5.123179_WIIU
  host: api-ubiservices.ubi.com
  accept: */*
  authorization: Ubi_v1 t=H3YPio6zgNOvWRI8seyFvgpq7xPNfy28v/oabOhdRyA=
  content-type: application/json
  ubi-appbuildid: JD2015WIIU_E163180
  ubi-appid: 3133a1ba-bf7b-443b-9e8a-f1d5f3b2ac7b
  ubi-sessionid: b8ce23ba-760e-4154-92ae-bb16c00e2d2a
  content-length: 2
  expect: 100-continue
Body:
{}

======================================================================
Timestamp: 2026-09-17T01:35:29.569883+00:00
Method: POST
Path: /v2/profiles/sessions
Query: 
Headers:
  user-agent: UbiServices_SDK_HTTP_Client_2.1.5.123179_WIIU
  host: api-ubiservices.ubi.com
  accept: */*
  authorization: wiiu t=VjrvUQAFAAAQF5EAAAABoKz/52IAAAGgsiZDYsPaHvckmewSTzGsx35r1aC8NcICq52fziBrnDaO/4l2
  content-type: application/json
  ubi-appbuildid: JD2015WIIU_E163180
  ubi-appid: 3133a1ba-bf7b-443b-9e8a-f1d5f3b2ac7b
  content-length: 111
Body:
{"genomeId":"3133a1ba-bf7b-443b-9e8a-f1d5f3b2ac7b","nameOnPlatform":"DragonKing17","idOnPlatform":"1446702929"}

======================================================================
Timestamp: 2026-09-17T01:35:30.187392+00:00
Method: GET
Path: /v1/applications/3133a1ba-bf7b-443b-9e8a-f1d5f3b2ac7b/configuration
Query: 
Headers:
  user-agent: UbiServices_SDK_HTTP_Client_2.1.5.123179_WIIU
  host: api-ubiservices.ubi.com
  accept: */*
  authorization: Ubi_v1 t=R9WmiiJX4ICbmbSyQ1KIDLjdln5owURS/tZ7CJeYVtU=
  content-type: application/json
  ubi-appbuildid: JD2015WIIU_E163180
  ubi-appid: 3133a1ba-bf7b-443b-9e8a-f1d5f3b2ac7b
  ubi-sessionid: a8673f6b-f8fc-4481-b26e-a8069b7713e2
Body:
<empty>

======================================================================
Timestamp: 2026-09-17T01:35:30.885239+00:00
Method: GET
Path: /v2/users/d2cd8684-8e13-515d-bafd-f96a14a0bb24
Query: 
Headers:
  user-agent: UbiServices_SDK_HTTP_Client_2.1.5.123179_WIIU
  host: api-ubiservices.ubi.com
  accept: */*
  authorization: Ubi_v1 t=R9WmiiJX4ICbmbSyQ1KIDLjdln5owURS/tZ7CJeYVtU=
  content-type: application/json
  ubi-appbuildid: JD2015WIIU_E163180
  ubi-appid: 3133a1ba-bf7b-443b-9e8a-f1d5f3b2ac7b
  ubi-sessionid: a8673f6b-f8fc-4481-b26e-a8069b7713e2
Body:
<empty>

======================================================================
Timestamp: 2026-09-17T01:35:31.010786+00:00
Method: DELETE
Path: /v2/profiles/sessions
Query: 
Headers:
  user-agent: UbiServices_SDK_HTTP_Client_2.1.5.123179_WIIU
  host: api-ubiservices.ubi.com
  accept: */*
  authorization: Ubi_v1 t=R9WmiiJX4ICbmbSyQ1KIDLjdln5owURS/tZ7CJeYVtU=
  content-type: application/json
  ubi-appbuildid: JD2015WIIU_E163180
  ubi-appid: 3133a1ba-bf7b-443b-9e8a-f1d5f3b2ac7b
  ubi-sessionid: a8673f6b-f8fc-4481-b26e-a8069b7713e2
  content-length: 2
  expect: 100-continue
Body:
{}

======================================================================
Timestamp: 2026-09-17T01:35:31.746331+00:00
Method: POST
Path: /v2/profiles/sessions
Query: 
Headers:
  user-agent: UbiServices_SDK_HTTP_Client_2.1.5.123179_WIIU
  host: api-ubiservices.ubi.com
  accept: */*
  authorization: wiiu t=VjrvUQAFAAAQF5EAAAABoKz/52IAAAGgsiZDYsPaHvckmewSTzGsx35r1aC8NcICq52fziBrnDaO/4l2
  content-type: application/json
  ubi-appbuildid: JD2015WIIU_E163180
  ubi-appid: 3133a1ba-bf7b-443b-9e8a-f1d5f3b2ac7b
  content-length: 111
Body:
{"genomeId":"3133a1ba-bf7b-443b-9e8a-f1d5f3b2ac7b","nameOnPlatform":"DragonKing17","idOnPlatform":"1446702929"}

======================================================================
Timestamp: 2026-09-17T01:35:32.274813+00:00
Method: GET
Path: /v1/applications/3133a1ba-bf7b-443b-9e8a-f1d5f3b2ac7b/configuration
Query: 
Headers:
  user-agent: UbiServices_SDK_HTTP_Client_2.1.5.123179_WIIU
  host: api-ubiservices.ubi.com
  accept: */*
  authorization: Ubi_v1 t=R9WmiiJX4ICbmbSyQ1KIDLjdln5owURS/tZ7CJeYVtU=
  content-type: application/json
  ubi-appbuildid: JD2015WIIU_E163180
  ubi-appid: 3133a1ba-bf7b-443b-9e8a-f1d5f3b2ac7b
  ubi-sessionid: a8673f6b-f8fc-4481-b26e-a8069b7713e2
Body:
<empty>

======================================================================
Timestamp: 2026-09-17T01:35:32.282766+00:00
Method: GET
Path: /v2/users/d2cd8684-8e13-515d-bafd-f96a14a0bb24
Query: 
Headers:
  user-agent: UbiServices_SDK_HTTP_Client_2.1.5.123179_WIIU
  host: api-ubiservices.ubi.com
  accept: */*
  authorization: Ubi_v1 t=R9WmiiJX4ICbmbSyQ1KIDLjdln5owURS/tZ7CJeYVtU=
  content-type: application/json
  ubi-appbuildid: JD2015WIIU_E163180
  ubi-appid: 3133a1ba-bf7b-443b-9e8a-f1d5f3b2ac7b
  ubi-sessionid: a8673f6b-f8fc-4481-b26e-a8069b7713e2
Body:
<empty>

======================================================================
Timestamp: 2026-09-17T01:35:32.784329+00:00
Method: GET
Path: /v2/users/d2cd8684-8e13-515d-bafd-f96a14a0bb24
Query: 
Headers:
  user-agent: UbiServices_SDK_HTTP_Client_2.1.5.123179_WIIU
  host: api-ubiservices.ubi.com
  accept: */*
  authorization: Ubi_v1 t=R9WmiiJX4ICbmbSyQ1KIDLjdln5owURS/tZ7CJeYVtU=
  content-type: application/json
  ubi-appbuildid: JD2015WIIU_E163180
  ubi-appid: 3133a1ba-bf7b-443b-9e8a-f1d5f3b2ac7b
  ubi-sessionid: a8673f6b-f8fc-4481-b26e-a8069b7713e2
Body:
<empty>

======================================================================
Timestamp: 2026-09-17T01:35:32.890723+00:00
Method: DELETE
Path: /v2/profiles/sessions
Query: 
Headers:
  user-agent: UbiServices_SDK_HTTP_Client_2.1.5.123179_WIIU
  host: api-ubiservices.ubi.com
  accept: */*
  authorization: Ubi_v1 t=R9WmiiJX4ICbmbSyQ1KIDLjdln5owURS/tZ7CJeYVtU=
  content-type: application/json
  ubi-appbuildid: JD2015WIIU_E163180
  ubi-appid: 3133a1ba-bf7b-443b-9e8a-f1d5f3b2ac7b
  ubi-sessionid: a8673f6b-f8fc-4481-b26e-a8069b7713e2
  content-length: 2
  expect: 100-continue
Body:
{}

======================================================================
Timestamp: 2026-09-17T01:35:33.393450+00:00
Method: POST
Path: /v2/profiles/sessions
Query: 
Headers:
  user-agent: UbiServices_SDK_HTTP_Client_2.1.5.123179_WIIU
  host: api-ubiservices.ubi.com
  accept: */*
  authorization: wiiu t=VjrvUQAFAAAQF5EAAAABoKz/52IAAAGgsiZDYsPaHvckmewSTzGsx35r1aC8NcICq52fziBrnDaO/4l2
  content-type: application/json
  ubi-appbuildid: JD2015WIIU_E163180
  ubi-appid: 3133a1ba-bf7b-443b-9e8a-f1d5f3b2ac7b
  content-length: 111
Body:
{"genomeId":"3133a1ba-bf7b-443b-9e8a-f1d5f3b2ac7b","nameOnPlatform":"DragonKing17","idOnPlatform":"1446702929"}

======================================================================
Timestamp: 2026-09-17T01:35:33.865428+00:00
Method: GET
Path: /v1/applications/3133a1ba-bf7b-443b-9e8a-f1d5f3b2ac7b/configuration
Query: 
Headers:
  user-agent: UbiServices_SDK_HTTP_Client_2.1.5.123179_WIIU
  host: api-ubiservices.ubi.com
  accept: */*
  authorization: Ubi_v1 t=R9WmiiJX4ICbmbSyQ1KIDLjdln5owURS/tZ7CJeYVtU=
  content-type: application/json
  ubi-appbuildid: JD2015WIIU_E163180
  ubi-appid: 3133a1ba-bf7b-443b-9e8a-f1d5f3b2ac7b
  ubi-sessionid: a8673f6b-f8fc-4481-b26e-a8069b7713e2
Body:
<empty>

======================================================================
Timestamp: 2026-09-17T01:35:33.870828+00:00
Method: GET
Path: /v2/users/d2cd8684-8e13-515d-bafd-f96a14a0bb24
Query: 
Headers:
  user-agent: UbiServices_SDK_HTTP_Client_2.1.5.123179_WIIU
  host: api-ubiservices.ubi.com
  accept: */*
  authorization: Ubi_v1 t=R9WmiiJX4ICbmbSyQ1KIDLjdln5owURS/tZ7CJeYVtU=
  content-type: application/json
  ubi-appbuildid: JD2015WIIU_E163180
  ubi-appid: 3133a1ba-bf7b-443b-9e8a-f1d5f3b2ac7b
  ubi-sessionid: a8673f6b-f8fc-4481-b26e-a8069b7713e2
Body:
<empty>

======================================================================
Timestamp: 2026-09-17T01:35:34.371735+00:00
Method: GET
Path: /v2/users/d2cd8684-8e13-515d-bafd-f96a14a0bb24
Query: 
Headers:
  user-agent: UbiServices_SDK_HTTP_Client_2.1.5.123179_WIIU
  host: api-ubiservices.ubi.com
  accept: */*
  authorization: Ubi_v1 t=R9WmiiJX4ICbmbSyQ1KIDLjdln5owURS/tZ7CJeYVtU=
  content-type: application/json
  ubi-appbuildid: JD2015WIIU_E163180
  ubi-appid: 3133a1ba-bf7b-443b-9e8a-f1d5f3b2ac7b
  ubi-sessionid: a8673f6b-f8fc-4481-b26e-a8069b7713e2
Body:
<empty>

======================================================================
Timestamp: 2026-09-17T01:35:34.433544+00:00
Method: DELETE
Path: /v2/profiles/sessions
Query: 
Headers:
  user-agent: UbiServices_SDK_HTTP_Client_2.1.5.123179_WIIU
  host: api-ubiservices.ubi.com
  accept: */*
  authorization: Ubi_v1 t=R9WmiiJX4ICbmbSyQ1KIDLjdln5owURS/tZ7CJeYVtU=
  content-type: application/json
  ubi-appbuildid: JD2015WIIU_E163180
  ubi-appid: 3133a1ba-bf7b-443b-9e8a-f1d5f3b2ac7b
  ubi-sessionid: a8673f6b-f8fc-4481-b26e-a8069b7713e2
  content-length: 2
  expect: 100-continue
Body:
{}

======================================================================
Timestamp: 2026-09-17T01:35:35.050226+00:00
Method: POST
Path: /v2/profiles/sessions
Query: 
Headers:
  user-agent: UbiServices_SDK_HTTP_Client_2.1.5.123179_WIIU
  host: api-ubiservices.ubi.com
  accept: */*
  authorization: wiiu t=VjrvUQAFAAAQF5EAAAABoKz/52IAAAGgsiZDYsPaHvckmewSTzGsx35r1aC8NcICq52fziBrnDaO/4l2
  content-type: application/json
  ubi-appbuildid: JD2015WIIU_E163180
  ubi-appid: 3133a1ba-bf7b-443b-9e8a-f1d5f3b2ac7b
  content-length: 111
Body:
{"genomeId":"3133a1ba-bf7b-443b-9e8a-f1d5f3b2ac7b","nameOnPlatform":"DragonKing17","idOnPlatform":"1446702929"}

======================================================================
Timestamp: 2026-09-17T01:35:35.565339+00:00
Method: GET
Path: /v1/applications/3133a1ba-bf7b-443b-9e8a-f1d5f3b2ac7b/configuration
Query: 
Headers:
  user-agent: UbiServices_SDK_HTTP_Client_2.1.5.123179_WIIU
  host: api-ubiservices.ubi.com
  accept: */*
  authorization: Ubi_v1 t=R9WmiiJX4ICbmbSyQ1KIDLjdln5owURS/tZ7CJeYVtU=
  content-type: application/json
  ubi-appbuildid: JD2015WIIU_E163180
  ubi-appid: 3133a1ba-bf7b-443b-9e8a-f1d5f3b2ac7b
  ubi-sessionid: a8673f6b-f8fc-4481-b26e-a8069b7713e2
Body:
<empty>

======================================================================
Timestamp: 2026-09-17T01:35:35.573464+00:00
Method: GET
Path: /v2/users/d2cd8684-8e13-515d-bafd-f96a14a0bb24
Query: 
Headers:
  user-agent: UbiServices_SDK_HTTP_Client_2.1.5.123179_WIIU
  host: api-ubiservices.ubi.com
  accept: */*
  authorization: Ubi_v1 t=R9WmiiJX4ICbmbSyQ1KIDLjdln5owURS/tZ7CJeYVtU=
  content-type: application/json
  ubi-appbuildid: JD2015WIIU_E163180
  ubi-appid: 3133a1ba-bf7b-443b-9e8a-f1d5f3b2ac7b
  ubi-sessionid: a8673f6b-f8fc-4481-b26e-a8069b7713e2
Body:
<empty>

======================================================================
Timestamp: 2026-09-17T01:35:35.974535+00:00
Method: GET
Path: /v2/users/d2cd8684-8e13-515d-bafd-f96a14a0bb24
Query: 
Headers:
  user-agent: UbiServices_SDK_HTTP_Client_2.1.5.123179_WIIU
  host: api-ubiservices.ubi.com
  accept: */*
  authorization: Ubi_v1 t=R9WmiiJX4ICbmbSyQ1KIDLjdln5owURS/tZ7CJeYVtU=
  content-type: application/json
  ubi-appbuildid: JD2015WIIU_E163180
  ubi-appid: 3133a1ba-bf7b-443b-9e8a-f1d5f3b2ac7b
  ubi-sessionid: a8673f6b-f8fc-4481-b26e-a8069b7713e2
Body:
<empty>

======================================================================
Timestamp: 2026-09-17T01:35:36.074795+00:00
Method: DELETE
Path: /v2/profiles/sessions
Query: 
Headers:
  user-agent: UbiServices_SDK_HTTP_Client_2.1.5.123179_WIIU
  host: api-ubiservices.ubi.com
  accept: */*
  authorization: Ubi_v1 t=R9WmiiJX4ICbmbSyQ1KIDLjdln5owURS/tZ7CJeYVtU=
  content-type: application/json
  ubi-appbuildid: JD2015WIIU_E163180
  ubi-appid: 3133a1ba-bf7b-443b-9e8a-f1d5f3b2ac7b
  ubi-sessionid: a8673f6b-f8fc-4481-b26e-a8069b7713e2
  content-length: 2
  expect: 100-continue
Body:
{}

======================================================================
Timestamp: 2026-09-17T01:35:38.149910+00:00
Method: POST
Path: /v2/profiles/sessions
Query: 
Headers:
  user-agent: UbiServices_SDK_HTTP_Client_2.1.5.123179_WIIU
  host: api-ubiservices.ubi.com
  accept: */*
  authorization: wiiu t=VjrvUQAFAAAQF5EAAAABoKz/52IAAAGgsiZDYsPaHvckmewSTzGsx35r1aC8NcICq52fziBrnDaO/4l2
  content-type: application/json
  ubi-appbuildid: JD2015WIIU_E163180
  ubi-appid: 3133a1ba-bf7b-443b-9e8a-f1d5f3b2ac7b
  content-length: 111
Body:
{"genomeId":"3133a1ba-bf7b-443b-9e8a-f1d5f3b2ac7b","nameOnPlatform":"DragonKing17","idOnPlatform":"1446702929"}

======================================================================
Timestamp: 2026-09-17T01:35:38.632508+00:00
Method: GET
Path: /v1/applications/3133a1ba-bf7b-443b-9e8a-f1d5f3b2ac7b/configuration
Query: 
Headers:
  user-agent: UbiServices_SDK_HTTP_Client_2.1.5.123179_WIIU
  host: api-ubiservices.ubi.com
  accept: */*
  authorization: Ubi_v1 t=R9WmiiJX4ICbmbSyQ1KIDLjdln5owURS/tZ7CJeYVtU=
  content-type: application/json
  ubi-appbuildid: JD2015WIIU_E163180
  ubi-appid: 3133a1ba-bf7b-443b-9e8a-f1d5f3b2ac7b
  ubi-sessionid: a8673f6b-f8fc-4481-b26e-a8069b7713e2
Body:
<empty>

======================================================================
Timestamp: 2026-09-17T01:35:38.639485+00:00
Method: GET
Path: /v2/users/d2cd8684-8e13-515d-bafd-f96a14a0bb24
Query: 
Headers:
  user-agent: UbiServices_SDK_HTTP_Client_2.1.5.123179_WIIU
  host: api-ubiservices.ubi.com
  accept: */*
  authorization: Ubi_v1 t=R9WmiiJX4ICbmbSyQ1KIDLjdln5owURS/tZ7CJeYVtU=
  content-type: application/json
  ubi-appbuildid: JD2015WIIU_E163180
  ubi-appid: 3133a1ba-bf7b-443b-9e8a-f1d5f3b2ac7b
  ubi-sessionid: a8673f6b-f8fc-4481-b26e-a8069b7713e2
Body:
<empty>

======================================================================
Timestamp: 2026-09-17T01:35:39.047254+00:00
Method: GET
Path: /v2/users/d2cd8684-8e13-515d-bafd-f96a14a0bb24
Query: 
Headers:
  user-agent: UbiServices_SDK_HTTP_Client_2.1.5.123179_WIIU
  host: api-ubiservices.ubi.com
  accept: */*
  authorization: Ubi_v1 t=R9WmiiJX4ICbmbSyQ1KIDLjdln5owURS/tZ7CJeYVtU=
  content-type: application/json
  ubi-appbuildid: JD2015WIIU_E163180
  ubi-appid: 3133a1ba-bf7b-443b-9e8a-f1d5f3b2ac7b
  ubi-sessionid: a8673f6b-f8fc-4481-b26e-a8069b7713e2
Body:
<empty>

======================================================================
Timestamp: 2026-09-17T01:35:39.089433+00:00
Method: DELETE
Path: /v2/profiles/sessions
Query: 
Headers:
  user-agent: UbiServices_SDK_HTTP_Client_2.1.5.123179_WIIU
  host: api-ubiservices.ubi.com
  accept: */*
  authorization: Ubi_v1 t=R9WmiiJX4ICbmbSyQ1KIDLjdln5owURS/tZ7CJeYVtU=
  content-type: application/json
  ubi-appbuildid: JD2015WIIU_E163180
  ubi-appid: 3133a1ba-bf7b-443b-9e8a-f1d5f3b2ac7b
  ubi-sessionid: a8673f6b-f8fc-4481-b26e-a8069b7713e2
  content-length: 2
  expect: 100-continue
Body:
{}

======================================================================
Timestamp: 2026-09-17T01:35:46.320643+00:00
Method: POST
Path: /v2/profiles/sessions
Query: 
Headers:
  user-agent: UbiServices_SDK_HTTP_Client_2.1.5.123179_WIIU
  host: api-ubiservices.ubi.com
  accept: */*
  authorization: wiiu t=VjrvUQAFAAAQF5EAAAABoKz/52IAAAGgsiZDYsPaHvckmewSTzGsx35r1aC8NcICq52fziBrnDaO/4l2
  content-type: application/json
  ubi-appbuildid: JD2015WIIU_E163180
  ubi-appid: 3133a1ba-bf7b-443b-9e8a-f1d5f3b2ac7b
  content-length: 111
Body:
{"genomeId":"3133a1ba-bf7b-443b-9e8a-f1d5f3b2ac7b","nameOnPlatform":"DragonKing17","idOnPlatform":"1446702929"}

======================================================================
Timestamp: 2026-09-17T01:35:46.857649+00:00
Method: GET
Path: /v1/applications/3133a1ba-bf7b-443b-9e8a-f1d5f3b2ac7b/configuration
Query: 
Headers:
  user-agent: UbiServices_SDK_HTTP_Client_2.1.5.123179_WIIU
  host: api-ubiservices.ubi.com
  accept: */*
  authorization: Ubi_v1 t=R9WmiiJX4ICbmbSyQ1KIDLjdln5owURS/tZ7CJeYVtU=
  content-type: application/json
  ubi-appbuildid: JD2015WIIU_E163180
  ubi-appid: 3133a1ba-bf7b-443b-9e8a-f1d5f3b2ac7b
  ubi-sessionid: a8673f6b-f8fc-4481-b26e-a8069b7713e2
Body:
<empty>

======================================================================
Timestamp: 2026-09-17T01:35:47.240741+00:00
Method: GET
Path: /v2/users/d2cd8684-8e13-515d-bafd-f96a14a0bb24
Query: 
Headers:
  user-agent: UbiServices_SDK_HTTP_Client_2.1.5.123179_WIIU
  host: api-ubiservices.ubi.com
  accept: */*
  authorization: Ubi_v1 t=R9WmiiJX4ICbmbSyQ1KIDLjdln5owURS/tZ7CJeYVtU=
  content-type: application/json
  ubi-appbuildid: JD2015WIIU_E163180
  ubi-appid: 3133a1ba-bf7b-443b-9e8a-f1d5f3b2ac7b
  ubi-sessionid: a8673f6b-f8fc-4481-b26e-a8069b7713e2
Body:
<empty>

======================================================================
Timestamp: 2026-09-17T01:35:47.385206+00:00
Method: DELETE
Path: /v2/profiles/sessions
Query: 
Headers:
  user-agent: UbiServices_SDK_HTTP_Client_2.1.5.123179_WIIU
  host: api-ubiservices.ubi.com
  accept: */*
  authorization: Ubi_v1 t=R9WmiiJX4ICbmbSyQ1KIDLjdln5owURS/tZ7CJeYVtU=
  content-type: application/json
  ubi-appbuildid: JD2015WIIU_E163180
  ubi-appid: 3133a1ba-bf7b-443b-9e8a-f1d5f3b2ac7b
  ubi-sessionid: a8673f6b-f8fc-4481-b26e-a8069b7713e2
  content-length: 2
  expect: 100-continue
Body:
{}

======================================================================
Timestamp: 2026-09-17T01:35:57.175015+00:00
Method: POST
Path: /v2/profiles/sessions
Query: 
Headers:
  user-agent: UbiServices_SDK_HTTP_Client_2.1.5.123179_WIIU
  host: api-ubiservices.ubi.com
  accept: */*
  authorization: wiiu t=VjrvUQAFAAAQF5EAAAABoKz/52IAAAGgsiZDYsPaHvckmewSTzGsx35r1aC8NcICq52fziBrnDaO/4l2
  content-type: application/json
  ubi-appbuildid: JD2015WIIU_E163180
  ubi-appid: 3133a1ba-bf7b-443b-9e8a-f1d5f3b2ac7b
  content-length: 111
Body:
{"genomeId":"3133a1ba-bf7b-443b-9e8a-f1d5f3b2ac7b","nameOnPlatform":"DragonKing17","idOnPlatform":"1446702929"}

======================================================================
Timestamp: 2026-09-17T01:35:57.693603+00:00
Method: GET
Path: /v1/applications/3133a1ba-bf7b-443b-9e8a-f1d5f3b2ac7b/configuration
Query: 
Headers:
  user-agent: UbiServices_SDK_HTTP_Client_2.1.5.123179_WIIU
  host: api-ubiservices.ubi.com
  accept: */*
  authorization: Ubi_v1 t=R9WmiiJX4ICbmbSyQ1KIDLjdln5owURS/tZ7CJeYVtU=
  content-type: application/json
  ubi-appbuildid: JD2015WIIU_E163180
  ubi-appid: 3133a1ba-bf7b-443b-9e8a-f1d5f3b2ac7b
  ubi-sessionid: a8673f6b-f8fc-4481-b26e-a8069b7713e2
Body:
<empty>

======================================================================
Timestamp: 2026-09-17T01:35:58.052301+00:00
Method: GET
Path: /v2/users/d2cd8684-8e13-515d-bafd-f96a14a0bb24
Query: 
Headers:
  user-agent: UbiServices_SDK_HTTP_Client_2.1.5.123179_WIIU
  host: api-ubiservices.ubi.com
  accept: */*
  authorization: Ubi_v1 t=R9WmiiJX4ICbmbSyQ1KIDLjdln5owURS/tZ7CJeYVtU=
  content-type: application/json
  ubi-appbuildid: JD2015WIIU_E163180
  ubi-appid: 3133a1ba-bf7b-443b-9e8a-f1d5f3b2ac7b
  ubi-sessionid: a8673f6b-f8fc-4481-b26e-a8069b7713e2
Body:
<empty>

======================================================================
Timestamp: 2026-09-17T01:35:58.232949+00:00
Method: DELETE
Path: /v2/profiles/sessions
Query: 
Headers:
  user-agent: UbiServices_SDK_HTTP_Client_2.1.5.123179_WIIU
  host: api-ubiservices.ubi.com
  accept: */*
  authorization: Ubi_v1 t=R9WmiiJX4ICbmbSyQ1KIDLjdln5owURS/tZ7CJeYVtU=
  content-type: application/json
  ubi-appbuildid: JD2015WIIU_E163180
  ubi-appid: 3133a1ba-bf7b-443b-9e8a-f1d5f3b2ac7b
  ubi-sessionid: a8673f6b-f8fc-4481-b26e-a8069b7713e2
  content-length: 2
  expect: 100-continue
Body:
{}

======================================================================
Timestamp: 2026-09-17T01:35:58.825723+00:00
Method: POST
Path: /v2/profiles/sessions
Query: 
Headers:
  user-agent: UbiServices_SDK_HTTP_Client_2.1.5.123179_WIIU
  host: api-ubiservices.ubi.com
  accept: */*
  authorization: wiiu t=VjrvUQAFAAAQF5EAAAABoKz/52IAAAGgsiZDYsPaHvckmewSTzGsx35r1aC8NcICq52fziBrnDaO/4l2
  content-type: application/json
  ubi-appbuildid: JD2015WIIU_E163180
  ubi-appid: 3133a1ba-bf7b-443b-9e8a-f1d5f3b2ac7b
  content-length: 111
Body:
{"genomeId":"3133a1ba-bf7b-443b-9e8a-f1d5f3b2ac7b","nameOnPlatform":"DragonKing17","idOnPlatform":"1446702929"}

======================================================================
Timestamp: 2026-09-17T01:35:59.309270+00:00
Method: GET
Path: /v1/applications/3133a1ba-bf7b-443b-9e8a-f1d5f3b2ac7b/configuration
Query: 
Headers:
  user-agent: UbiServices_SDK_HTTP_Client_2.1.5.123179_WIIU
  host: api-ubiservices.ubi.com
  accept: */*
  authorization: Ubi_v1 t=R9WmiiJX4ICbmbSyQ1KIDLjdln5owURS/tZ7CJeYVtU=
  content-type: application/json
  ubi-appbuildid: JD2015WIIU_E163180
  ubi-appid: 3133a1ba-bf7b-443b-9e8a-f1d5f3b2ac7b
  ubi-sessionid: a8673f6b-f8fc-4481-b26e-a8069b7713e2
Body:
<empty>

======================================================================
Timestamp: 2026-09-17T01:35:59.316735+00:00
Method: GET
Path: /v2/users/d2cd8684-8e13-515d-bafd-f96a14a0bb24
Query: 
Headers:
  user-agent: UbiServices_SDK_HTTP_Client_2.1.5.123179_WIIU
  host: api-ubiservices.ubi.com
  accept: */*
  authorization: Ubi_v1 t=R9WmiiJX4ICbmbSyQ1KIDLjdln5owURS/tZ7CJeYVtU=
  content-type: application/json
  ubi-appbuildid: JD2015WIIU_E163180
  ubi-appid: 3133a1ba-bf7b-443b-9e8a-f1d5f3b2ac7b
  ubi-sessionid: a8673f6b-f8fc-4481-b26e-a8069b7713e2
Body:
<empty>

======================================================================
Timestamp: 2026-09-17T01:35:59.752064+00:00
Method: DELETE
Path: /v2/profiles/sessions
Query: 
Headers:
  user-agent: UbiServices_SDK_HTTP_Client_2.1.5.123179_WIIU
  host: api-ubiservices.ubi.com
  accept: */*
  authorization: Ubi_v1 t=R9WmiiJX4ICbmbSyQ1KIDLjdln5owURS/tZ7CJeYVtU=
  content-type: application/json
  ubi-appbuildid: JD2015WIIU_E163180
  ubi-appid: 3133a1ba-bf7b-443b-9e8a-f1d5f3b2ac7b
  ubi-sessionid: a8673f6b-f8fc-4481-b26e-a8069b7713e2
  content-length: 2
  expect: 100-continue
Body:
{}

======================================================================
Timestamp: 2026-09-17T01:59:26.367004+00:00
Method: POST
Path: /v2/profiles/sessions
Query: 
Headers:
  user-agent: UbiServices_SDK_HTTP_Client_2.1.5.123179_WIIU
  host: api-ubiservices.ubi.com
  accept: */*
  authorization: wiiu t=VjrvUQAFAAAQF5EAAAABoK0V79MAAAGgsjxL03ZkeRVfevDODi8xI1iVMlf5crSq1mirfCpPJhC8hgrM
  content-type: application/json
  ubi-appbuildid: JD2015WIIU_E163180
  ubi-appid: 3133a1ba-bf7b-443b-9e8a-f1d5f3b2ac7b
  content-length: 111
Body:
{"genomeId":"3133a1ba-bf7b-443b-9e8a-f1d5f3b2ac7b","nameOnPlatform":"DragonKing17","idOnPlatform":"1446702929"}

======================================================================
Timestamp: 2026-09-17T01:59:26.745837+00:00
Method: GET
Path: /v1/applications/3133a1ba-bf7b-443b-9e8a-f1d5f3b2ac7b/configuration
Query: 
Headers:
  user-agent: UbiServices_SDK_HTTP_Client_2.1.5.123179_WIIU
  host: api-ubiservices.ubi.com
  accept: */*
  authorization: Ubi_v1 t=xQTuzczodS+iVWlAj7zFLKIJhGCEW2iXUdHmz9JiHWs=
  content-type: application/json
  ubi-appbuildid: JD2015WIIU_E163180
  ubi-appid: 3133a1ba-bf7b-443b-9e8a-f1d5f3b2ac7b
  ubi-sessionid: 2ad16f60-1911-406a-a1b9-8c5dfbe4dabb
Body:
<empty>

======================================================================
Timestamp: 2026-09-17T01:59:27.327066+00:00
Method: GET
Path: /v2/users/d2cd8684-8e13-515d-bafd-f96a14a0bb24
Query: 
Headers:
  user-agent: UbiServices_SDK_HTTP_Client_2.1.5.123179_WIIU
  host: api-ubiservices.ubi.com
  accept: */*
  authorization: Ubi_v1 t=xQTuzczodS+iVWlAj7zFLKIJhGCEW2iXUdHmz9JiHWs=
  content-type: application/json
  ubi-appbuildid: JD2015WIIU_E163180
  ubi-appid: 3133a1ba-bf7b-443b-9e8a-f1d5f3b2ac7b
  ubi-sessionid: 2ad16f60-1911-406a-a1b9-8c5dfbe4dabb
Body:
<empty>

======================================================================
Timestamp: 2026-09-17T01:59:27.455762+00:00
Method: DELETE
Path: /v2/profiles/sessions
Query: 
Headers:
  user-agent: UbiServices_SDK_HTTP_Client_2.1.5.123179_WIIU
  host: api-ubiservices.ubi.com
  accept: */*
  authorization: Ubi_v1 t=xQTuzczodS+iVWlAj7zFLKIJhGCEW2iXUdHmz9JiHWs=
  content-type: application/json
  ubi-appbuildid: JD2015WIIU_E163180
  ubi-appid: 3133a1ba-bf7b-443b-9e8a-f1d5f3b2ac7b
  ubi-sessionid: 2ad16f60-1911-406a-a1b9-8c5dfbe4dabb
  content-length: 2
  expect: 100-continue
Body:
{}

======================================================================
Timestamp: 2026-09-17T01:59:27.950564+00:00
Method: POST
Path: /v2/profiles/sessions
Query: 
Headers:
  user-agent: UbiServices_SDK_HTTP_Client_2.1.5.123179_WIIU
  host: api-ubiservices.ubi.com
  accept: */*
  authorization: wiiu t=VjrvUQAFAAAQF5EAAAABoK0V79MAAAGgsjxL03ZkeRVfevDODi8xI1iVMlf5crSq1mirfCpPJhC8hgrM
  content-type: application/json
  ubi-appbuildid: JD2015WIIU_E163180
  ubi-appid: 3133a1ba-bf7b-443b-9e8a-f1d5f3b2ac7b
  content-length: 111
Body:
{"genomeId":"3133a1ba-bf7b-443b-9e8a-f1d5f3b2ac7b","nameOnPlatform":"DragonKing17","idOnPlatform":"1446702929"}

======================================================================
Timestamp: 2026-09-17T01:59:28.420102+00:00
Method: GET
Path: /v1/applications/3133a1ba-bf7b-443b-9e8a-f1d5f3b2ac7b/configuration
Query: 
Headers:
  user-agent: UbiServices_SDK_HTTP_Client_2.1.5.123179_WIIU
  host: api-ubiservices.ubi.com
  accept: */*
  authorization: Ubi_v1 t=xQTuzczodS+iVWlAj7zFLKIJhGCEW2iXUdHmz9JiHWs=
  content-type: application/json
  ubi-appbuildid: JD2015WIIU_E163180
  ubi-appid: 3133a1ba-bf7b-443b-9e8a-f1d5f3b2ac7b
  ubi-sessionid: 2ad16f60-1911-406a-a1b9-8c5dfbe4dabb
Body:
<empty>

======================================================================
Timestamp: 2026-09-17T01:59:28.428259+00:00
Method: GET
Path: /v2/users/d2cd8684-8e13-515d-bafd-f96a14a0bb24
Query: 
Headers:
  user-agent: UbiServices_SDK_HTTP_Client_2.1.5.123179_WIIU
  host: api-ubiservices.ubi.com
  accept: */*
  authorization: Ubi_v1 t=xQTuzczodS+iVWlAj7zFLKIJhGCEW2iXUdHmz9JiHWs=
  content-type: application/json
  ubi-appbuildid: JD2015WIIU_E163180
  ubi-appid: 3133a1ba-bf7b-443b-9e8a-f1d5f3b2ac7b
  ubi-sessionid: 2ad16f60-1911-406a-a1b9-8c5dfbe4dabb
Body:
<empty>

======================================================================
Timestamp: 2026-09-17T01:59:29.055346+00:00
Method: GET
Path: /v2/users/d2cd8684-8e13-515d-bafd-f96a14a0bb24
Query: 
Headers:
  user-agent: UbiServices_SDK_HTTP_Client_2.1.5.123179_WIIU
  host: api-ubiservices.ubi.com
  accept: */*
  authorization: Ubi_v1 t=xQTuzczodS+iVWlAj7zFLKIJhGCEW2iXUdHmz9JiHWs=
  content-type: application/json
  ubi-appbuildid: JD2015WIIU_E163180
  ubi-appid: 3133a1ba-bf7b-443b-9e8a-f1d5f3b2ac7b
  ubi-sessionid: 2ad16f60-1911-406a-a1b9-8c5dfbe4dabb
Body:
<empty>

======================================================================
Timestamp: 2026-09-17T01:59:29.107199+00:00
Method: DELETE
Path: /v2/profiles/sessions
Query: 
Headers:
  user-agent: UbiServices_SDK_HTTP_Client_2.1.5.123179_WIIU
  host: api-ubiservices.ubi.com
  accept: */*
  authorization: Ubi_v1 t=xQTuzczodS+iVWlAj7zFLKIJhGCEW2iXUdHmz9JiHWs=
  content-type: application/json
  ubi-appbuildid: JD2015WIIU_E163180
  ubi-appid: 3133a1ba-bf7b-443b-9e8a-f1d5f3b2ac7b
  ubi-sessionid: 2ad16f60-1911-406a-a1b9-8c5dfbe4dabb
  content-length: 2
  expect: 100-continue
Body:
{}

======================================================================
Timestamp: 2026-09-17T01:59:29.717830+00:00
Method: POST
Path: /v2/profiles/sessions
Query: 
Headers:
  user-agent: UbiServices_SDK_HTTP_Client_2.1.5.123179_WIIU
  host: api-ubiservices.ubi.com
  accept: */*
  authorization: wiiu t=VjrvUQAFAAAQF5EAAAABoK0V79MAAAGgsjxL03ZkeRVfevDODi8xI1iVMlf5crSq1mirfCpPJhC8hgrM
  content-type: application/json
  ubi-appbuildid: JD2015WIIU_E163180
  ubi-appid: 3133a1ba-bf7b-443b-9e8a-f1d5f3b2ac7b
  content-length: 111
Body:
{"genomeId":"3133a1ba-bf7b-443b-9e8a-f1d5f3b2ac7b","nameOnPlatform":"DragonKing17","idOnPlatform":"1446702929"}

======================================================================
Timestamp: 2026-09-17T01:59:30.402333+00:00
Method: GET
Path: /v1/applications/3133a1ba-bf7b-443b-9e8a-f1d5f3b2ac7b/configuration
Query: 
Headers:
  user-agent: UbiServices_SDK_HTTP_Client_2.1.5.123179_WIIU
  host: api-ubiservices.ubi.com
  accept: */*
  authorization: Ubi_v1 t=xQTuzczodS+iVWlAj7zFLKIJhGCEW2iXUdHmz9JiHWs=
  content-type: application/json
  ubi-appbuildid: JD2015WIIU_E163180
  ubi-appid: 3133a1ba-bf7b-443b-9e8a-f1d5f3b2ac7b
  ubi-sessionid: 2ad16f60-1911-406a-a1b9-8c5dfbe4dabb
Body:
<empty>

======================================================================
Timestamp: 2026-09-17T01:59:30.410065+00:00
Method: GET
Path: /v2/users/d2cd8684-8e13-515d-bafd-f96a14a0bb24
Query: 
Headers:
  user-agent: UbiServices_SDK_HTTP_Client_2.1.5.123179_WIIU
  host: api-ubiservices.ubi.com
  accept: */*
  authorization: Ubi_v1 t=xQTuzczodS+iVWlAj7zFLKIJhGCEW2iXUdHmz9JiHWs=
  content-type: application/json
  ubi-appbuildid: JD2015WIIU_E163180
  ubi-appid: 3133a1ba-bf7b-443b-9e8a-f1d5f3b2ac7b
  ubi-sessionid: 2ad16f60-1911-406a-a1b9-8c5dfbe4dabb
Body:
<empty>

======================================================================
Timestamp: 2026-09-17T01:59:30.816402+00:00
Method: GET
Path: /v2/users/d2cd8684-8e13-515d-bafd-f96a14a0bb24
Query: 
Headers:
  user-agent: UbiServices_SDK_HTTP_Client_2.1.5.123179_WIIU
  host: api-ubiservices.ubi.com
  accept: */*
  authorization: Ubi_v1 t=xQTuzczodS+iVWlAj7zFLKIJhGCEW2iXUdHmz9JiHWs=
  content-type: application/json
  ubi-appbuildid: JD2015WIIU_E163180
  ubi-appid: 3133a1ba-bf7b-443b-9e8a-f1d5f3b2ac7b
  ubi-sessionid: 2ad16f60-1911-406a-a1b9-8c5dfbe4dabb
Body:
<empty>

======================================================================
Timestamp: 2026-09-17T01:59:30.859219+00:00
Method: DELETE
Path: /v2/profiles/sessions
Query: 
Headers:
  user-agent: UbiServices_SDK_HTTP_Client_2.1.5.123179_WIIU
  host: api-ubiservices.ubi.com
  accept: */*
  authorization: Ubi_v1 t=xQTuzczodS+iVWlAj7zFLKIJhGCEW2iXUdHmz9JiHWs=
  content-type: application/json
  ubi-appbuildid: JD2015WIIU_E163180
  ubi-appid: 3133a1ba-bf7b-443b-9e8a-f1d5f3b2ac7b
  ubi-sessionid: 2ad16f60-1911-406a-a1b9-8c5dfbe4dabb
  content-length: 2
  expect: 100-continue
Body:
{}

======================================================================
Timestamp: 2026-09-17T01:59:31.502597+00:00
Method: POST
Path: /v2/profiles/sessions
Query: 
Headers:
  user-agent: UbiServices_SDK_HTTP_Client_2.1.5.123179_WIIU
  host: api-ubiservices.ubi.com
  accept: */*
  authorization: wiiu t=VjrvUQAFAAAQF5EAAAABoK0V79MAAAGgsjxL03ZkeRVfevDODi8xI1iVMlf5crSq1mirfCpPJhC8hgrM
  content-type: application/json
  ubi-appbuildid: JD2015WIIU_E163180
  ubi-appid: 3133a1ba-bf7b-443b-9e8a-f1d5f3b2ac7b
  content-length: 111
Body:
{"genomeId":"3133a1ba-bf7b-443b-9e8a-f1d5f3b2ac7b","nameOnPlatform":"DragonKing17","idOnPlatform":"1446702929"}

======================================================================
Timestamp: 2026-09-17T01:59:32.082740+00:00
Method: GET
Path: /v1/applications/3133a1ba-bf7b-443b-9e8a-f1d5f3b2ac7b/configuration
Query: 
Headers:
  user-agent: UbiServices_SDK_HTTP_Client_2.1.5.123179_WIIU
  host: api-ubiservices.ubi.com
  accept: */*
  authorization: Ubi_v1 t=xQTuzczodS+iVWlAj7zFLKIJhGCEW2iXUdHmz9JiHWs=
  content-type: application/json
  ubi-appbuildid: JD2015WIIU_E163180
  ubi-appid: 3133a1ba-bf7b-443b-9e8a-f1d5f3b2ac7b
  ubi-sessionid: 2ad16f60-1911-406a-a1b9-8c5dfbe4dabb
Body:
<empty>

======================================================================
Timestamp: 2026-09-17T01:59:32.091254+00:00
Method: GET
Path: /v2/users/d2cd8684-8e13-515d-bafd-f96a14a0bb24
Query: 
Headers:
  user-agent: UbiServices_SDK_HTTP_Client_2.1.5.123179_WIIU
  host: api-ubiservices.ubi.com
  accept: */*
  authorization: Ubi_v1 t=xQTuzczodS+iVWlAj7zFLKIJhGCEW2iXUdHmz9JiHWs=
  content-type: application/json
  ubi-appbuildid: JD2015WIIU_E163180
  ubi-appid: 3133a1ba-bf7b-443b-9e8a-f1d5f3b2ac7b
  ubi-sessionid: 2ad16f60-1911-406a-a1b9-8c5dfbe4dabb
Body:
<empty>

======================================================================
Timestamp: 2026-09-17T01:59:32.497708+00:00
Method: GET
Path: /v2/users/d2cd8684-8e13-515d-bafd-f96a14a0bb24
Query: 
Headers:
  user-agent: UbiServices_SDK_HTTP_Client_2.1.5.123179_WIIU
  host: api-ubiservices.ubi.com
  accept: */*
  authorization: Ubi_v1 t=xQTuzczodS+iVWlAj7zFLKIJhGCEW2iXUdHmz9JiHWs=
  content-type: application/json
  ubi-appbuildid: JD2015WIIU_E163180
  ubi-appid: 3133a1ba-bf7b-443b-9e8a-f1d5f3b2ac7b
  ubi-sessionid: 2ad16f60-1911-406a-a1b9-8c5dfbe4dabb
Body:
<empty>

======================================================================
Timestamp: 2026-09-17T01:59:32.542952+00:00
Method: DELETE
Path: /v2/profiles/sessions
Query: 
Headers:
  user-agent: UbiServices_SDK_HTTP_Client_2.1.5.123179_WIIU
  host: api-ubiservices.ubi.com
  accept: */*
  authorization: Ubi_v1 t=xQTuzczodS+iVWlAj7zFLKIJhGCEW2iXUdHmz9JiHWs=
  content-type: application/json
  ubi-appbuildid: JD2015WIIU_E163180
  ubi-appid: 3133a1ba-bf7b-443b-9e8a-f1d5f3b2ac7b
  ubi-sessionid: 2ad16f60-1911-406a-a1b9-8c5dfbe4dabb
  content-length: 2
  expect: 100-continue
Body:
{}

======================================================================
Timestamp: 2026-09-17T01:59:38.024578+00:00
Method: POST
Path: /v2/profiles/sessions
Query: 
Headers:
  user-agent: UbiServices_SDK_HTTP_Client_2.1.5.123179_WIIU
  host: api-ubiservices.ubi.com
  accept: */*
  authorization: wiiu t=VjrvUQAFAAAQF5EAAAABoK0V79MAAAGgsjxL03ZkeRVfevDODi8xI1iVMlf5crSq1mirfCpPJhC8hgrM
  content-type: application/json
  ubi-appbuildid: JD2015WIIU_E163180
  ubi-appid: 3133a1ba-bf7b-443b-9e8a-f1d5f3b2ac7b
  content-length: 111
Body:
{"genomeId":"3133a1ba-bf7b-443b-9e8a-f1d5f3b2ac7b","nameOnPlatform":"DragonKing17","idOnPlatform":"1446702929"}

======================================================================
Timestamp: 2026-09-17T01:59:38.517458+00:00
Method: GET
Path: /v1/applications/3133a1ba-bf7b-443b-9e8a-f1d5f3b2ac7b/configuration
Query: 
Headers:
  user-agent: UbiServices_SDK_HTTP_Client_2.1.5.123179_WIIU
  host: api-ubiservices.ubi.com
  accept: */*
  authorization: Ubi_v1 t=xQTuzczodS+iVWlAj7zFLKIJhGCEW2iXUdHmz9JiHWs=
  content-type: application/json
  ubi-appbuildid: JD2015WIIU_E163180
  ubi-appid: 3133a1ba-bf7b-443b-9e8a-f1d5f3b2ac7b
  ubi-sessionid: 2ad16f60-1911-406a-a1b9-8c5dfbe4dabb
Body:
<empty>

======================================================================
Timestamp: 2026-09-17T01:59:38.867395+00:00
Method: GET
Path: /v2/users/d2cd8684-8e13-515d-bafd-f96a14a0bb24
Query: 
Headers:
  user-agent: UbiServices_SDK_HTTP_Client_2.1.5.123179_WIIU
  host: api-ubiservices.ubi.com
  accept: */*
  authorization: Ubi_v1 t=xQTuzczodS+iVWlAj7zFLKIJhGCEW2iXUdHmz9JiHWs=
  content-type: application/json
  ubi-appbuildid: JD2015WIIU_E163180
  ubi-appid: 3133a1ba-bf7b-443b-9e8a-f1d5f3b2ac7b
  ubi-sessionid: 2ad16f60-1911-406a-a1b9-8c5dfbe4dabb
Body:
<empty>

======================================================================
Timestamp: 2026-09-17T01:59:39.035401+00:00
Method: DELETE
Path: /v2/profiles/sessions
Query: 
Headers:
  user-agent: UbiServices_SDK_HTTP_Client_2.1.5.123179_WIIU
  host: api-ubiservices.ubi.com
  accept: */*
  authorization: Ubi_v1 t=xQTuzczodS+iVWlAj7zFLKIJhGCEW2iXUdHmz9JiHWs=
  content-type: application/json
  ubi-appbuildid: JD2015WIIU_E163180
  ubi-appid: 3133a1ba-bf7b-443b-9e8a-f1d5f3b2ac7b
  ubi-sessionid: 2ad16f60-1911-406a-a1b9-8c5dfbe4dabb
  content-length: 2
  expect: 100-continue
Body:
{}

======================================================================
Timestamp: 2026-09-17T03:07:13.252898+00:00
Method: POST
Path: /v2/profiles/sessions
Query: 
Headers:
  user-agent: UbiServices_SDK_HTTP_Client_2.1.5.123179_WIIU
  host: api-ubiservices.ubi.com
  accept: */*
  authorization: wiiu t=VjrvUQAFAAAQF5EAAAABoK1UcfkAAAGgsnrN+S9JZFY3YMjQI+rucF0IPtHTx0vgOqxpkmHXTJA+BQJa
  content-type: application/json
  ubi-appbuildid: JD2015WIIU_E163180
  ubi-appid: 3133a1ba-bf7b-443b-9e8a-f1d5f3b2ac7b
  content-length: 111
Body:
{"genomeId":"3133a1ba-bf7b-443b-9e8a-f1d5f3b2ac7b","nameOnPlatform":"DragonKing17","idOnPlatform":"1446702929"}

======================================================================
Timestamp: 2026-09-17T03:07:13.810389+00:00
Method: GET
Path: /v1/applications/3133a1ba-bf7b-443b-9e8a-f1d5f3b2ac7b/configuration
Query: 
Headers:
  user-agent: UbiServices_SDK_HTTP_Client_2.1.5.123179_WIIU
  host: api-ubiservices.ubi.com
  accept: */*
  authorization: Ubi_v1 t=sxXxg8zcADxPfcOlJ6AawiiHcvnsGo9Y8Czq4r8ZqQc=
  content-type: application/json
  ubi-appbuildid: JD2015WIIU_E163180
  ubi-appid: 3133a1ba-bf7b-443b-9e8a-f1d5f3b2ac7b
  ubi-sessionid: ccca4068-88dd-4009-a411-d279f4d6b8f5
Body:
<empty>

======================================================================
Timestamp: 2026-09-17T03:07:14.384073+00:00
Method: GET
Path: /v2/users/d2cd8684-8e13-515d-bafd-f96a14a0bb24
Query: 
Headers:
  user-agent: UbiServices_SDK_HTTP_Client_2.1.5.123179_WIIU
  host: api-ubiservices.ubi.com
  accept: */*
  authorization: Ubi_v1 t=sxXxg8zcADxPfcOlJ6AawiiHcvnsGo9Y8Czq4r8ZqQc=
  content-type: application/json
  ubi-appbuildid: JD2015WIIU_E163180
  ubi-appid: 3133a1ba-bf7b-443b-9e8a-f1d5f3b2ac7b
  ubi-sessionid: ccca4068-88dd-4009-a411-d279f4d6b8f5
Body:
<empty>

======================================================================
Timestamp: 2026-09-17T03:07:14.561188+00:00
Method: DELETE
Path: /v2/profiles/sessions
Query: 
Headers:
  user-agent: UbiServices_SDK_HTTP_Client_2.1.5.123179_WIIU
  host: api-ubiservices.ubi.com
  accept: */*
  authorization: Ubi_v1 t=sxXxg8zcADxPfcOlJ6AawiiHcvnsGo9Y8Czq4r8ZqQc=
  content-type: application/json
  ubi-appbuildid: JD2015WIIU_E163180
  ubi-appid: 3133a1ba-bf7b-443b-9e8a-f1d5f3b2ac7b
  ubi-sessionid: ccca4068-88dd-4009-a411-d279f4d6b8f5
  content-length: 2
  expect: 100-continue
Body:
{}

======================================================================
Timestamp: 2026-09-17T03:07:14.835204+00:00
Method: POST
Path: /v2/profiles/sessions
Query: 
Headers:
  user-agent: UbiServices_SDK_HTTP_Client_2.1.5.123179_WIIU
  host: api-ubiservices.ubi.com
  accept: */*
  authorization: wiiu t=VjrvUQAFAAAQF5EAAAABoK1UcfkAAAGgsnrN+S9JZFY3YMjQI+rucF0IPtHTx0vgOqxpkmHXTJA+BQJa
  content-type: application/json
  ubi-appbuildid: JD2015WIIU_E163180
  ubi-appid: 3133a1ba-bf7b-443b-9e8a-f1d5f3b2ac7b
  content-length: 111
Body:
{"genomeId":"3133a1ba-bf7b-443b-9e8a-f1d5f3b2ac7b","nameOnPlatform":"DragonKing17","idOnPlatform":"1446702929"}

======================================================================
Timestamp: 2026-09-17T03:07:15.399827+00:00
Method: GET
Path: /v1/applications/3133a1ba-bf7b-443b-9e8a-f1d5f3b2ac7b/configuration
Query: 
Headers:
  user-agent: UbiServices_SDK_HTTP_Client_2.1.5.123179_WIIU
  host: api-ubiservices.ubi.com
  accept: */*
  authorization: Ubi_v1 t=lVpRfMdy8ngwTmg66sTbCK251qZGnQtgkWn6uOK0H/Y=
  content-type: application/json
  ubi-appbuildid: JD2015WIIU_E163180
  ubi-appid: 3133a1ba-bf7b-443b-9e8a-f1d5f3b2ac7b
  ubi-sessionid: 074c625e-dca2-44c3-a643-63ad271240a8
Body:
<empty>

======================================================================
Timestamp: 2026-09-17T03:07:15.411344+00:00
Method: GET
Path: /v2/users/d2cd8684-8e13-515d-bafd-f96a14a0bb24
Query: 
Headers:
  user-agent: UbiServices_SDK_HTTP_Client_2.1.5.123179_WIIU
  host: api-ubiservices.ubi.com
  accept: */*
  authorization: Ubi_v1 t=lVpRfMdy8ngwTmg66sTbCK251qZGnQtgkWn6uOK0H/Y=
  content-type: application/json
  ubi-appbuildid: JD2015WIIU_E163180
  ubi-appid: 3133a1ba-bf7b-443b-9e8a-f1d5f3b2ac7b
  ubi-sessionid: 074c625e-dca2-44c3-a643-63ad271240a8
Body:
<empty>

======================================================================
Timestamp: 2026-09-17T03:07:15.860804+00:00
Method: GET
Path: /v2/users/d2cd8684-8e13-515d-bafd-f96a14a0bb24
Query: 
Headers:
  user-agent: UbiServices_SDK_HTTP_Client_2.1.5.123179_WIIU
  host: api-ubiservices.ubi.com
  accept: */*
  authorization: Ubi_v1 t=lVpRfMdy8ngwTmg66sTbCK251qZGnQtgkWn6uOK0H/Y=
  content-type: application/json
  ubi-appbuildid: JD2015WIIU_E163180
  ubi-appid: 3133a1ba-bf7b-443b-9e8a-f1d5f3b2ac7b
  ubi-sessionid: 074c625e-dca2-44c3-a643-63ad271240a8
Body:
<empty>

======================================================================
Timestamp: 2026-09-17T03:07:15.935019+00:00
Method: DELETE
Path: /v2/profiles/sessions
Query: 
Headers:
  user-agent: UbiServices_SDK_HTTP_Client_2.1.5.123179_WIIU
  host: api-ubiservices.ubi.com
  accept: */*
  authorization: Ubi_v1 t=lVpRfMdy8ngwTmg66sTbCK251qZGnQtgkWn6uOK0H/Y=
  content-type: application/json
  ubi-appbuildid: JD2015WIIU_E163180
  ubi-appid: 3133a1ba-bf7b-443b-9e8a-f1d5f3b2ac7b
  ubi-sessionid: 074c625e-dca2-44c3-a643-63ad271240a8
  content-length: 2
  expect: 100-continue
Body:
{}

======================================================================
Timestamp: 2026-09-17T03:07:16.383568+00:00
Method: POST
Path: /v2/profiles/sessions
Query: 
Headers:
  user-agent: UbiServices_SDK_HTTP_Client_2.1.5.123179_WIIU
  host: api-ubiservices.ubi.com
  accept: */*
  authorization: wiiu t=VjrvUQAFAAAQF5EAAAABoK1UcfkAAAGgsnrN+S9JZFY3YMjQI+rucF0IPtHTx0vgOqxpkmHXTJA+BQJa
  content-type: application/json
  ubi-appbuildid: JD2015WIIU_E163180
  ubi-appid: 3133a1ba-bf7b-443b-9e8a-f1d5f3b2ac7b
  content-length: 111
Body:
{"genomeId":"3133a1ba-bf7b-443b-9e8a-f1d5f3b2ac7b","nameOnPlatform":"DragonKing17","idOnPlatform":"1446702929"}

======================================================================
Timestamp: 2026-09-17T03:07:16.907347+00:00
Method: GET
Path: /v1/applications/3133a1ba-bf7b-443b-9e8a-f1d5f3b2ac7b/configuration
Query: 
Headers:
  user-agent: UbiServices_SDK_HTTP_Client_2.1.5.123179_WIIU
  host: api-ubiservices.ubi.com
  accept: */*
  authorization: Ubi_v1 t=NrCS3DzqP73j0szMzBY5206evi/zdjtoaxFAsAWzzAM=
  content-type: application/json
  ubi-appbuildid: JD2015WIIU_E163180
  ubi-appid: 3133a1ba-bf7b-443b-9e8a-f1d5f3b2ac7b
  ubi-sessionid: 89a24add-6b3a-487c-a5ab-4df1e9b93c1b
Body:
<empty>

======================================================================
Timestamp: 2026-09-17T03:07:16.910840+00:00
Method: GET
Path: /v2/users/d2cd8684-8e13-515d-bafd-f96a14a0bb24
Query: 
Headers:
  user-agent: UbiServices_SDK_HTTP_Client_2.1.5.123179_WIIU
  host: api-ubiservices.ubi.com
  accept: */*
  authorization: Ubi_v1 t=NrCS3DzqP73j0szMzBY5206evi/zdjtoaxFAsAWzzAM=
  content-type: application/json
  ubi-appbuildid: JD2015WIIU_E163180
  ubi-appid: 3133a1ba-bf7b-443b-9e8a-f1d5f3b2ac7b
  ubi-sessionid: 89a24add-6b3a-487c-a5ab-4df1e9b93c1b
Body:
<empty>

======================================================================
Timestamp: 2026-09-17T03:07:17.298238+00:00
Method: GET
Path: /v2/users/d2cd8684-8e13-515d-bafd-f96a14a0bb24
Query: 
Headers:
  user-agent: UbiServices_SDK_HTTP_Client_2.1.5.123179_WIIU
  host: api-ubiservices.ubi.com
  accept: */*
  authorization: Ubi_v1 t=NrCS3DzqP73j0szMzBY5206evi/zdjtoaxFAsAWzzAM=
  content-type: application/json
  ubi-appbuildid: JD2015WIIU_E163180
  ubi-appid: 3133a1ba-bf7b-443b-9e8a-f1d5f3b2ac7b
  ubi-sessionid: 89a24add-6b3a-487c-a5ab-4df1e9b93c1b
Body:
<empty>

======================================================================
Timestamp: 2026-09-17T03:07:17.472351+00:00
Method: DELETE
Path: /v2/profiles/sessions
Query: 
Headers:
  user-agent: UbiServices_SDK_HTTP_Client_2.1.5.123179_WIIU
  host: api-ubiservices.ubi.com
  accept: */*
  authorization: Ubi_v1 t=NrCS3DzqP73j0szMzBY5206evi/zdjtoaxFAsAWzzAM=
  content-type: application/json
  ubi-appbuildid: JD2015WIIU_E163180
  ubi-appid: 3133a1ba-bf7b-443b-9e8a-f1d5f3b2ac7b
  ubi-sessionid: 89a24add-6b3a-487c-a5ab-4df1e9b93c1b
  content-length: 2
  expect: 100-continue
Body:
{}

======================================================================
Timestamp: 2026-09-17T03:07:17.969884+00:00
Method: POST
Path: /v2/profiles/sessions
Query: 
Headers:
  user-agent: UbiServices_SDK_HTTP_Client_2.1.5.123179_WIIU
  host: api-ubiservices.ubi.com
  accept: */*
  authorization: wiiu t=VjrvUQAFAAAQF5EAAAABoK1UcfkAAAGgsnrN+S9JZFY3YMjQI+rucF0IPtHTx0vgOqxpkmHXTJA+BQJa
  content-type: application/json
  ubi-appbuildid: JD2015WIIU_E163180
  ubi-appid: 3133a1ba-bf7b-443b-9e8a-f1d5f3b2ac7b
  content-length: 111
Body:
{"genomeId":"3133a1ba-bf7b-443b-9e8a-f1d5f3b2ac7b","nameOnPlatform":"DragonKing17","idOnPlatform":"1446702929"}

======================================================================
Timestamp: 2026-09-17T03:07:18.493004+00:00
Method: GET
Path: /v1/applications/3133a1ba-bf7b-443b-9e8a-f1d5f3b2ac7b/configuration
Query: 
Headers:
  user-agent: UbiServices_SDK_HTTP_Client_2.1.5.123179_WIIU
  host: api-ubiservices.ubi.com
  accept: */*
  authorization: Ubi_v1 t=cxMSUmYgde9oY/SoRLwOWx9npAxIRYgKXCZ5bLvxeRg=
  content-type: application/json
  ubi-appbuildid: JD2015WIIU_E163180
  ubi-appid: 3133a1ba-bf7b-443b-9e8a-f1d5f3b2ac7b
  ubi-sessionid: 89634a16-158f-4703-9cb1-480a9a1c7961
Body:
<empty>

======================================================================
Timestamp: 2026-09-17T03:07:18.530577+00:00
Method: GET
Path: /v2/users/d2cd8684-8e13-515d-bafd-f96a14a0bb24
Query: 
Headers:
  user-agent: UbiServices_SDK_HTTP_Client_2.1.5.123179_WIIU
  host: api-ubiservices.ubi.com
  accept: */*
  authorization: Ubi_v1 t=cxMSUmYgde9oY/SoRLwOWx9npAxIRYgKXCZ5bLvxeRg=
  content-type: application/json
  ubi-appbuildid: JD2015WIIU_E163180
  ubi-appid: 3133a1ba-bf7b-443b-9e8a-f1d5f3b2ac7b
  ubi-sessionid: 89634a16-158f-4703-9cb1-480a9a1c7961
Body:
<empty>

======================================================================
Timestamp: 2026-09-17T03:07:18.727344+00:00
Method: DELETE
Path: /v2/profiles/sessions
Query: 
Headers:
  user-agent: UbiServices_SDK_HTTP_Client_2.1.5.123179_WIIU
  host: api-ubiservices.ubi.com
  accept: */*
  authorization: Ubi_v1 t=cxMSUmYgde9oY/SoRLwOWx9npAxIRYgKXCZ5bLvxeRg=
  content-type: application/json
  ubi-appbuildid: JD2015WIIU_E163180
  ubi-appid: 3133a1ba-bf7b-443b-9e8a-f1d5f3b2ac7b
  ubi-sessionid: 89634a16-158f-4703-9cb1-480a9a1c7961
  content-length: 2
  expect: 100-continue
Body:
{}

======================================================================
Timestamp: 2026-09-17T03:07:25.008504+00:00
Method: POST
Path: /v2/profiles/sessions
Query: 
Headers:
  user-agent: UbiServices_SDK_HTTP_Client_2.1.5.123179_WIIU
  host: api-ubiservices.ubi.com
  accept: */*
  authorization: wiiu t=VjrvUQAFAAAQF5EAAAABoK1UcfkAAAGgsnrN+S9JZFY3YMjQI+rucF0IPtHTx0vgOqxpkmHXTJA+BQJa
  content-type: application/json
  ubi-appbuildid: JD2015WIIU_E163180
  ubi-appid: 3133a1ba-bf7b-443b-9e8a-f1d5f3b2ac7b
  content-length: 111
Body:
{"genomeId":"3133a1ba-bf7b-443b-9e8a-f1d5f3b2ac7b","nameOnPlatform":"DragonKing17","idOnPlatform":"1446702929"}

======================================================================
Timestamp: 2026-09-17T03:07:25.629051+00:00
Method: GET
Path: /v1/applications/3133a1ba-bf7b-443b-9e8a-f1d5f3b2ac7b/configuration
Query: 
Headers:
  user-agent: UbiServices_SDK_HTTP_Client_2.1.5.123179_WIIU
  host: api-ubiservices.ubi.com
  accept: */*
  authorization: Ubi_v1 t=OqMiNA4MHKULGo1rj3y/mmbIiogATYnDY7bflXARy78=
  content-type: application/json
  ubi-appbuildid: JD2015WIIU_E163180
  ubi-appid: 3133a1ba-bf7b-443b-9e8a-f1d5f3b2ac7b
  ubi-sessionid: aa77a8a0-7930-4b22-bde0-d9c7c6b9326e
Body:
<empty>

======================================================================
Timestamp: 2026-09-17T03:07:26.066215+00:00
Method: GET
Path: /v2/users/d2cd8684-8e13-515d-bafd-f96a14a0bb24
Query: 
Headers:
  user-agent: UbiServices_SDK_HTTP_Client_2.1.5.123179_WIIU
  host: api-ubiservices.ubi.com
  accept: */*
  authorization: Ubi_v1 t=OqMiNA4MHKULGo1rj3y/mmbIiogATYnDY7bflXARy78=
  content-type: application/json
  ubi-appbuildid: JD2015WIIU_E163180
  ubi-appid: 3133a1ba-bf7b-443b-9e8a-f1d5f3b2ac7b
  ubi-sessionid: aa77a8a0-7930-4b22-bde0-d9c7c6b9326e
Body:
<empty>

======================================================================
Timestamp: 2026-09-17T03:07:26.157673+00:00
Method: DELETE
Path: /v2/profiles/sessions
Query: 
Headers:
  user-agent: UbiServices_SDK_HTTP_Client_2.1.5.123179_WIIU
  host: api-ubiservices.ubi.com
  accept: */*
  authorization: Ubi_v1 t=OqMiNA4MHKULGo1rj3y/mmbIiogATYnDY7bflXARy78=
  content-type: application/json
  ubi-appbuildid: JD2015WIIU_E163180
  ubi-appid: 3133a1ba-bf7b-443b-9e8a-f1d5f3b2ac7b
  ubi-sessionid: aa77a8a0-7930-4b22-bde0-d9c7c6b9326e
  content-length: 2
  expect: 100-continue
Body:
{}

======================================================================
Timestamp: 2026-09-17T03:07:32.130216+00:00
Method: POST
Path: /v2/profiles/sessions
Query: 
Headers:
  user-agent: UbiServices_SDK_HTTP_Client_2.1.5.123179_WIIU
  host: api-ubiservices.ubi.com
  accept: */*
  authorization: wiiu t=VjrvUQAFAAAQF5EAAAABoK1UcfkAAAGgsnrN+S9JZFY3YMjQI+rucF0IPtHTx0vgOqxpkmHXTJA+BQJa
  content-type: application/json
  ubi-appbuildid: JD2015WIIU_E163180
  ubi-appid: 3133a1ba-bf7b-443b-9e8a-f1d5f3b2ac7b
  content-length: 111
Body:
{"genomeId":"3133a1ba-bf7b-443b-9e8a-f1d5f3b2ac7b","nameOnPlatform":"DragonKing17","idOnPlatform":"1446702929"}

======================================================================
Timestamp: 2026-09-17T03:07:32.684930+00:00
Method: GET
Path: /v1/applications/3133a1ba-bf7b-443b-9e8a-f1d5f3b2ac7b/configuration
Query: 
Headers:
  user-agent: UbiServices_SDK_HTTP_Client_2.1.5.123179_WIIU
  host: api-ubiservices.ubi.com
  accept: */*
  authorization: Ubi_v1 t=YNORE/qPDfFlKTP47SQEimT4jpHSILbuJSG2aZWbTAQ=
  content-type: application/json
  ubi-appbuildid: JD2015WIIU_E163180
  ubi-appid: 3133a1ba-bf7b-443b-9e8a-f1d5f3b2ac7b
  ubi-sessionid: 2959cd4e-05ee-428b-a647-57c2cef93d24
Body:
<empty>

======================================================================
Timestamp: 2026-09-17T03:07:33.161606+00:00
Method: GET
Path: /v2/users/d2cd8684-8e13-515d-bafd-f96a14a0bb24
Query: 
Headers:
  user-agent: UbiServices_SDK_HTTP_Client_2.1.5.123179_WIIU
  host: api-ubiservices.ubi.com
  accept: */*
  authorization: Ubi_v1 t=YNORE/qPDfFlKTP47SQEimT4jpHSILbuJSG2aZWbTAQ=
  content-type: application/json
  ubi-appbuildid: JD2015WIIU_E163180
  ubi-appid: 3133a1ba-bf7b-443b-9e8a-f1d5f3b2ac7b
  ubi-sessionid: 2959cd4e-05ee-428b-a647-57c2cef93d24
Body:
<empty>

======================================================================
Timestamp: 2026-09-17T03:07:33.234481+00:00
Method: DELETE
Path: /v2/profiles/sessions
Query: 
Headers:
  user-agent: UbiServices_SDK_HTTP_Client_2.1.5.123179_WIIU
  host: api-ubiservices.ubi.com
  accept: */*
  authorization: Ubi_v1 t=YNORE/qPDfFlKTP47SQEimT4jpHSILbuJSG2aZWbTAQ=
  content-type: application/json
  ubi-appbuildid: JD2015WIIU_E163180
  ubi-appid: 3133a1ba-bf7b-443b-9e8a-f1d5f3b2ac7b
  ubi-sessionid: 2959cd4e-05ee-428b-a647-57c2cef93d24
  content-length: 2
  expect: 100-continue
Body:
{}

======================================================================
Timestamp: 2026-09-17T03:07:41.098137+00:00
Method: POST
Path: /v2/profiles/sessions
Query: 
Headers:
  user-agent: UbiServices_SDK_HTTP_Client_2.1.5.123179_WIIU
  host: api-ubiservices.ubi.com
  accept: */*
  authorization: wiiu t=VjrvUQAFAAAQF5EAAAABoK1UcfkAAAGgsnrN+S9JZFY3YMjQI+rucF0IPtHTx0vgOqxpkmHXTJA+BQJa
  content-type: application/json
  ubi-appbuildid: JD2015WIIU_E163180
  ubi-appid: 3133a1ba-bf7b-443b-9e8a-f1d5f3b2ac7b
  content-length: 111
Body:
{"genomeId":"3133a1ba-bf7b-443b-9e8a-f1d5f3b2ac7b","nameOnPlatform":"DragonKing17","idOnPlatform":"1446702929"}

======================================================================
Timestamp: 2026-09-17T03:07:41.651192+00:00
Method: GET
Path: /v1/applications/3133a1ba-bf7b-443b-9e8a-f1d5f3b2ac7b/configuration
Query: 
Headers:
  user-agent: UbiServices_SDK_HTTP_Client_2.1.5.123179_WIIU
  host: api-ubiservices.ubi.com
  accept: */*
  authorization: Ubi_v1 t=PKdMTT69m734ETWfJFs8fd46SweWSzCrzE8FmLvRw78=
  content-type: application/json
  ubi-appbuildid: JD2015WIIU_E163180
  ubi-appid: 3133a1ba-bf7b-443b-9e8a-f1d5f3b2ac7b
  ubi-sessionid: 90b17ca0-d880-446d-8d19-e8790d65e0b2
Body:
<empty>

======================================================================
Timestamp: 2026-09-17T03:07:41.977264+00:00
Method: GET
Path: /v2/users/d2cd8684-8e13-515d-bafd-f96a14a0bb24
Query: 
Headers:
  user-agent: UbiServices_SDK_HTTP_Client_2.1.5.123179_WIIU
  host: api-ubiservices.ubi.com
  accept: */*
  authorization: Ubi_v1 t=PKdMTT69m734ETWfJFs8fd46SweWSzCrzE8FmLvRw78=
  content-type: application/json
  ubi-appbuildid: JD2015WIIU_E163180
  ubi-appid: 3133a1ba-bf7b-443b-9e8a-f1d5f3b2ac7b
  ubi-sessionid: 90b17ca0-d880-446d-8d19-e8790d65e0b2
Body:
<empty>

======================================================================
Timestamp: 2026-09-17T03:07:42.181763+00:00
Method: DELETE
Path: /v2/profiles/sessions
Query: 
Headers:
  user-agent: UbiServices_SDK_HTTP_Client_2.1.5.123179_WIIU
  host: api-ubiservices.ubi.com
  accept: */*
  authorization: Ubi_v1 t=PKdMTT69m734ETWfJFs8fd46SweWSzCrzE8FmLvRw78=
  content-type: application/json
  ubi-appbuildid: JD2015WIIU_E163180
  ubi-appid: 3133a1ba-bf7b-443b-9e8a-f1d5f3b2ac7b
  ubi-sessionid: 90b17ca0-d880-446d-8d19-e8790d65e0b2
  content-length: 2
  expect: 100-continue
Body:
{}

======================================================================
Timestamp: 2026-09-17T03:22:53.391343+00:00
Method: POST
Path: /v2/profiles/sessions
Query: 
Headers:
  user-agent: UbiServices_SDK_HTTP_Client_2.1.5.123179_WIIU
  host: api-ubiservices.ubi.com
  accept: */*
  authorization: wiiu t=VjrvUQAFAAAQF5EAAAABoK1hzu8AAAGgsogq729dFVLl5DuHHaEw8g9sI9AJNqWliAoZZ8Ion77EDydR
  content-type: application/json
  ubi-appbuildid: JD2015WIIU_E163180
  ubi-appid: 3133a1ba-bf7b-443b-9e8a-f1d5f3b2ac7b
  content-length: 111
Body:
{"genomeId":"3133a1ba-bf7b-443b-9e8a-f1d5f3b2ac7b","nameOnPlatform":"DragonKing17","idOnPlatform":"1446702929"}

======================================================================
Timestamp: 2026-09-17T03:22:53.947135+00:00
Method: GET
Path: /v1/applications/3133a1ba-bf7b-443b-9e8a-f1d5f3b2ac7b/configuration
Query: 
Headers:
  user-agent: UbiServices_SDK_HTTP_Client_2.1.5.123179_WIIU
  host: api-ubiservices.ubi.com
  accept: */*
  authorization: Ubi_v1 t=mtNbjj5rnkrqm5bhSerRDFWVvOWBxT2ghUo7jY1dGoQ=
  content-type: application/json
  ubi-appbuildid: JD2015WIIU_E163180
  ubi-appid: 3133a1ba-bf7b-443b-9e8a-f1d5f3b2ac7b
  ubi-sessionid: b75eb3b5-f040-4e6c-91e6-f28266567b70
Body:
<empty>

======================================================================
Timestamp: 2026-09-17T03:22:54.465582+00:00
Method: GET
Path: /v2/users/d2cd8684-8e13-515d-bafd-f96a14a0bb24
Query: 
Headers:
  user-agent: UbiServices_SDK_HTTP_Client_2.1.5.123179_WIIU
  host: api-ubiservices.ubi.com
  accept: */*
  authorization: Ubi_v1 t=mtNbjj5rnkrqm5bhSerRDFWVvOWBxT2ghUo7jY1dGoQ=
  content-type: application/json
  ubi-appbuildid: JD2015WIIU_E163180
  ubi-appid: 3133a1ba-bf7b-443b-9e8a-f1d5f3b2ac7b
  ubi-sessionid: b75eb3b5-f040-4e6c-91e6-f28266567b70
Body:
<empty>

======================================================================
Timestamp: 2026-09-17T03:22:54.633146+00:00
Method: DELETE
Path: /v2/profiles/sessions
Query: 
Headers:
  user-agent: UbiServices_SDK_HTTP_Client_2.1.5.123179_WIIU
  host: api-ubiservices.ubi.com
  accept: */*
  authorization: Ubi_v1 t=mtNbjj5rnkrqm5bhSerRDFWVvOWBxT2ghUo7jY1dGoQ=
  content-type: application/json
  ubi-appbuildid: JD2015WIIU_E163180
  ubi-appid: 3133a1ba-bf7b-443b-9e8a-f1d5f3b2ac7b
  ubi-sessionid: b75eb3b5-f040-4e6c-91e6-f28266567b70
  content-length: 2
  expect: 100-continue
Body:
{}

======================================================================
Timestamp: 2026-09-17T03:23:35.354988+00:00
Method: POST
Path: /v2/profiles/sessions
Query: 
Headers:
  user-agent: UbiServices_SDK_HTTP_Client_2.1.5.123179_WIIU
  host: api-ubiservices.ubi.com
  accept: */*
  authorization: wiiu t=VjrvUQAFAAAQF5EAAAABoK1hzu8AAAGgsogq729dFVLl5DuHHaEw8g9sI9AJNqWliAoZZ8Ion77EDydR
  content-type: application/json
  ubi-appbuildid: JD2015WIIU_E163180
  ubi-appid: 3133a1ba-bf7b-443b-9e8a-f1d5f3b2ac7b
  content-length: 111
Body:
{"genomeId":"3133a1ba-bf7b-443b-9e8a-f1d5f3b2ac7b","nameOnPlatform":"DragonKing17","idOnPlatform":"1446702929"}

======================================================================
Timestamp: 2026-09-17T03:23:35.959857+00:00
Method: GET
Path: /v1/applications/3133a1ba-bf7b-443b-9e8a-f1d5f3b2ac7b/configuration
Query: 
Headers:
  user-agent: UbiServices_SDK_HTTP_Client_2.1.5.123179_WIIU
  host: api-ubiservices.ubi.com
  accept: */*
  authorization: Ubi_v1 t=7c1jH+ztvkN+OGAw6EZ+/jd/pOtL50Ng6JK8ZxEfIVE=
  content-type: application/json
  ubi-appbuildid: JD2015WIIU_E163180
  ubi-appid: 3133a1ba-bf7b-443b-9e8a-f1d5f3b2ac7b
  ubi-sessionid: 839be95d-e9d9-445d-abd6-6e89778e9023
Body:
<empty>

======================================================================
Timestamp: 2026-09-17T03:23:36.484480+00:00
Method: GET
Path: /v2/users/d2cd8684-8e13-515d-bafd-f96a14a0bb24
Query: 
Headers:
  user-agent: UbiServices_SDK_HTTP_Client_2.1.5.123179_WIIU
  host: api-ubiservices.ubi.com
  accept: */*
  authorization: Ubi_v1 t=7c1jH+ztvkN+OGAw6EZ+/jd/pOtL50Ng6JK8ZxEfIVE=
  content-type: application/json
  ubi-appbuildid: JD2015WIIU_E163180
  ubi-appid: 3133a1ba-bf7b-443b-9e8a-f1d5f3b2ac7b
  ubi-sessionid: 839be95d-e9d9-445d-abd6-6e89778e9023
Body:
<empty>

======================================================================
Timestamp: 2026-09-17T03:23:36.585546+00:00
Method: DELETE
Path: /v2/profiles/sessions
Query: 
Headers:
  user-agent: UbiServices_SDK_HTTP_Client_2.1.5.123179_WIIU
  host: api-ubiservices.ubi.com
  accept: */*
  authorization: Ubi_v1 t=7c1jH+ztvkN+OGAw6EZ+/jd/pOtL50Ng6JK8ZxEfIVE=
  content-type: application/json
  ubi-appbuildid: JD2015WIIU_E163180
  ubi-appid: 3133a1ba-bf7b-443b-9e8a-f1d5f3b2ac7b
  ubi-sessionid: 839be95d-e9d9-445d-abd6-6e89778e9023
  content-length: 2
  expect: 100-continue
Body:
{}

======================================================================
Timestamp: 2026-09-17T03:23:36.904345+00:00
Method: POST
Path: /v2/profiles/sessions
Query: 
Headers:
  user-agent: UbiServices_SDK_HTTP_Client_2.1.5.123179_WIIU
  host: api-ubiservices.ubi.com
  accept: */*
  authorization: wiiu t=VjrvUQAFAAAQF5EAAAABoK1hzu8AAAGgsogq729dFVLl5DuHHaEw8g9sI9AJNqWliAoZZ8Ion77EDydR
  content-type: application/json
  ubi-appbuildid: JD2015WIIU_E163180
  ubi-appid: 3133a1ba-bf7b-443b-9e8a-f1d5f3b2ac7b
  content-length: 111
Body:
{"genomeId":"3133a1ba-bf7b-443b-9e8a-f1d5f3b2ac7b","nameOnPlatform":"DragonKing17","idOnPlatform":"1446702929"}

======================================================================
Timestamp: 2026-09-17T03:23:37.442920+00:00
Method: GET
Path: /v1/applications/3133a1ba-bf7b-443b-9e8a-f1d5f3b2ac7b/configuration
Query: 
Headers:
  user-agent: UbiServices_SDK_HTTP_Client_2.1.5.123179_WIIU
  host: api-ubiservices.ubi.com
  accept: */*
  authorization: Ubi_v1 t=RLk8wC7X+AtQdXT1sIGTp5qGo05yFJft1LACJ87sh0g=
  content-type: application/json
  ubi-appbuildid: JD2015WIIU_E163180
  ubi-appid: 3133a1ba-bf7b-443b-9e8a-f1d5f3b2ac7b
  ubi-sessionid: 5c2df0bf-4359-45f3-9196-c444c1108104
Body:
<empty>

======================================================================
Timestamp: 2026-09-17T03:23:37.449886+00:00
Method: GET
Path: /v2/users/d2cd8684-8e13-515d-bafd-f96a14a0bb24
Query: 
Headers:
  user-agent: UbiServices_SDK_HTTP_Client_2.1.5.123179_WIIU
  host: api-ubiservices.ubi.com
  accept: */*
  authorization: Ubi_v1 t=RLk8wC7X+AtQdXT1sIGTp5qGo05yFJft1LACJ87sh0g=
  content-type: application/json
  ubi-appbuildid: JD2015WIIU_E163180
  ubi-appid: 3133a1ba-bf7b-443b-9e8a-f1d5f3b2ac7b
  ubi-sessionid: 5c2df0bf-4359-45f3-9196-c444c1108104
Body:
<empty>

======================================================================
Timestamp: 2026-09-17T03:23:37.955994+00:00
Method: GET
Path: /v2/users/d2cd8684-8e13-515d-bafd-f96a14a0bb24
Query: 
Headers:
  user-agent: UbiServices_SDK_HTTP_Client_2.1.5.123179_WIIU
  host: api-ubiservices.ubi.com
  accept: */*
  authorization: Ubi_v1 t=RLk8wC7X+AtQdXT1sIGTp5qGo05yFJft1LACJ87sh0g=
  content-type: application/json
  ubi-appbuildid: JD2015WIIU_E163180
  ubi-appid: 3133a1ba-bf7b-443b-9e8a-f1d5f3b2ac7b
  ubi-sessionid: 5c2df0bf-4359-45f3-9196-c444c1108104
Body:
<empty>

======================================================================
Timestamp: 2026-09-17T03:23:38.003549+00:00
Method: DELETE
Path: /v2/profiles/sessions
Query: 
Headers:
  user-agent: UbiServices_SDK_HTTP_Client_2.1.5.123179_WIIU
  host: api-ubiservices.ubi.com
  accept: */*
  authorization: Ubi_v1 t=RLk8wC7X+AtQdXT1sIGTp5qGo05yFJft1LACJ87sh0g=
  content-type: application/json
  ubi-appbuildid: JD2015WIIU_E163180
  ubi-appid: 3133a1ba-bf7b-443b-9e8a-f1d5f3b2ac7b
  ubi-sessionid: 5c2df0bf-4359-45f3-9196-c444c1108104
  content-length: 2
  expect: 100-continue
Body:
{}

======================================================================
Timestamp: 2026-09-17T03:23:38.339330+00:00
Method: POST
Path: /v2/profiles/sessions
Query: 
Headers:
  user-agent: UbiServices_SDK_HTTP_Client_2.1.5.123179_WIIU
  host: api-ubiservices.ubi.com
  accept: */*
  authorization: wiiu t=VjrvUQAFAAAQF5EAAAABoK1hzu8AAAGgsogq729dFVLl5DuHHaEw8g9sI9AJNqWliAoZZ8Ion77EDydR
  content-type: application/json
  ubi-appbuildid: JD2015WIIU_E163180
  ubi-appid: 3133a1ba-bf7b-443b-9e8a-f1d5f3b2ac7b
  content-length: 111
Body:
{"genomeId":"3133a1ba-bf7b-443b-9e8a-f1d5f3b2ac7b","nameOnPlatform":"DragonKing17","idOnPlatform":"1446702929"}

======================================================================
Timestamp: 2026-09-17T03:23:38.828169+00:00
Method: GET
Path: /v1/applications/3133a1ba-bf7b-443b-9e8a-f1d5f3b2ac7b/configuration
Query: 
Headers:
  user-agent: UbiServices_SDK_HTTP_Client_2.1.5.123179_WIIU
  host: api-ubiservices.ubi.com
  accept: */*
  authorization: Ubi_v1 t=VZKYJ46MbgJnYIs8Iqy7gcdjBSMY+eb9jc9BWm0SpQw=
  content-type: application/json
  ubi-appbuildid: JD2015WIIU_E163180
  ubi-appid: 3133a1ba-bf7b-443b-9e8a-f1d5f3b2ac7b
  ubi-sessionid: 2aa350f1-d002-46c0-b0cd-7f66daac8639
Body:
<empty>

======================================================================
Timestamp: 2026-09-17T03:23:38.834395+00:00
Method: GET
Path: /v2/users/d2cd8684-8e13-515d-bafd-f96a14a0bb24
Query: 
Headers:
  user-agent: UbiServices_SDK_HTTP_Client_2.1.5.123179_WIIU
  host: api-ubiservices.ubi.com
  accept: */*
  authorization: Ubi_v1 t=VZKYJ46MbgJnYIs8Iqy7gcdjBSMY+eb9jc9BWm0SpQw=
  content-type: application/json
  ubi-appbuildid: JD2015WIIU_E163180
  ubi-appid: 3133a1ba-bf7b-443b-9e8a-f1d5f3b2ac7b
  ubi-sessionid: 2aa350f1-d002-46c0-b0cd-7f66daac8639
Body:
<empty>

======================================================================
Timestamp: 2026-09-17T03:23:39.373676+00:00
Method: GET
Path: /v2/users/d2cd8684-8e13-515d-bafd-f96a14a0bb24
Query: 
Headers:
  user-agent: UbiServices_SDK_HTTP_Client_2.1.5.123179_WIIU
  host: api-ubiservices.ubi.com
  accept: */*
  authorization: Ubi_v1 t=VZKYJ46MbgJnYIs8Iqy7gcdjBSMY+eb9jc9BWm0SpQw=
  content-type: application/json
  ubi-appbuildid: JD2015WIIU_E163180
  ubi-appid: 3133a1ba-bf7b-443b-9e8a-f1d5f3b2ac7b
  ubi-sessionid: 2aa350f1-d002-46c0-b0cd-7f66daac8639
Body:
<empty>

======================================================================
Timestamp: 2026-09-17T03:23:39.555100+00:00
Method: DELETE
Path: /v2/profiles/sessions
Query: 
Headers:
  user-agent: UbiServices_SDK_HTTP_Client_2.1.5.123179_WIIU
  host: api-ubiservices.ubi.com
  accept: */*
  authorization: Ubi_v1 t=VZKYJ46MbgJnYIs8Iqy7gcdjBSMY+eb9jc9BWm0SpQw=
  content-type: application/json
  ubi-appbuildid: JD2015WIIU_E163180
  ubi-appid: 3133a1ba-bf7b-443b-9e8a-f1d5f3b2ac7b
  ubi-sessionid: 2aa350f1-d002-46c0-b0cd-7f66daac8639
  content-length: 2
  expect: 100-continue
Body:
{}

======================================================================
Timestamp: 2026-09-17T03:23:41.634967+00:00
Method: POST
Path: /v2/profiles/sessions
Query: 
Headers:
  user-agent: UbiServices_SDK_HTTP_Client_2.1.5.123179_WIIU
  host: api-ubiservices.ubi.com
  accept: */*
  authorization: wiiu t=VjrvUQAFAAAQF5EAAAABoK1hzu8AAAGgsogq729dFVLl5DuHHaEw8g9sI9AJNqWliAoZZ8Ion77EDydR
  content-type: application/json
  ubi-appbuildid: JD2015WIIU_E163180
  ubi-appid: 3133a1ba-bf7b-443b-9e8a-f1d5f3b2ac7b
  content-length: 111
Body:
{"genomeId":"3133a1ba-bf7b-443b-9e8a-f1d5f3b2ac7b","nameOnPlatform":"DragonKing17","idOnPlatform":"1446702929"}

======================================================================
Timestamp: 2026-09-17T03:23:42.160823+00:00
Method: GET
Path: /v1/applications/3133a1ba-bf7b-443b-9e8a-f1d5f3b2ac7b/configuration
Query: 
Headers:
  user-agent: UbiServices_SDK_HTTP_Client_2.1.5.123179_WIIU
  host: api-ubiservices.ubi.com
  accept: */*
  authorization: Ubi_v1 t=jteNp+MkPFg7vr+PkU7+PHFkSBxOrmbZrFEcQoihQ5U=
  content-type: application/json
  ubi-appbuildid: JD2015WIIU_E163180
  ubi-appid: 3133a1ba-bf7b-443b-9e8a-f1d5f3b2ac7b
  ubi-sessionid: ce5b1a4d-caea-469a-8de2-0602f56e6e34
Body:
<empty>

======================================================================
Timestamp: 2026-09-17T03:23:42.168114+00:00
Method: GET
Path: /v2/users/d2cd8684-8e13-515d-bafd-f96a14a0bb24
Query: 
Headers:
  user-agent: UbiServices_SDK_HTTP_Client_2.1.5.123179_WIIU
  host: api-ubiservices.ubi.com
  accept: */*
  authorization: Ubi_v1 t=jteNp+MkPFg7vr+PkU7+PHFkSBxOrmbZrFEcQoihQ5U=
  content-type: application/json
  ubi-appbuildid: JD2015WIIU_E163180
  ubi-appid: 3133a1ba-bf7b-443b-9e8a-f1d5f3b2ac7b
  ubi-sessionid: ce5b1a4d-caea-469a-8de2-0602f56e6e34
Body:
<empty>

======================================================================
Timestamp: 2026-09-17T03:23:42.559601+00:00
Method: GET
Path: /v2/users/d2cd8684-8e13-515d-bafd-f96a14a0bb24
Query: 
Headers:
  user-agent: UbiServices_SDK_HTTP_Client_2.1.5.123179_WIIU
  host: api-ubiservices.ubi.com
  accept: */*
  authorization: Ubi_v1 t=jteNp+MkPFg7vr+PkU7+PHFkSBxOrmbZrFEcQoihQ5U=
  content-type: application/json
  ubi-appbuildid: JD2015WIIU_E163180
  ubi-appid: 3133a1ba-bf7b-443b-9e8a-f1d5f3b2ac7b
  ubi-sessionid: ce5b1a4d-caea-469a-8de2-0602f56e6e34
Body:
<empty>

======================================================================
Timestamp: 2026-09-17T03:23:42.604752+00:00
Method: DELETE
Path: /v2/profiles/sessions
Query: 
Headers:
  user-agent: UbiServices_SDK_HTTP_Client_2.1.5.123179_WIIU
  host: api-ubiservices.ubi.com
  accept: */*
  authorization: Ubi_v1 t=jteNp+MkPFg7vr+PkU7+PHFkSBxOrmbZrFEcQoihQ5U=
  content-type: application/json
  ubi-appbuildid: JD2015WIIU_E163180
  ubi-appid: 3133a1ba-bf7b-443b-9e8a-f1d5f3b2ac7b
  ubi-sessionid: ce5b1a4d-caea-469a-8de2-0602f56e6e34
  content-length: 2
  expect: 100-continue
Body:
{}

======================================================================
Timestamp: 2026-09-17T03:28:42.270793+00:00
Method: POST
Path: /v2/profiles/sessions
Query: 
Headers:
  user-agent: UbiServices_SDK_HTTP_Client_2.1.5.123179_WIIU
  host: api-ubiservices.ubi.com
  accept: */*
  authorization: wiiu t=VjrvUQAFAAAQF5EAAAABoK1nw38AAAGgso4ffxKhf9ZHZ3u6Tvpc6pQAjkoxwSc7bGlKkozZENhNorrg
  content-type: application/json
  ubi-appbuildid: JD2015WIIU_E163180
  ubi-appid: 3133a1ba-bf7b-443b-9e8a-f1d5f3b2ac7b
  content-length: 111
Body:
{"genomeId":"3133a1ba-bf7b-443b-9e8a-f1d5f3b2ac7b","nameOnPlatform":"DragonKing17","idOnPlatform":"1446702929"}

======================================================================
Timestamp: 2026-09-17T03:28:42.839839+00:00
Method: GET
Path: /v1/applications/3133a1ba-bf7b-443b-9e8a-f1d5f3b2ac7b/configuration
Query: 
Headers:
  user-agent: UbiServices_SDK_HTTP_Client_2.1.5.123179_WIIU
  host: api-ubiservices.ubi.com
  accept: */*
  authorization: Ubi_v1 t=dIeIqNJj/9YVMA4bHAA3lyDiyfph1i9mg71t0173yVU=
  content-type: application/json
  ubi-appbuildid: JD2015WIIU_E163180
  ubi-appid: 3133a1ba-bf7b-443b-9e8a-f1d5f3b2ac7b
  ubi-sessionid: a44f2750-ad98-4bba-8113-811d646fa3d4
Body:
<empty>

======================================================================
Timestamp: 2026-09-17T03:28:43.490422+00:00
Method: GET
Path: /v2/users/d2cd8684-8e13-515d-bafd-f96a14a0bb24
Query: 
Headers:
  user-agent: UbiServices_SDK_HTTP_Client_2.1.5.123179_WIIU
  host: api-ubiservices.ubi.com
  accept: */*
  authorization: Ubi_v1 t=dIeIqNJj/9YVMA4bHAA3lyDiyfph1i9mg71t0173yVU=
  content-type: application/json
  ubi-appbuildid: JD2015WIIU_E163180
  ubi-appid: 3133a1ba-bf7b-443b-9e8a-f1d5f3b2ac7b
  ubi-sessionid: a44f2750-ad98-4bba-8113-811d646fa3d4
Body:
<empty>

======================================================================
Timestamp: 2026-09-17T03:28:43.694038+00:00
Method: DELETE
Path: /v2/profiles/sessions
Query: 
Headers:
  user-agent: UbiServices_SDK_HTTP_Client_2.1.5.123179_WIIU
  host: api-ubiservices.ubi.com
  accept: */*
  authorization: Ubi_v1 t=dIeIqNJj/9YVMA4bHAA3lyDiyfph1i9mg71t0173yVU=
  content-type: application/json
  ubi-appbuildid: JD2015WIIU_E163180
  ubi-appid: 3133a1ba-bf7b-443b-9e8a-f1d5f3b2ac7b
  ubi-sessionid: a44f2750-ad98-4bba-8113-811d646fa3d4
  content-length: 2
  expect: 100-continue
Body:
{}

======================================================================
Timestamp: 2026-09-17T03:28:43.994001+00:00
Method: POST
Path: /v2/profiles/sessions
Query: 
Headers:
  user-agent: UbiServices_SDK_HTTP_Client_2.1.5.123179_WIIU
  host: api-ubiservices.ubi.com
  accept: */*
  authorization: wiiu t=VjrvUQAFAAAQF5EAAAABoK1nw38AAAGgso4ffxKhf9ZHZ3u6Tvpc6pQAjkoxwSc7bGlKkozZENhNorrg
  content-type: application/json
  ubi-appbuildid: JD2015WIIU_E163180
  ubi-appid: 3133a1ba-bf7b-443b-9e8a-f1d5f3b2ac7b
  content-length: 111
Body:
{"genomeId":"3133a1ba-bf7b-443b-9e8a-f1d5f3b2ac7b","nameOnPlatform":"DragonKing17","idOnPlatform":"1446702929"}

======================================================================
Timestamp: 2026-09-17T03:28:44.520014+00:00
Method: GET
Path: /v1/applications/3133a1ba-bf7b-443b-9e8a-f1d5f3b2ac7b/configuration
Query: 
Headers:
  user-agent: UbiServices_SDK_HTTP_Client_2.1.5.123179_WIIU
  host: api-ubiservices.ubi.com
  accept: */*
  authorization: Ubi_v1 t=pyxQawyBKD+DBa9MSljHFR5mN1eOr84o0vT2wVsXS6g=
  content-type: application/json
  ubi-appbuildid: JD2015WIIU_E163180
  ubi-appid: 3133a1ba-bf7b-443b-9e8a-f1d5f3b2ac7b
  ubi-sessionid: 75b47c63-1ac9-4ad8-9d40-014e2c3dbb0d
Body:
<empty>

======================================================================
Timestamp: 2026-09-17T03:28:44.527914+00:00
Method: GET
Path: /v2/users/d2cd8684-8e13-515d-bafd-f96a14a0bb24
Query: 
Headers:
  user-agent: UbiServices_SDK_HTTP_Client_2.1.5.123179_WIIU
  host: api-ubiservices.ubi.com
  accept: */*
  authorization: Ubi_v1 t=pyxQawyBKD+DBa9MSljHFR5mN1eOr84o0vT2wVsXS6g=
  content-type: application/json
  ubi-appbuildid: JD2015WIIU_E163180
  ubi-appid: 3133a1ba-bf7b-443b-9e8a-f1d5f3b2ac7b
  ubi-sessionid: 75b47c63-1ac9-4ad8-9d40-014e2c3dbb0d
Body:
<empty>

======================================================================
Timestamp: 2026-09-17T03:28:44.934580+00:00
Method: GET
Path: /v2/users/d2cd8684-8e13-515d-bafd-f96a14a0bb24
Query: 
Headers:
  user-agent: UbiServices_SDK_HTTP_Client_2.1.5.123179_WIIU
  host: api-ubiservices.ubi.com
  accept: */*
  authorization: Ubi_v1 t=pyxQawyBKD+DBa9MSljHFR5mN1eOr84o0vT2wVsXS6g=
  content-type: application/json
  ubi-appbuildid: JD2015WIIU_E163180
  ubi-appid: 3133a1ba-bf7b-443b-9e8a-f1d5f3b2ac7b
  ubi-sessionid: 75b47c63-1ac9-4ad8-9d40-014e2c3dbb0d
Body:
<empty>

======================================================================
Timestamp: 2026-09-17T03:28:45.064983+00:00
Method: DELETE
Path: /v2/profiles/sessions
Query: 
Headers:
  user-agent: UbiServices_SDK_HTTP_Client_2.1.5.123179_WIIU
  host: api-ubiservices.ubi.com
  accept: */*
  authorization: Ubi_v1 t=pyxQawyBKD+DBa9MSljHFR5mN1eOr84o0vT2wVsXS6g=
  content-type: application/json
  ubi-appbuildid: JD2015WIIU_E163180
  ubi-appid: 3133a1ba-bf7b-443b-9e8a-f1d5f3b2ac7b
  ubi-sessionid: 75b47c63-1ac9-4ad8-9d40-014e2c3dbb0d
  content-length: 2
  expect: 100-continue
Body:
{}

======================================================================
Timestamp: 2026-09-17T03:28:45.410584+00:00
Method: POST
Path: /v2/profiles/sessions
Query: 
Headers:
  user-agent: UbiServices_SDK_HTTP_Client_2.1.5.123179_WIIU
  host: api-ubiservices.ubi.com
  accept: */*
  authorization: wiiu t=VjrvUQAFAAAQF5EAAAABoK1nw38AAAGgso4ffxKhf9ZHZ3u6Tvpc6pQAjkoxwSc7bGlKkozZENhNorrg
  content-type: application/json
  ubi-appbuildid: JD2015WIIU_E163180
  ubi-appid: 3133a1ba-bf7b-443b-9e8a-f1d5f3b2ac7b
  content-length: 111
Body:
{"genomeId":"3133a1ba-bf7b-443b-9e8a-f1d5f3b2ac7b","nameOnPlatform":"DragonKing17","idOnPlatform":"1446702929"}

======================================================================
Timestamp: 2026-09-17T03:28:45.904149+00:00
Method: GET
Path: /v1/applications/3133a1ba-bf7b-443b-9e8a-f1d5f3b2ac7b/configuration
Query: 
Headers:
  user-agent: UbiServices_SDK_HTTP_Client_2.1.5.123179_WIIU
  host: api-ubiservices.ubi.com
  accept: */*
  authorization: Ubi_v1 t=MyQtr8Nov64ZMLRQeSaNE4cR0IJu+NcOTwOSwacHqV4=
  content-type: application/json
  ubi-appbuildid: JD2015WIIU_E163180
  ubi-appid: 3133a1ba-bf7b-443b-9e8a-f1d5f3b2ac7b
  ubi-sessionid: 9c58d17e-61df-42b3-a143-2f1548f89021
Body:
<empty>

======================================================================
Timestamp: 2026-09-17T03:28:45.910792+00:00
Method: GET
Path: /v2/users/d2cd8684-8e13-515d-bafd-f96a14a0bb24
Query: 
Headers:
  user-agent: UbiServices_SDK_HTTP_Client_2.1.5.123179_WIIU
  host: api-ubiservices.ubi.com
  accept: */*
  authorization: Ubi_v1 t=MyQtr8Nov64ZMLRQeSaNE4cR0IJu+NcOTwOSwacHqV4=
  content-type: application/json
  ubi-appbuildid: JD2015WIIU_E163180
  ubi-appid: 3133a1ba-bf7b-443b-9e8a-f1d5f3b2ac7b
  ubi-sessionid: 9c58d17e-61df-42b3-a143-2f1548f89021
Body:
<empty>

======================================================================
Timestamp: 2026-09-17T03:28:46.324586+00:00
Method: GET
Path: /v2/users/d2cd8684-8e13-515d-bafd-f96a14a0bb24
Query: 
Headers:
  user-agent: UbiServices_SDK_HTTP_Client_2.1.5.123179_WIIU
  host: api-ubiservices.ubi.com
  accept: */*
  authorization: Ubi_v1 t=MyQtr8Nov64ZMLRQeSaNE4cR0IJu+NcOTwOSwacHqV4=
  content-type: application/json
  ubi-appbuildid: JD2015WIIU_E163180
  ubi-appid: 3133a1ba-bf7b-443b-9e8a-f1d5f3b2ac7b
  ubi-sessionid: 9c58d17e-61df-42b3-a143-2f1548f89021
Body:
<empty>

======================================================================
Timestamp: 2026-09-17T03:28:46.400367+00:00
Method: DELETE
Path: /v2/profiles/sessions
Query: 
Headers:
  user-agent: UbiServices_SDK_HTTP_Client_2.1.5.123179_WIIU
  host: api-ubiservices.ubi.com
  accept: */*
  authorization: Ubi_v1 t=MyQtr8Nov64ZMLRQeSaNE4cR0IJu+NcOTwOSwacHqV4=
  content-type: application/json
  ubi-appbuildid: JD2015WIIU_E163180
  ubi-appid: 3133a1ba-bf7b-443b-9e8a-f1d5f3b2ac7b
  ubi-sessionid: 9c58d17e-61df-42b3-a143-2f1548f89021
  content-length: 2
  expect: 100-continue
Body:
{}

======================================================================
Timestamp: 2026-09-17T03:28:46.808184+00:00
Method: POST
Path: /v2/profiles/sessions
Query: 
Headers:
  user-agent: UbiServices_SDK_HTTP_Client_2.1.5.123179_WIIU
  host: api-ubiservices.ubi.com
  accept: */*
  authorization: wiiu t=VjrvUQAFAAAQF5EAAAABoK1nw38AAAGgso4ffxKhf9ZHZ3u6Tvpc6pQAjkoxwSc7bGlKkozZENhNorrg
  content-type: application/json
  ubi-appbuildid: JD2015WIIU_E163180
  ubi-appid: 3133a1ba-bf7b-443b-9e8a-f1d5f3b2ac7b
  content-length: 111
Body:
{"genomeId":"3133a1ba-bf7b-443b-9e8a-f1d5f3b2ac7b","nameOnPlatform":"DragonKing17","idOnPlatform":"1446702929"}

======================================================================
Timestamp: 2026-09-17T03:28:47.507923+00:00
Method: GET
Path: /v1/applications/3133a1ba-bf7b-443b-9e8a-f1d5f3b2ac7b/configuration
Query: 
Headers:
  user-agent: UbiServices_SDK_HTTP_Client_2.1.5.123179_WIIU
  host: api-ubiservices.ubi.com
  accept: */*
  authorization: Ubi_v1 t=3DDMsykrgRzSHYsPmZEN940OddDNTgqFbDZ4E145Izs=
  content-type: application/json
  ubi-appbuildid: JD2015WIIU_E163180
  ubi-appid: 3133a1ba-bf7b-443b-9e8a-f1d5f3b2ac7b
  ubi-sessionid: ec4be496-d5cd-4e32-ac4e-726948ddea89
Body:
<empty>

======================================================================
Timestamp: 2026-09-17T03:28:47.516887+00:00
Method: GET
Path: /v2/users/d2cd8684-8e13-515d-bafd-f96a14a0bb24
Query: 
Headers:
  user-agent: UbiServices_SDK_HTTP_Client_2.1.5.123179_WIIU
  host: api-ubiservices.ubi.com
  accept: */*
  authorization: Ubi_v1 t=3DDMsykrgRzSHYsPmZEN940OddDNTgqFbDZ4E145Izs=
  content-type: application/json
  ubi-appbuildid: JD2015WIIU_E163180
  ubi-appid: 3133a1ba-bf7b-443b-9e8a-f1d5f3b2ac7b
  ubi-sessionid: ec4be496-d5cd-4e32-ac4e-726948ddea89
Body:
<empty>

======================================================================
Timestamp: 2026-09-17T03:28:47.916705+00:00
Method: GET
Path: /v2/users/d2cd8684-8e13-515d-bafd-f96a14a0bb24
Query: 
Headers:
  user-agent: UbiServices_SDK_HTTP_Client_2.1.5.123179_WIIU
  host: api-ubiservices.ubi.com
  accept: */*
  authorization: Ubi_v1 t=3DDMsykrgRzSHYsPmZEN940OddDNTgqFbDZ4E145Izs=
  content-type: application/json
  ubi-appbuildid: JD2015WIIU_E163180
  ubi-appid: 3133a1ba-bf7b-443b-9e8a-f1d5f3b2ac7b
  ubi-sessionid: ec4be496-d5cd-4e32-ac4e-726948ddea89
Body:
<empty>

======================================================================
Timestamp: 2026-09-17T03:28:47.960199+00:00
Method: DELETE
Path: /v2/profiles/sessions
Query: 
Headers:
  user-agent: UbiServices_SDK_HTTP_Client_2.1.5.123179_WIIU
  host: api-ubiservices.ubi.com
  accept: */*
  authorization: Ubi_v1 t=3DDMsykrgRzSHYsPmZEN940OddDNTgqFbDZ4E145Izs=
  content-type: application/json
  ubi-appbuildid: JD2015WIIU_E163180
  ubi-appid: 3133a1ba-bf7b-443b-9e8a-f1d5f3b2ac7b
  ubi-sessionid: ec4be496-d5cd-4e32-ac4e-726948ddea89
  content-length: 2
  expect: 100-continue
Body:
{}

======================================================================
Timestamp: 2026-09-17T03:28:51.933838+00:00
Method: POST
Path: /v2/profiles/sessions
Query: 
Headers:
  user-agent: UbiServices_SDK_HTTP_Client_2.1.5.123179_WIIU
  host: api-ubiservices.ubi.com
  accept: */*
  authorization: wiiu t=VjrvUQAFAAAQF5EAAAABoK1nw38AAAGgso4ffxKhf9ZHZ3u6Tvpc6pQAjkoxwSc7bGlKkozZENhNorrg
  content-type: application/json
  ubi-appbuildid: JD2015WIIU_E163180
  ubi-appid: 3133a1ba-bf7b-443b-9e8a-f1d5f3b2ac7b
  content-length: 111
Body:
{"genomeId":"3133a1ba-bf7b-443b-9e8a-f1d5f3b2ac7b","nameOnPlatform":"DragonKing17","idOnPlatform":"1446702929"}

======================================================================
Timestamp: 2026-09-17T03:28:52.776759+00:00
Method: GET
Path: /v1/applications/3133a1ba-bf7b-443b-9e8a-f1d5f3b2ac7b/configuration
Query: 
Headers:
  user-agent: UbiServices_SDK_HTTP_Client_2.1.5.123179_WIIU
  host: api-ubiservices.ubi.com
  accept: */*
  authorization: Ubi_v1 t=gMAi1mF7lnpSmeSInlxmu2KZeoZG2sclzauxkFve5lE=
  content-type: application/json
  ubi-appbuildid: JD2015WIIU_E163180
  ubi-appid: 3133a1ba-bf7b-443b-9e8a-f1d5f3b2ac7b
  ubi-sessionid: f97dcd65-ff72-4bb8-8a40-3a3a343a3b40
Body:
<empty>

======================================================================
Timestamp: 2026-09-17T03:28:52.786450+00:00
Method: GET
Path: /v2/users/d2cd8684-8e13-515d-bafd-f96a14a0bb24
Query: 
Headers:
  user-agent: UbiServices_SDK_HTTP_Client_2.1.5.123179_WIIU
  host: api-ubiservices.ubi.com
  accept: */*
  authorization: Ubi_v1 t=gMAi1mF7lnpSmeSInlxmu2KZeoZG2sclzauxkFve5lE=
  content-type: application/json
  ubi-appbuildid: JD2015WIIU_E163180
  ubi-appid: 3133a1ba-bf7b-443b-9e8a-f1d5f3b2ac7b
  ubi-sessionid: f97dcd65-ff72-4bb8-8a40-3a3a343a3b40
Body:
<empty>

======================================================================
Timestamp: 2026-09-17T03:28:53.272666+00:00
Method: GET
Path: /v2/users/d2cd8684-8e13-515d-bafd-f96a14a0bb24
Query: 
Headers:
  user-agent: UbiServices_SDK_HTTP_Client_2.1.5.123179_WIIU
  host: api-ubiservices.ubi.com
  accept: */*
  authorization: Ubi_v1 t=gMAi1mF7lnpSmeSInlxmu2KZeoZG2sclzauxkFve5lE=
  content-type: application/json
  ubi-appbuildid: JD2015WIIU_E163180
  ubi-appid: 3133a1ba-bf7b-443b-9e8a-f1d5f3b2ac7b
  ubi-sessionid: f97dcd65-ff72-4bb8-8a40-3a3a343a3b40
Body:
<empty>

======================================================================
Timestamp: 2026-09-17T03:28:53.326489+00:00
Method: DELETE
Path: /v2/profiles/sessions
Query: 
Headers:
  user-agent: UbiServices_SDK_HTTP_Client_2.1.5.123179_WIIU
  host: api-ubiservices.ubi.com
  accept: */*
  authorization: Ubi_v1 t=gMAi1mF7lnpSmeSInlxmu2KZeoZG2sclzauxkFve5lE=
  content-type: application/json
  ubi-appbuildid: JD2015WIIU_E163180
  ubi-appid: 3133a1ba-bf7b-443b-9e8a-f1d5f3b2ac7b
  ubi-sessionid: f97dcd65-ff72-4bb8-8a40-3a3a343a3b40
  content-length: 2
  expect: 100-continue
Body:
{}

======================================================================
Timestamp: 2026-09-17T04:35:20.761300+00:00
Method: POST
Path: /v2/profiles/sessions
Query: 
Headers:
  user-agent: UbiServices_SDK_HTTP_Client_2.1.5.123179_WIIU
  host: api-ubiservices.ubi.com
  accept: */*
  authorization: wiiu t=VjrvUQAFAAAQF5EAAAABoK2lDWYAAAGgsstpZugwq4b4rA1N7VBPaHlu4GLI9lJlMkFxAb/0zev+ekoz
  content-type: application/json
  ubi-appbuildid: JD2015WIIU_E163180
  ubi-appid: 3133a1ba-bf7b-443b-9e8a-f1d5f3b2ac7b
  content-length: 111
Body:
{"genomeId":"3133a1ba-bf7b-443b-9e8a-f1d5f3b2ac7b","nameOnPlatform":"DragonKing17","idOnPlatform":"1446702929"}

======================================================================
Timestamp: 2026-09-17T04:35:21.212519+00:00
Method: GET
Path: /v1/applications/3133a1ba-bf7b-443b-9e8a-f1d5f3b2ac7b/configuration
Query: 
Headers:
  user-agent: UbiServices_SDK_HTTP_Client_2.1.5.123179_WIIU
  host: api-ubiservices.ubi.com
  accept: */*
  authorization: Ubi_v1 t=d4UTeWQhOPGT+YW1VQJurG68wRdmjKKUdA8hDzLCItA=
  content-type: application/json
  ubi-appbuildid: JD2015WIIU_E163180
  ubi-appid: 3133a1ba-bf7b-443b-9e8a-f1d5f3b2ac7b
  ubi-sessionid: 2feb8aff-2574-4b9e-a4bc-33c28bf3fa3c
Body:
<empty>

======================================================================
Timestamp: 2026-09-17T04:35:21.983748+00:00
Method: GET
Path: /v2/users/d2cd8684-8e13-515d-bafd-f96a14a0bb24
Query: 
Headers:
  user-agent: UbiServices_SDK_HTTP_Client_2.1.5.123179_WIIU
  host: api-ubiservices.ubi.com
  accept: */*
  authorization: Ubi_v1 t=d4UTeWQhOPGT+YW1VQJurG68wRdmjKKUdA8hDzLCItA=
  content-type: application/json
  ubi-appbuildid: JD2015WIIU_E163180
  ubi-appid: 3133a1ba-bf7b-443b-9e8a-f1d5f3b2ac7b
  ubi-sessionid: 2feb8aff-2574-4b9e-a4bc-33c28bf3fa3c
Body:
<empty>

======================================================================
Timestamp: 2026-09-17T04:35:22.139936+00:00
Method: DELETE
Path: /v2/profiles/sessions
Query: 
Headers:
  user-agent: UbiServices_SDK_HTTP_Client_2.1.5.123179_WIIU
  host: api-ubiservices.ubi.com
  accept: */*
  authorization: Ubi_v1 t=d4UTeWQhOPGT+YW1VQJurG68wRdmjKKUdA8hDzLCItA=
  content-type: application/json
  ubi-appbuildid: JD2015WIIU_E163180
  ubi-appid: 3133a1ba-bf7b-443b-9e8a-f1d5f3b2ac7b
  ubi-sessionid: 2feb8aff-2574-4b9e-a4bc-33c28bf3fa3c
  content-length: 2
  expect: 100-continue
Body:
{}

======================================================================
Timestamp: 2026-09-17T04:35:22.426726+00:00
Method: POST
Path: /v2/profiles/sessions
Query: 
Headers:
  user-agent: UbiServices_SDK_HTTP_Client_2.1.5.123179_WIIU
  host: api-ubiservices.ubi.com
  accept: */*
  authorization: wiiu t=VjrvUQAFAAAQF5EAAAABoK2lDWYAAAGgsstpZugwq4b4rA1N7VBPaHlu4GLI9lJlMkFxAb/0zev+ekoz
  content-type: application/json
  ubi-appbuildid: JD2015WIIU_E163180
  ubi-appid: 3133a1ba-bf7b-443b-9e8a-f1d5f3b2ac7b
  content-length: 111
Body:
{"genomeId":"3133a1ba-bf7b-443b-9e8a-f1d5f3b2ac7b","nameOnPlatform":"DragonKing17","idOnPlatform":"1446702929"}

======================================================================
Timestamp: 2026-09-17T04:35:22.891546+00:00
Method: GET
Path: /v1/applications/3133a1ba-bf7b-443b-9e8a-f1d5f3b2ac7b/configuration
Query: 
Headers:
  user-agent: UbiServices_SDK_HTTP_Client_2.1.5.123179_WIIU
  host: api-ubiservices.ubi.com
  accept: */*
  authorization: Ubi_v1 t=4xXihmdi4BtgWTMRYp04/EvmAlOoCEzmjZhnJ2EOXIg=
  content-type: application/json
  ubi-appbuildid: JD2015WIIU_E163180
  ubi-appid: 3133a1ba-bf7b-443b-9e8a-f1d5f3b2ac7b
  ubi-sessionid: ec2460bd-5380-412e-9f35-79fbd6bfc451
Body:
<empty>

======================================================================
Timestamp: 2026-09-17T04:35:22.900956+00:00
Method: GET
Path: /v2/users/d2cd8684-8e13-515d-bafd-f96a14a0bb24
Query: 
Headers:
  user-agent: UbiServices_SDK_HTTP_Client_2.1.5.123179_WIIU
  host: api-ubiservices.ubi.com
  accept: */*
  authorization: Ubi_v1 t=4xXihmdi4BtgWTMRYp04/EvmAlOoCEzmjZhnJ2EOXIg=
  content-type: application/json
  ubi-appbuildid: JD2015WIIU_E163180
  ubi-appid: 3133a1ba-bf7b-443b-9e8a-f1d5f3b2ac7b
  ubi-sessionid: ec2460bd-5380-412e-9f35-79fbd6bfc451
Body:
<empty>

======================================================================
Timestamp: 2026-09-17T04:35:23.306373+00:00
Method: GET
Path: /v2/users/d2cd8684-8e13-515d-bafd-f96a14a0bb24
Query: 
Headers:
  user-agent: UbiServices_SDK_HTTP_Client_2.1.5.123179_WIIU
  host: api-ubiservices.ubi.com
  accept: */*
  authorization: Ubi_v1 t=4xXihmdi4BtgWTMRYp04/EvmAlOoCEzmjZhnJ2EOXIg=
  content-type: application/json
  ubi-appbuildid: JD2015WIIU_E163180
  ubi-appid: 3133a1ba-bf7b-443b-9e8a-f1d5f3b2ac7b
  ubi-sessionid: ec2460bd-5380-412e-9f35-79fbd6bfc451
Body:
<empty>

======================================================================
Timestamp: 2026-09-17T04:35:23.399202+00:00
Method: DELETE
Path: /v2/profiles/sessions
Query: 
Headers:
  user-agent: UbiServices_SDK_HTTP_Client_2.1.5.123179_WIIU
  host: api-ubiservices.ubi.com
  accept: */*
  authorization: Ubi_v1 t=4xXihmdi4BtgWTMRYp04/EvmAlOoCEzmjZhnJ2EOXIg=
  content-type: application/json
  ubi-appbuildid: JD2015WIIU_E163180
  ubi-appid: 3133a1ba-bf7b-443b-9e8a-f1d5f3b2ac7b
  ubi-sessionid: ec2460bd-5380-412e-9f35-79fbd6bfc451
  content-length: 2
  expect: 100-continue
Body:
{}

======================================================================
Timestamp: 2026-09-17T04:35:23.794180+00:00
Method: POST
Path: /v2/profiles/sessions
Query: 
Headers:
  user-agent: UbiServices_SDK_HTTP_Client_2.1.5.123179_WIIU
  host: api-ubiservices.ubi.com
  accept: */*
  authorization: wiiu t=VjrvUQAFAAAQF5EAAAABoK2lDWYAAAGgsstpZugwq4b4rA1N7VBPaHlu4GLI9lJlMkFxAb/0zev+ekoz
  content-type: application/json
  ubi-appbuildid: JD2015WIIU_E163180
  ubi-appid: 3133a1ba-bf7b-443b-9e8a-f1d5f3b2ac7b
  content-length: 111
Body:
{"genomeId":"3133a1ba-bf7b-443b-9e8a-f1d5f3b2ac7b","nameOnPlatform":"DragonKing17","idOnPlatform":"1446702929"}

======================================================================
Timestamp: 2026-09-17T04:35:24.399251+00:00
Method: GET
Path: /v1/applications/3133a1ba-bf7b-443b-9e8a-f1d5f3b2ac7b/configuration
Query: 
Headers:
  user-agent: UbiServices_SDK_HTTP_Client_2.1.5.123179_WIIU
  host: api-ubiservices.ubi.com
  accept: */*
  authorization: Ubi_v1 t=qCIn5K1Hgzw1J6vFqn+5H61lYqoRs737ILmB20ZHJEg=
  content-type: application/json
  ubi-appbuildid: JD2015WIIU_E163180
  ubi-appid: 3133a1ba-bf7b-443b-9e8a-f1d5f3b2ac7b
  ubi-sessionid: 1944df6d-50e9-4ab8-9db7-322eac987b93
Body:
<empty>

======================================================================
Timestamp: 2026-09-17T04:35:24.408365+00:00
Method: GET
Path: /v2/users/d2cd8684-8e13-515d-bafd-f96a14a0bb24
Query: 
Headers:
  user-agent: UbiServices_SDK_HTTP_Client_2.1.5.123179_WIIU
  host: api-ubiservices.ubi.com
  accept: */*
  authorization: Ubi_v1 t=qCIn5K1Hgzw1J6vFqn+5H61lYqoRs737ILmB20ZHJEg=
  content-type: application/json
  ubi-appbuildid: JD2015WIIU_E163180
  ubi-appid: 3133a1ba-bf7b-443b-9e8a-f1d5f3b2ac7b
  ubi-sessionid: 1944df6d-50e9-4ab8-9db7-322eac987b93
Body:
<empty>

======================================================================
Timestamp: 2026-09-17T04:35:24.782450+00:00
Method: GET
Path: /v2/users/d2cd8684-8e13-515d-bafd-f96a14a0bb24
Query: 
Headers:
  user-agent: UbiServices_SDK_HTTP_Client_2.1.5.123179_WIIU
  host: api-ubiservices.ubi.com
  accept: */*
  authorization: Ubi_v1 t=qCIn5K1Hgzw1J6vFqn+5H61lYqoRs737ILmB20ZHJEg=
  content-type: application/json
  ubi-appbuildid: JD2015WIIU_E163180
  ubi-appid: 3133a1ba-bf7b-443b-9e8a-f1d5f3b2ac7b
  ubi-sessionid: 1944df6d-50e9-4ab8-9db7-322eac987b93
Body:
<empty>

======================================================================
Timestamp: 2026-09-17T04:35:24.933634+00:00
Method: DELETE
Path: /v2/profiles/sessions
Query: 
Headers:
  user-agent: UbiServices_SDK_HTTP_Client_2.1.5.123179_WIIU
  host: api-ubiservices.ubi.com
  accept: */*
  authorization: Ubi_v1 t=qCIn5K1Hgzw1J6vFqn+5H61lYqoRs737ILmB20ZHJEg=
  content-type: application/json
  ubi-appbuildid: JD2015WIIU_E163180
  ubi-appid: 3133a1ba-bf7b-443b-9e8a-f1d5f3b2ac7b
  ubi-sessionid: 1944df6d-50e9-4ab8-9db7-322eac987b93
  content-length: 2
  expect: 100-continue
Body:
{}

======================================================================
Timestamp: 2026-09-17T04:35:25.288587+00:00
Method: POST
Path: /v2/profiles/sessions
Query: 
Headers:
  user-agent: UbiServices_SDK_HTTP_Client_2.1.5.123179_WIIU
  host: api-ubiservices.ubi.com
  accept: */*
  authorization: wiiu t=VjrvUQAFAAAQF5EAAAABoK2lDWYAAAGgsstpZugwq4b4rA1N7VBPaHlu4GLI9lJlMkFxAb/0zev+ekoz
  content-type: application/json
  ubi-appbuildid: JD2015WIIU_E163180
  ubi-appid: 3133a1ba-bf7b-443b-9e8a-f1d5f3b2ac7b
  content-length: 111
Body:
{"genomeId":"3133a1ba-bf7b-443b-9e8a-f1d5f3b2ac7b","nameOnPlatform":"DragonKing17","idOnPlatform":"1446702929"}

======================================================================
Timestamp: 2026-09-17T04:35:25.882320+00:00
Method: GET
Path: /v1/applications/3133a1ba-bf7b-443b-9e8a-f1d5f3b2ac7b/configuration
Query: 
Headers:
  user-agent: UbiServices_SDK_HTTP_Client_2.1.5.123179_WIIU
  host: api-ubiservices.ubi.com
  accept: */*
  authorization: Ubi_v1 t=prdz7Jyp9cOFJXpcVFuK3PhSY2InayrDzuE70rrMxZM=
  content-type: application/json
  ubi-appbuildid: JD2015WIIU_E163180
  ubi-appid: 3133a1ba-bf7b-443b-9e8a-f1d5f3b2ac7b
  ubi-sessionid: c2095d7e-4ba0-4763-a573-1b452b577da3
Body:
<empty>

======================================================================
Timestamp: 2026-09-17T04:35:25.895396+00:00
Method: GET
Path: /v2/users/d2cd8684-8e13-515d-bafd-f96a14a0bb24
Query: 
Headers:
  user-agent: UbiServices_SDK_HTTP_Client_2.1.5.123179_WIIU
  host: api-ubiservices.ubi.com
  accept: */*
  authorization: Ubi_v1 t=prdz7Jyp9cOFJXpcVFuK3PhSY2InayrDzuE70rrMxZM=
  content-type: application/json
  ubi-appbuildid: JD2015WIIU_E163180
  ubi-appid: 3133a1ba-bf7b-443b-9e8a-f1d5f3b2ac7b
  ubi-sessionid: c2095d7e-4ba0-4763-a573-1b452b577da3
Body:
<empty>

======================================================================
Timestamp: 2026-09-17T04:35:26.396850+00:00
Method: GET
Path: /v2/users/d2cd8684-8e13-515d-bafd-f96a14a0bb24
Query: 
Headers:
  user-agent: UbiServices_SDK_HTTP_Client_2.1.5.123179_WIIU
  host: api-ubiservices.ubi.com
  accept: */*
  authorization: Ubi_v1 t=prdz7Jyp9cOFJXpcVFuK3PhSY2InayrDzuE70rrMxZM=
  content-type: application/json
  ubi-appbuildid: JD2015WIIU_E163180
  ubi-appid: 3133a1ba-bf7b-443b-9e8a-f1d5f3b2ac7b
  ubi-sessionid: c2095d7e-4ba0-4763-a573-1b452b577da3
Body:
<empty>

======================================================================
Timestamp: 2026-09-17T04:35:26.471286+00:00
Method: DELETE
Path: /v2/profiles/sessions
Query: 
Headers:
  user-agent: UbiServices_SDK_HTTP_Client_2.1.5.123179_WIIU
  host: api-ubiservices.ubi.com
  accept: */*
  authorization: Ubi_v1 t=prdz7Jyp9cOFJXpcVFuK3PhSY2InayrDzuE70rrMxZM=
  content-type: application/json
  ubi-appbuildid: JD2015WIIU_E163180
  ubi-appid: 3133a1ba-bf7b-443b-9e8a-f1d5f3b2ac7b
  ubi-sessionid: c2095d7e-4ba0-4763-a573-1b452b577da3
  content-length: 2
  expect: 100-continue
Body:
{}

======================================================================
Timestamp: 2026-09-17T04:35:35.927966+00:00
Method: POST
Path: /v2/profiles/sessions
Query: 
Headers:
  user-agent: UbiServices_SDK_HTTP_Client_2.1.5.123179_WIIU
  host: api-ubiservices.ubi.com
  accept: */*
  authorization: wiiu t=VjrvUQAFAAAQF5EAAAABoK2lDWYAAAGgsstpZugwq4b4rA1N7VBPaHlu4GLI9lJlMkFxAb/0zev+ekoz
  content-type: application/json
  ubi-appbuildid: JD2015WIIU_E163180
  ubi-appid: 3133a1ba-bf7b-443b-9e8a-f1d5f3b2ac7b
  content-length: 111
Body:
{"genomeId":"3133a1ba-bf7b-443b-9e8a-f1d5f3b2ac7b","nameOnPlatform":"DragonKing17","idOnPlatform":"1446702929"}

======================================================================
Timestamp: 2026-09-17T04:35:36.490983+00:00
Method: GET
Path: /v1/applications/3133a1ba-bf7b-443b-9e8a-f1d5f3b2ac7b/configuration
Query: 
Headers:
  user-agent: UbiServices_SDK_HTTP_Client_2.1.5.123179_WIIU
  host: api-ubiservices.ubi.com
  accept: */*
  authorization: Ubi_v1 t=20uwtBJK8MBNIQwYtcrB1SYkjkJqmq0iiRdhZsssles=
  content-type: application/json
  ubi-appbuildid: JD2015WIIU_E163180
  ubi-appid: 3133a1ba-bf7b-443b-9e8a-f1d5f3b2ac7b
  ubi-sessionid: c6cbc2c8-c0a2-4f72-9fa2-3b93b0b01bf1
Body:
<empty>

======================================================================
Timestamp: 2026-09-17T04:35:37.020370+00:00
Method: GET
Path: /v2/users/d2cd8684-8e13-515d-bafd-f96a14a0bb24
Query: 
Headers:
  user-agent: UbiServices_SDK_HTTP_Client_2.1.5.123179_WIIU
  host: api-ubiservices.ubi.com
  accept: */*
  authorization: Ubi_v1 t=20uwtBJK8MBNIQwYtcrB1SYkjkJqmq0iiRdhZsssles=
  content-type: application/json
  ubi-appbuildid: JD2015WIIU_E163180
  ubi-appid: 3133a1ba-bf7b-443b-9e8a-f1d5f3b2ac7b
  ubi-sessionid: c6cbc2c8-c0a2-4f72-9fa2-3b93b0b01bf1
Body:
<empty>

======================================================================
Timestamp: 2026-09-17T04:35:37.232883+00:00
Method: DELETE
Path: /v2/profiles/sessions
Query: 
Headers:
  user-agent: UbiServices_SDK_HTTP_Client_2.1.5.123179_WIIU
  host: api-ubiservices.ubi.com
  accept: */*
  authorization: Ubi_v1 t=20uwtBJK8MBNIQwYtcrB1SYkjkJqmq0iiRdhZsssles=
  content-type: application/json
  ubi-appbuildid: JD2015WIIU_E163180
  ubi-appid: 3133a1ba-bf7b-443b-9e8a-f1d5f3b2ac7b
  ubi-sessionid: c6cbc2c8-c0a2-4f72-9fa2-3b93b0b01bf1
  content-length: 2
  expect: 100-continue
Body:
{}

======================================================================
Timestamp: 2026-09-17T04:42:23.837644+00:00
Method: POST
Path: /v2/profiles/sessions
Query: 
Headers:
  user-agent: UbiServices_SDK_HTTP_Client_2.1.5.123179_WIIU
  host: api-ubiservices.ubi.com
  accept: */*
  authorization: wiiu t=VjrvUQAFAAAQF5EAAAABoK2rf7MAAAGgstHbs9f28C1XNsAGcHa4lRjKoCePjLVCbhjAcgnaICN5vrJN
  content-type: application/json
  ubi-appbuildid: JD2015WIIU_E163180
  ubi-appid: 3133a1ba-bf7b-443b-9e8a-f1d5f3b2ac7b
  content-length: 111
Body:
{"genomeId":"3133a1ba-bf7b-443b-9e8a-f1d5f3b2ac7b","nameOnPlatform":"DragonKing17","idOnPlatform":"1446702929"}

======================================================================
Timestamp: 2026-09-17T04:42:24.548884+00:00
Method: GET
Path: /v1/applications/3133a1ba-bf7b-443b-9e8a-f1d5f3b2ac7b/configuration
Query: 
Headers:
  user-agent: UbiServices_SDK_HTTP_Client_2.1.5.123179_WIIU
  host: api-ubiservices.ubi.com
  accept: */*
  authorization: Ubi_v1 t=cPzn/UV6kML1R8uFR+WOWAVo0P6XC9fHz2QDzbKNTZA=
  content-type: application/json
  ubi-appbuildid: JD2015WIIU_E163180
  ubi-appid: 3133a1ba-bf7b-443b-9e8a-f1d5f3b2ac7b
  ubi-sessionid: b4250e7f-8214-40fe-a7cd-264912190966
Body:
<empty>

======================================================================
Timestamp: 2026-09-17T04:42:25.328902+00:00
Method: GET
Path: /v2/users/d2cd8684-8e13-515d-bafd-f96a14a0bb24
Query: 
Headers:
  user-agent: UbiServices_SDK_HTTP_Client_2.1.5.123179_WIIU
  host: api-ubiservices.ubi.com
  accept: */*
  authorization: Ubi_v1 t=cPzn/UV6kML1R8uFR+WOWAVo0P6XC9fHz2QDzbKNTZA=
  content-type: application/json
  ubi-appbuildid: JD2015WIIU_E163180
  ubi-appid: 3133a1ba-bf7b-443b-9e8a-f1d5f3b2ac7b
  ubi-sessionid: b4250e7f-8214-40fe-a7cd-264912190966
Body:
<empty>

======================================================================
Timestamp: 2026-09-17T04:42:25.575400+00:00
Method: DELETE
Path: /v2/profiles/sessions
Query: 
Headers:
  user-agent: UbiServices_SDK_HTTP_Client_2.1.5.123179_WIIU
  host: api-ubiservices.ubi.com
  accept: */*
  authorization: Ubi_v1 t=cPzn/UV6kML1R8uFR+WOWAVo0P6XC9fHz2QDzbKNTZA=
  content-type: application/json
  ubi-appbuildid: JD2015WIIU_E163180
  ubi-appid: 3133a1ba-bf7b-443b-9e8a-f1d5f3b2ac7b
  ubi-sessionid: b4250e7f-8214-40fe-a7cd-264912190966
  content-length: 2
  expect: 100-continue
Body:
{}

======================================================================
Timestamp: 2026-09-17T04:42:25.881042+00:00
Method: POST
Path: /v2/profiles/sessions
Query: 
Headers:
  user-agent: UbiServices_SDK_HTTP_Client_2.1.5.123179_WIIU
  host: api-ubiservices.ubi.com
  accept: */*
  authorization: wiiu t=VjrvUQAFAAAQF5EAAAABoK2rf7MAAAGgstHbs9f28C1XNsAGcHa4lRjKoCePjLVCbhjAcgnaICN5vrJN
  content-type: application/json
  ubi-appbuildid: JD2015WIIU_E163180
  ubi-appid: 3133a1ba-bf7b-443b-9e8a-f1d5f3b2ac7b
  content-length: 111
Body:
{"genomeId":"3133a1ba-bf7b-443b-9e8a-f1d5f3b2ac7b","nameOnPlatform":"DragonKing17","idOnPlatform":"1446702929"}

======================================================================
Timestamp: 2026-09-17T04:42:26.421230+00:00
Method: GET
Path: /v1/applications/3133a1ba-bf7b-443b-9e8a-f1d5f3b2ac7b/configuration
Query: 
Headers:
  user-agent: UbiServices_SDK_HTTP_Client_2.1.5.123179_WIIU
  host: api-ubiservices.ubi.com
  accept: */*
  authorization: Ubi_v1 t=NW6iWFP2m8EIu7IZBuJ3G/f4oA7eWHYZd6UiROcMTUg=
  content-type: application/json
  ubi-appbuildid: JD2015WIIU_E163180
  ubi-appid: 3133a1ba-bf7b-443b-9e8a-f1d5f3b2ac7b
  ubi-sessionid: 55d506c8-0ffd-463d-83d9-e248a459f675
Body:
<empty>

======================================================================
Timestamp: 2026-09-17T04:42:26.433118+00:00
Method: GET
Path: /v2/users/d2cd8684-8e13-515d-bafd-f96a14a0bb24
Query: 
Headers:
  user-agent: UbiServices_SDK_HTTP_Client_2.1.5.123179_WIIU
  host: api-ubiservices.ubi.com
  accept: */*
  authorization: Ubi_v1 t=NW6iWFP2m8EIu7IZBuJ3G/f4oA7eWHYZd6UiROcMTUg=
  content-type: application/json
  ubi-appbuildid: JD2015WIIU_E163180
  ubi-appid: 3133a1ba-bf7b-443b-9e8a-f1d5f3b2ac7b
  ubi-sessionid: 55d506c8-0ffd-463d-83d9-e248a459f675
Body:
<empty>

======================================================================
Timestamp: 2026-09-17T04:42:26.835034+00:00
Method: GET
Path: /v2/users/d2cd8684-8e13-515d-bafd-f96a14a0bb24
Query: 
Headers:
  user-agent: UbiServices_SDK_HTTP_Client_2.1.5.123179_WIIU
  host: api-ubiservices.ubi.com
  accept: */*
  authorization: Ubi_v1 t=NW6iWFP2m8EIu7IZBuJ3G/f4oA7eWHYZd6UiROcMTUg=
  content-type: application/json
  ubi-appbuildid: JD2015WIIU_E163180
  ubi-appid: 3133a1ba-bf7b-443b-9e8a-f1d5f3b2ac7b
  ubi-sessionid: 55d506c8-0ffd-463d-83d9-e248a459f675
Body:
<empty>

======================================================================
Timestamp: 2026-09-17T04:42:26.913005+00:00
Method: DELETE
Path: /v2/profiles/sessions
Query: 
Headers:
  user-agent: UbiServices_SDK_HTTP_Client_2.1.5.123179_WIIU
  host: api-ubiservices.ubi.com
  accept: */*
  authorization: Ubi_v1 t=NW6iWFP2m8EIu7IZBuJ3G/f4oA7eWHYZd6UiROcMTUg=
  content-type: application/json
  ubi-appbuildid: JD2015WIIU_E163180
  ubi-appid: 3133a1ba-bf7b-443b-9e8a-f1d5f3b2ac7b
  ubi-sessionid: 55d506c8-0ffd-463d-83d9-e248a459f675
  content-length: 2
  expect: 100-continue
Body:
{}

======================================================================
Timestamp: 2026-09-17T04:42:27.320417+00:00
Method: POST
Path: /v2/profiles/sessions
Query: 
Headers:
  user-agent: UbiServices_SDK_HTTP_Client_2.1.5.123179_WIIU
  host: api-ubiservices.ubi.com
  accept: */*
  authorization: wiiu t=VjrvUQAFAAAQF5EAAAABoK2rf7MAAAGgstHbs9f28C1XNsAGcHa4lRjKoCePjLVCbhjAcgnaICN5vrJN
  content-type: application/json
  ubi-appbuildid: JD2015WIIU_E163180
  ubi-appid: 3133a1ba-bf7b-443b-9e8a-f1d5f3b2ac7b
  content-length: 111
Body:
{"genomeId":"3133a1ba-bf7b-443b-9e8a-f1d5f3b2ac7b","nameOnPlatform":"DragonKing17","idOnPlatform":"1446702929"}

======================================================================
Timestamp: 2026-09-17T04:42:27.828194+00:00
Method: GET
Path: /v1/applications/3133a1ba-bf7b-443b-9e8a-f1d5f3b2ac7b/configuration
Query: 
Headers:
  user-agent: UbiServices_SDK_HTTP_Client_2.1.5.123179_WIIU
  host: api-ubiservices.ubi.com
  accept: */*
  authorization: Ubi_v1 t=fZdxdMGrzirrnYBqE/LHfrpCbtQGqXRmtOh0z9w8+F0=
  content-type: application/json
  ubi-appbuildid: JD2015WIIU_E163180
  ubi-appid: 3133a1ba-bf7b-443b-9e8a-f1d5f3b2ac7b
  ubi-sessionid: e6b02e4a-94ca-40b7-8d73-1b713e730490
Body:
<empty>

======================================================================
Timestamp: 2026-09-17T04:42:27.837202+00:00
Method: GET
Path: /v2/users/d2cd8684-8e13-515d-bafd-f96a14a0bb24
Query: 
Headers:
  user-agent: UbiServices_SDK_HTTP_Client_2.1.5.123179_WIIU
  host: api-ubiservices.ubi.com
  accept: */*
  authorization: Ubi_v1 t=fZdxdMGrzirrnYBqE/LHfrpCbtQGqXRmtOh0z9w8+F0=
  content-type: application/json
  ubi-appbuildid: JD2015WIIU_E163180
  ubi-appid: 3133a1ba-bf7b-443b-9e8a-f1d5f3b2ac7b
  ubi-sessionid: e6b02e4a-94ca-40b7-8d73-1b713e730490
Body:
<empty>

======================================================================
Timestamp: 2026-09-17T04:42:28.234124+00:00
Method: GET
Path: /v2/users/d2cd8684-8e13-515d-bafd-f96a14a0bb24
Query: 
Headers:
  user-agent: UbiServices_SDK_HTTP_Client_2.1.5.123179_WIIU
  host: api-ubiservices.ubi.com
  accept: */*
  authorization: Ubi_v1 t=fZdxdMGrzirrnYBqE/LHfrpCbtQGqXRmtOh0z9w8+F0=
  content-type: application/json
  ubi-appbuildid: JD2015WIIU_E163180
  ubi-appid: 3133a1ba-bf7b-443b-9e8a-f1d5f3b2ac7b
  ubi-sessionid: e6b02e4a-94ca-40b7-8d73-1b713e730490
Body:
<empty>

======================================================================
Timestamp: 2026-09-17T04:42:28.328710+00:00
Method: DELETE
Path: /v2/profiles/sessions
Query: 
Headers:
  user-agent: UbiServices_SDK_HTTP_Client_2.1.5.123179_WIIU
  host: api-ubiservices.ubi.com
  accept: */*
  authorization: Ubi_v1 t=fZdxdMGrzirrnYBqE/LHfrpCbtQGqXRmtOh0z9w8+F0=
  content-type: application/json
  ubi-appbuildid: JD2015WIIU_E163180
  ubi-appid: 3133a1ba-bf7b-443b-9e8a-f1d5f3b2ac7b
  ubi-sessionid: e6b02e4a-94ca-40b7-8d73-1b713e730490
  content-length: 2
  expect: 100-continue
Body:
{}

======================================================================
Timestamp: 2026-09-17T04:42:28.717662+00:00
Method: POST
Path: /v2/profiles/sessions
Query: 
Headers:
  user-agent: UbiServices_SDK_HTTP_Client_2.1.5.123179_WIIU
  host: api-ubiservices.ubi.com
  accept: */*
  authorization: wiiu t=VjrvUQAFAAAQF5EAAAABoK2rf7MAAAGgstHbs9f28C1XNsAGcHa4lRjKoCePjLVCbhjAcgnaICN5vrJN
  content-type: application/json
  ubi-appbuildid: JD2015WIIU_E163180
  ubi-appid: 3133a1ba-bf7b-443b-9e8a-f1d5f3b2ac7b
  content-length: 111
Body:
{"genomeId":"3133a1ba-bf7b-443b-9e8a-f1d5f3b2ac7b","nameOnPlatform":"DragonKing17","idOnPlatform":"1446702929"}

======================================================================
Timestamp: 2026-09-17T04:42:29.329480+00:00
Method: GET
Path: /v1/applications/3133a1ba-bf7b-443b-9e8a-f1d5f3b2ac7b/configuration
Query: 
Headers:
  user-agent: UbiServices_SDK_HTTP_Client_2.1.5.123179_WIIU
  host: api-ubiservices.ubi.com
  accept: */*
  authorization: Ubi_v1 t=ycSqgo+41P2b2vFJrB3KnnEnkOB5o7RFk7UMslTKKIQ=
  content-type: application/json
  ubi-appbuildid: JD2015WIIU_E163180
  ubi-appid: 3133a1ba-bf7b-443b-9e8a-f1d5f3b2ac7b
  ubi-sessionid: 53c86621-44f2-418f-81b0-18bafe29bc75
Body:
<empty>

======================================================================
Timestamp: 2026-09-17T04:42:29.333219+00:00
Method: GET
Path: /v2/users/d2cd8684-8e13-515d-bafd-f96a14a0bb24
Query: 
Headers:
  user-agent: UbiServices_SDK_HTTP_Client_2.1.5.123179_WIIU
  host: api-ubiservices.ubi.com
  accept: */*
  authorization: Ubi_v1 t=ycSqgo+41P2b2vFJrB3KnnEnkOB5o7RFk7UMslTKKIQ=
  content-type: application/json
  ubi-appbuildid: JD2015WIIU_E163180
  ubi-appid: 3133a1ba-bf7b-443b-9e8a-f1d5f3b2ac7b
  ubi-sessionid: 53c86621-44f2-418f-81b0-18bafe29bc75
Body:
<empty>

======================================================================
Timestamp: 2026-09-17T04:42:29.544179+00:00
Method: DELETE
Path: /v2/profiles/sessions
Query: 
Headers:
  user-agent: UbiServices_SDK_HTTP_Client_2.1.5.123179_WIIU
  host: api-ubiservices.ubi.com
  accept: */*
  authorization: Ubi_v1 t=ycSqgo+41P2b2vFJrB3KnnEnkOB5o7RFk7UMslTKKIQ=
  content-type: application/json
  ubi-appbuildid: JD2015WIIU_E163180
  ubi-appid: 3133a1ba-bf7b-443b-9e8a-f1d5f3b2ac7b
  ubi-sessionid: 53c86621-44f2-418f-81b0-18bafe29bc75
  content-length: 2
  expect: 100-continue
Body:
{}

======================================================================
Timestamp: 2026-09-17T04:42:37.309785+00:00
Method: POST
Path: /v2/profiles/sessions
Query: 
Headers:
  user-agent: UbiServices_SDK_HTTP_Client_2.1.5.123179_WIIU
  host: api-ubiservices.ubi.com
  accept: */*
  authorization: wiiu t=VjrvUQAFAAAQF5EAAAABoK2rf7MAAAGgstHbs9f28C1XNsAGcHa4lRjKoCePjLVCbhjAcgnaICN5vrJN
  content-type: application/json
  ubi-appbuildid: JD2015WIIU_E163180
  ubi-appid: 3133a1ba-bf7b-443b-9e8a-f1d5f3b2ac7b
  content-length: 111
Body:
{"genomeId":"3133a1ba-bf7b-443b-9e8a-f1d5f3b2ac7b","nameOnPlatform":"DragonKing17","idOnPlatform":"1446702929"}

======================================================================
Timestamp: 2026-09-17T04:42:37.951039+00:00
Method: GET
Path: /v1/applications/3133a1ba-bf7b-443b-9e8a-f1d5f3b2ac7b/configuration
Query: 
Headers:
  user-agent: UbiServices_SDK_HTTP_Client_2.1.5.123179_WIIU
  host: api-ubiservices.ubi.com
  accept: */*
  authorization: Ubi_v1 t=t8TIV9tHQYloeYHfoAazLYFDVQpoEkMJHMJQM/lrG8w=
  content-type: application/json
  ubi-appbuildid: JD2015WIIU_E163180
  ubi-appid: 3133a1ba-bf7b-443b-9e8a-f1d5f3b2ac7b
  ubi-sessionid: 1e068c1e-4079-4841-af2d-83558f2892fc
Body:
<empty>

======================================================================
Timestamp: 2026-09-17T04:42:38.420069+00:00
Method: GET
Path: /v2/users/d2cd8684-8e13-515d-bafd-f96a14a0bb24
Query: 
Headers:
  user-agent: UbiServices_SDK_HTTP_Client_2.1.5.123179_WIIU
  host: api-ubiservices.ubi.com
  accept: */*
  authorization: Ubi_v1 t=t8TIV9tHQYloeYHfoAazLYFDVQpoEkMJHMJQM/lrG8w=
  content-type: application/json
  ubi-appbuildid: JD2015WIIU_E163180
  ubi-appid: 3133a1ba-bf7b-443b-9e8a-f1d5f3b2ac7b
  ubi-sessionid: 1e068c1e-4079-4841-af2d-83558f2892fc
Body:
<empty>

======================================================================
Timestamp: 2026-09-17T04:42:38.587337+00:00
Method: DELETE
Path: /v2/profiles/sessions
Query: 
Headers:
  user-agent: UbiServices_SDK_HTTP_Client_2.1.5.123179_WIIU
  host: api-ubiservices.ubi.com
  accept: */*
  authorization: Ubi_v1 t=t8TIV9tHQYloeYHfoAazLYFDVQpoEkMJHMJQM/lrG8w=
  content-type: application/json
  ubi-appbuildid: JD2015WIIU_E163180
  ubi-appid: 3133a1ba-bf7b-443b-9e8a-f1d5f3b2ac7b
  ubi-sessionid: 1e068c1e-4079-4841-af2d-83558f2892fc
  content-length: 2
  expect: 100-continue
Body:
{}

======================================================================
Timestamp: 2026-09-17T04:42:43.202032+00:00
Method: POST
Path: /v2/profiles/sessions
Query: 
Headers:
  user-agent: UbiServices_SDK_HTTP_Client_2.1.5.123179_WIIU
  host: api-ubiservices.ubi.com
  accept: */*
  authorization: wiiu t=VjrvUQAFAAAQF5EAAAABoK2rf7MAAAGgstHbs9f28C1XNsAGcHa4lRjKoCePjLVCbhjAcgnaICN5vrJN
  content-type: application/json
  ubi-appbuildid: JD2015WIIU_E163180
  ubi-appid: 3133a1ba-bf7b-443b-9e8a-f1d5f3b2ac7b
  content-length: 111
Body:
{"genomeId":"3133a1ba-bf7b-443b-9e8a-f1d5f3b2ac7b","nameOnPlatform":"DragonKing17","idOnPlatform":"1446702929"}

======================================================================
Timestamp: 2026-09-17T04:42:43.705269+00:00
Method: GET
Path: /v1/applications/3133a1ba-bf7b-443b-9e8a-f1d5f3b2ac7b/configuration
Query: 
Headers:
  user-agent: UbiServices_SDK_HTTP_Client_2.1.5.123179_WIIU
  host: api-ubiservices.ubi.com
  accept: */*
  authorization: Ubi_v1 t=3gu5GPeFtC/QJT72Ez5au6ENeyoSYV2HEsp3TzsTtck=
  content-type: application/json
  ubi-appbuildid: JD2015WIIU_E163180
  ubi-appid: 3133a1ba-bf7b-443b-9e8a-f1d5f3b2ac7b
  ubi-sessionid: 331bc099-7f19-4826-8eed-0f6fcf9e0a5d
Body:
<empty>

======================================================================
Timestamp: 2026-09-17T04:42:44.201677+00:00
Method: GET
Path: /v2/users/d2cd8684-8e13-515d-bafd-f96a14a0bb24
Query: 
Headers:
  user-agent: UbiServices_SDK_HTTP_Client_2.1.5.123179_WIIU
  host: api-ubiservices.ubi.com
  accept: */*
  authorization: Ubi_v1 t=3gu5GPeFtC/QJT72Ez5au6ENeyoSYV2HEsp3TzsTtck=
  content-type: application/json
  ubi-appbuildid: JD2015WIIU_E163180
  ubi-appid: 3133a1ba-bf7b-443b-9e8a-f1d5f3b2ac7b
  ubi-sessionid: 331bc099-7f19-4826-8eed-0f6fcf9e0a5d
Body:
<empty>

======================================================================
Timestamp: 2026-09-17T04:42:44.337252+00:00
Method: DELETE
Path: /v2/profiles/sessions
Query: 
Headers:
  user-agent: UbiServices_SDK_HTTP_Client_2.1.5.123179_WIIU
  host: api-ubiservices.ubi.com
  accept: */*
  authorization: Ubi_v1 t=3gu5GPeFtC/QJT72Ez5au6ENeyoSYV2HEsp3TzsTtck=
  content-type: application/json
  ubi-appbuildid: JD2015WIIU_E163180
  ubi-appid: 3133a1ba-bf7b-443b-9e8a-f1d5f3b2ac7b
  ubi-sessionid: 331bc099-7f19-4826-8eed-0f6fcf9e0a5d
  content-length: 2
  expect: 100-continue
Body:
{}
